Gender,Age,Occupation,Population
Male,18.0,MGR-Chief Executives And Legislators,0.0
Male,19.0,MGR-Chief Executives And Legislators,0.0
Male,20.0,MGR-Chief Executives And Legislators,0.0
Male,21.0,MGR-Chief Executives And Legislators,0.0
Male,22.0,MGR-Chief Executives And Legislators,0.0
Male,23.0,MGR-Chief Executives And Legislators,0.0
Male,24.0,MGR-Chief Executives And Legislators,0.0
Male,25.0,MGR-Chief Executives And Legislators,0.0
Male,26.0,MGR-Chief Executives And Legislators,0.0
Male,27.0,MGR-Chief Executives And Legislators,0.0
Male,28.0,MGR-Chief Executives And Legislators,0.0
Male,29.0,MGR-Chief Executives And Legislators,0.0
Male,30.0,MGR-Chief Executives And Legislators,0.0
Female,18.0,MGR-Chief Executives And Legislators,0.0
Female,19.0,MGR-Chief Executives And Legislators,0.0
Female,20.0,MGR-Chief Executives And Legislators,0.0
Female,21.0,MGR-Chief Executives And Legislators,0.0
Female,22.0,MGR-Chief Executives And Legislators,0.0
Female,23.0,MGR-Chief Executives And Legislators,0.0
Female,24.0,MGR-Chief Executives And Legislators,0.0
Female,25.0,MGR-Chief Executives And Legislators,0.0
Female,26.0,MGR-Chief Executives And Legislators,0.0
Female,27.0,MGR-Chief Executives And Legislators,126.0
Female,28.0,MGR-Chief Executives And Legislators,0.0
Female,29.0,MGR-Chief Executives And Legislators,0.0
Female,30.0,MGR-Chief Executives And Legislators,204.0
Male,18.0,MGR-General And Operations Managers,0.0
Male,19.0,MGR-General And Operations Managers,0.0
Male,20.0,MGR-General And Operations Managers,0.0
Male,21.0,MGR-General And Operations Managers,0.0
Male,22.0,MGR-General And Operations Managers,0.0
Male,23.0,MGR-General And Operations Managers,15.0
Male,24.0,MGR-General And Operations Managers,0.0
Male,25.0,MGR-General And Operations Managers,0.0
Male,26.0,MGR-General And Operations Managers,0.0
Male,27.0,MGR-General And Operations Managers,86.0
Male,28.0,MGR-General And Operations Managers,300.0
Male,29.0,MGR-General And Operations Managers,71.0
Male,30.0,MGR-General And Operations Managers,304.0
Female,18.0,MGR-General And Operations Managers,0.0
Female,19.0,MGR-General And Operations Managers,0.0
Female,20.0,MGR-General And Operations Managers,0.0
Female,21.0,MGR-General And Operations Managers,0.0
Female,22.0,MGR-General And Operations Managers,0.0
Female,23.0,MGR-General And Operations Managers,0.0
Female,24.0,MGR-General And Operations Managers,0.0
Female,25.0,MGR-General And Operations Managers,154.0
Female,26.0,MGR-General And Operations Managers,0.0
Female,27.0,MGR-General And Operations Managers,56.0
Female,28.0,MGR-General And Operations Managers,65.0
Female,29.0,MGR-General And Operations Managers,0.0
Female,30.0,MGR-General And Operations Managers,35.0
Male,18.0,MGR-Advertising And Promotions Managers,0.0
Male,19.0,MGR-Advertising And Promotions Managers,0.0
Male,20.0,MGR-Advertising And Promotions Managers,0.0
Male,21.0,MGR-Advertising And Promotions Managers,0.0
Male,22.0,MGR-Advertising And Promotions Managers,0.0
Male,23.0,MGR-Advertising And Promotions Managers,0.0
Male,24.0,MGR-Advertising And Promotions Managers,0.0
Male,25.0,MGR-Advertising And Promotions Managers,0.0
Male,26.0,MGR-Advertising And Promotions Managers,0.0
Male,27.0,MGR-Advertising And Promotions Managers,0.0
Male,28.0,MGR-Advertising And Promotions Managers,0.0
Male,29.0,MGR-Advertising And Promotions Managers,0.0
Male,30.0,MGR-Advertising And Promotions Managers,0.0
Female,18.0,MGR-Advertising And Promotions Managers,0.0
Female,19.0,MGR-Advertising And Promotions Managers,0.0
Female,20.0,MGR-Advertising And Promotions Managers,0.0
Female,21.0,MGR-Advertising And Promotions Managers,0.0
Female,22.0,MGR-Advertising And Promotions Managers,0.0
Female,23.0,MGR-Advertising And Promotions Managers,0.0
Female,24.0,MGR-Advertising And Promotions Managers,0.0
Female,25.0,MGR-Advertising And Promotions Managers,0.0
Female,26.0,MGR-Advertising And Promotions Managers,304.0
Female,27.0,MGR-Advertising And Promotions Managers,0.0
Female,28.0,MGR-Advertising And Promotions Managers,81.0
Female,29.0,MGR-Advertising And Promotions Managers,0.0
Female,30.0,MGR-Advertising And Promotions Managers,0.0
Male,18.0,MGR-Marketing Managers,0.0
Male,19.0,MGR-Marketing Managers,0.0
Male,20.0,MGR-Marketing Managers,0.0
Male,21.0,MGR-Marketing Managers,0.0
Male,22.0,MGR-Marketing Managers,0.0
Male,23.0,MGR-Marketing Managers,0.0
Male,24.0,MGR-Marketing Managers,0.0
Male,25.0,MGR-Marketing Managers,144.0
Male,26.0,MGR-Marketing Managers,0.0
Male,27.0,MGR-Marketing Managers,0.0
Male,28.0,MGR-Marketing Managers,0.0
Male,29.0,MGR-Marketing Managers,0.0
Male,30.0,MGR-Marketing Managers,0.0
Female,18.0,MGR-Marketing Managers,0.0
Female,19.0,MGR-Marketing Managers,0.0
Female,20.0,MGR-Marketing Managers,0.0
Female,21.0,MGR-Marketing Managers,0.0
Female,22.0,MGR-Marketing Managers,0.0
Female,23.0,MGR-Marketing Managers,79.0
Female,24.0,MGR-Marketing Managers,231.0
Female,25.0,MGR-Marketing Managers,153.0
Female,26.0,MGR-Marketing Managers,479.0
Female,27.0,MGR-Marketing Managers,222.0
Female,28.0,MGR-Marketing Managers,0.0
Female,29.0,MGR-Marketing Managers,107.0
Female,30.0,MGR-Marketing Managers,72.0
Male,18.0,MGR-Sales Managers,0.0
Male,19.0,MGR-Sales Managers,0.0
Male,20.0,MGR-Sales Managers,0.0
Male,21.0,MGR-Sales Managers,0.0
Male,22.0,MGR-Sales Managers,0.0
Male,23.0,MGR-Sales Managers,0.0
Male,24.0,MGR-Sales Managers,101.0
Male,25.0,MGR-Sales Managers,0.0
Male,26.0,MGR-Sales Managers,0.0
Male,27.0,MGR-Sales Managers,28.0
Male,28.0,MGR-Sales Managers,51.0
Male,29.0,MGR-Sales Managers,0.0
Male,30.0,MGR-Sales Managers,0.0
Female,18.0,MGR-Sales Managers,0.0
Female,19.0,MGR-Sales Managers,0.0
Female,20.0,MGR-Sales Managers,0.0
Female,21.0,MGR-Sales Managers,0.0
Female,22.0,MGR-Sales Managers,0.0
Female,23.0,MGR-Sales Managers,0.0
Female,24.0,MGR-Sales Managers,0.0
Female,25.0,MGR-Sales Managers,0.0
Female,26.0,MGR-Sales Managers,0.0
Female,27.0,MGR-Sales Managers,40.0
Female,28.0,MGR-Sales Managers,0.0
Female,29.0,MGR-Sales Managers,463.0
Female,30.0,MGR-Sales Managers,0.0
Male,18.0,MGR-Public Relations And Fundraising Managers,0.0
Male,19.0,MGR-Public Relations And Fundraising Managers,0.0
Male,20.0,MGR-Public Relations And Fundraising Managers,0.0
Male,21.0,MGR-Public Relations And Fundraising Managers,0.0
Male,22.0,MGR-Public Relations And Fundraising Managers,32.0
Male,23.0,MGR-Public Relations And Fundraising Managers,0.0
Male,24.0,MGR-Public Relations And Fundraising Managers,0.0
Male,25.0,MGR-Public Relations And Fundraising Managers,0.0
Male,26.0,MGR-Public Relations And Fundraising Managers,0.0
Male,27.0,MGR-Public Relations And Fundraising Managers,0.0
Male,28.0,MGR-Public Relations And Fundraising Managers,0.0
Male,29.0,MGR-Public Relations And Fundraising Managers,0.0
Male,30.0,MGR-Public Relations And Fundraising Managers,0.0
Female,18.0,MGR-Public Relations And Fundraising Managers,0.0
Female,19.0,MGR-Public Relations And Fundraising Managers,0.0
Female,20.0,MGR-Public Relations And Fundraising Managers,0.0
Female,21.0,MGR-Public Relations And Fundraising Managers,0.0
Female,22.0,MGR-Public Relations And Fundraising Managers,0.0
Female,23.0,MGR-Public Relations And Fundraising Managers,0.0
Female,24.0,MGR-Public Relations And Fundraising Managers,0.0
Female,25.0,MGR-Public Relations And Fundraising Managers,0.0
Female,26.0,MGR-Public Relations And Fundraising Managers,0.0
Female,27.0,MGR-Public Relations And Fundraising Managers,0.0
Female,28.0,MGR-Public Relations And Fundraising Managers,0.0
Female,29.0,MGR-Public Relations And Fundraising Managers,0.0
Female,30.0,MGR-Public Relations And Fundraising Managers,0.0
Male,18.0,MGR-Administrative Services Managers,0.0
Male,19.0,MGR-Administrative Services Managers,0.0
Male,20.0,MGR-Administrative Services Managers,0.0
Male,21.0,MGR-Administrative Services Managers,0.0
Male,22.0,MGR-Administrative Services Managers,0.0
Male,23.0,MGR-Administrative Services Managers,0.0
Male,24.0,MGR-Administrative Services Managers,0.0
Male,25.0,MGR-Administrative Services Managers,0.0
Male,26.0,MGR-Administrative Services Managers,0.0
Male,27.0,MGR-Administrative Services Managers,0.0
Male,28.0,MGR-Administrative Services Managers,0.0
Male,29.0,MGR-Administrative Services Managers,0.0
Male,30.0,MGR-Administrative Services Managers,0.0
Female,18.0,MGR-Administrative Services Managers,0.0
Female,19.0,MGR-Administrative Services Managers,0.0
Female,20.0,MGR-Administrative Services Managers,0.0
Female,21.0,MGR-Administrative Services Managers,0.0
Female,22.0,MGR-Administrative Services Managers,0.0
Female,23.0,MGR-Administrative Services Managers,0.0
Female,24.0,MGR-Administrative Services Managers,0.0
Female,25.0,MGR-Administrative Services Managers,0.0
Female,26.0,MGR-Administrative Services Managers,0.0
Female,27.0,MGR-Administrative Services Managers,0.0
Female,28.0,MGR-Administrative Services Managers,0.0
Female,29.0,MGR-Administrative Services Managers,0.0
Female,30.0,MGR-Administrative Services Managers,0.0
Male,18.0,MGR-Facilities Managers,0.0
Male,19.0,MGR-Facilities Managers,0.0
Male,20.0,MGR-Facilities Managers,0.0
Male,21.0,MGR-Facilities Managers,0.0
Male,22.0,MGR-Facilities Managers,0.0
Male,23.0,MGR-Facilities Managers,0.0
Male,24.0,MGR-Facilities Managers,0.0
Male,25.0,MGR-Facilities Managers,0.0
Male,26.0,MGR-Facilities Managers,0.0
Male,27.0,MGR-Facilities Managers,0.0
Male,28.0,MGR-Facilities Managers,83.0
Male,29.0,MGR-Facilities Managers,170.0
Male,30.0,MGR-Facilities Managers,0.0
Female,18.0,MGR-Facilities Managers,0.0
Female,19.0,MGR-Facilities Managers,0.0
Female,20.0,MGR-Facilities Managers,0.0
Female,21.0,MGR-Facilities Managers,0.0
Female,22.0,MGR-Facilities Managers,0.0
Female,23.0,MGR-Facilities Managers,0.0
Female,24.0,MGR-Facilities Managers,0.0
Female,25.0,MGR-Facilities Managers,0.0
Female,26.0,MGR-Facilities Managers,0.0
Female,27.0,MGR-Facilities Managers,0.0
Female,28.0,MGR-Facilities Managers,0.0
Female,29.0,MGR-Facilities Managers,0.0
Female,30.0,MGR-Facilities Managers,0.0
Male,18.0,MGR-Computer And Information Systems Managers,183.0
Male,19.0,MGR-Computer And Information Systems Managers,0.0
Male,20.0,MGR-Computer And Information Systems Managers,0.0
Male,21.0,MGR-Computer And Information Systems Managers,63.0
Male,22.0,MGR-Computer And Information Systems Managers,0.0
Male,23.0,MGR-Computer And Information Systems Managers,0.0
Male,24.0,MGR-Computer And Information Systems Managers,0.0
Male,25.0,MGR-Computer And Information Systems Managers,175.0
Male,26.0,MGR-Computer And Information Systems Managers,0.0
Male,27.0,MGR-Computer And Information Systems Managers,0.0
Male,28.0,MGR-Computer And Information Systems Managers,0.0
Male,29.0,MGR-Computer And Information Systems Managers,59.0
Male,30.0,MGR-Computer And Information Systems Managers,0.0
Female,18.0,MGR-Computer And Information Systems Managers,0.0
Female,19.0,MGR-Computer And Information Systems Managers,0.0
Female,20.0,MGR-Computer And Information Systems Managers,0.0
Female,21.0,MGR-Computer And Information Systems Managers,0.0
Female,22.0,MGR-Computer And Information Systems Managers,0.0
Female,23.0,MGR-Computer And Information Systems Managers,0.0
Female,24.0,MGR-Computer And Information Systems Managers,0.0
Female,25.0,MGR-Computer And Information Systems Managers,0.0
Female,26.0,MGR-Computer And Information Systems Managers,0.0
Female,27.0,MGR-Computer And Information Systems Managers,0.0
Female,28.0,MGR-Computer And Information Systems Managers,0.0
Female,29.0,MGR-Computer And Information Systems Managers,0.0
Female,30.0,MGR-Computer And Information Systems Managers,123.0
Male,18.0,MGR-Financial Managers,0.0
Male,19.0,MGR-Financial Managers,0.0
Male,20.0,MGR-Financial Managers,0.0
Male,21.0,MGR-Financial Managers,0.0
Male,22.0,MGR-Financial Managers,0.0
Male,23.0,MGR-Financial Managers,272.0
Male,24.0,MGR-Financial Managers,0.0
Male,25.0,MGR-Financial Managers,0.0
Male,26.0,MGR-Financial Managers,62.0
Male,27.0,MGR-Financial Managers,393.0
Male,28.0,MGR-Financial Managers,46.0
Male,29.0,MGR-Financial Managers,359.0
Male,30.0,MGR-Financial Managers,208.0
Female,18.0,MGR-Financial Managers,0.0
Female,19.0,MGR-Financial Managers,0.0
Female,20.0,MGR-Financial Managers,0.0
Female,21.0,MGR-Financial Managers,0.0
Female,22.0,MGR-Financial Managers,59.0
Female,23.0,MGR-Financial Managers,64.0
Female,24.0,MGR-Financial Managers,625.0
Female,25.0,MGR-Financial Managers,31.0
Female,26.0,MGR-Financial Managers,0.0
Female,27.0,MGR-Financial Managers,0.0
Female,28.0,MGR-Financial Managers,110.0
Female,29.0,MGR-Financial Managers,185.0
Female,30.0,MGR-Financial Managers,370.0
Male,18.0,MGR-Compensation And Benefits Managers,0.0
Male,19.0,MGR-Compensation And Benefits Managers,0.0
Male,20.0,MGR-Compensation And Benefits Managers,0.0
Male,21.0,MGR-Compensation And Benefits Managers,0.0
Male,22.0,MGR-Compensation And Benefits Managers,0.0
Male,23.0,MGR-Compensation And Benefits Managers,0.0
Male,24.0,MGR-Compensation And Benefits Managers,0.0
Male,25.0,MGR-Compensation And Benefits Managers,0.0
Male,26.0,MGR-Compensation And Benefits Managers,0.0
Male,27.0,MGR-Compensation And Benefits Managers,0.0
Male,28.0,MGR-Compensation And Benefits Managers,0.0
Male,29.0,MGR-Compensation And Benefits Managers,0.0
Male,30.0,MGR-Compensation And Benefits Managers,0.0
Female,18.0,MGR-Compensation And Benefits Managers,0.0
Female,19.0,MGR-Compensation And Benefits Managers,0.0
Female,20.0,MGR-Compensation And Benefits Managers,0.0
Female,21.0,MGR-Compensation And Benefits Managers,0.0
Female,22.0,MGR-Compensation And Benefits Managers,0.0
Female,23.0,MGR-Compensation And Benefits Managers,0.0
Female,24.0,MGR-Compensation And Benefits Managers,0.0
Female,25.0,MGR-Compensation And Benefits Managers,0.0
Female,26.0,MGR-Compensation And Benefits Managers,0.0
Female,27.0,MGR-Compensation And Benefits Managers,0.0
Female,28.0,MGR-Compensation And Benefits Managers,0.0
Female,29.0,MGR-Compensation And Benefits Managers,66.0
Female,30.0,MGR-Compensation And Benefits Managers,0.0
Male,18.0,MGR-Human Resources Managers,0.0
Male,19.0,MGR-Human Resources Managers,0.0
Male,20.0,MGR-Human Resources Managers,0.0
Male,21.0,MGR-Human Resources Managers,0.0
Male,22.0,MGR-Human Resources Managers,0.0
Male,23.0,MGR-Human Resources Managers,0.0
Male,24.0,MGR-Human Resources Managers,0.0
Male,25.0,MGR-Human Resources Managers,0.0
Male,26.0,MGR-Human Resources Managers,0.0
Male,27.0,MGR-Human Resources Managers,0.0
Male,28.0,MGR-Human Resources Managers,0.0
Male,29.0,MGR-Human Resources Managers,0.0
Male,30.0,MGR-Human Resources Managers,69.0
Female,18.0,MGR-Human Resources Managers,0.0
Female,19.0,MGR-Human Resources Managers,0.0
Female,20.0,MGR-Human Resources Managers,0.0
Female,21.0,MGR-Human Resources Managers,0.0
Female,22.0,MGR-Human Resources Managers,0.0
Female,23.0,MGR-Human Resources Managers,0.0
Female,24.0,MGR-Human Resources Managers,0.0
Female,25.0,MGR-Human Resources Managers,0.0
Female,26.0,MGR-Human Resources Managers,0.0
Female,27.0,MGR-Human Resources Managers,0.0
Female,28.0,MGR-Human Resources Managers,0.0
Female,29.0,MGR-Human Resources Managers,0.0
Female,30.0,MGR-Human Resources Managers,0.0
Male,18.0,MGR-Training And Development Managers,0.0
Male,19.0,MGR-Training And Development Managers,0.0
Male,20.0,MGR-Training And Development Managers,0.0
Male,21.0,MGR-Training And Development Managers,0.0
Male,22.0,MGR-Training And Development Managers,0.0
Male,23.0,MGR-Training And Development Managers,0.0
Male,24.0,MGR-Training And Development Managers,0.0
Male,25.0,MGR-Training And Development Managers,0.0
Male,26.0,MGR-Training And Development Managers,0.0
Male,27.0,MGR-Training And Development Managers,0.0
Male,28.0,MGR-Training And Development Managers,0.0
Male,29.0,MGR-Training And Development Managers,0.0
Male,30.0,MGR-Training And Development Managers,0.0
Female,18.0,MGR-Training And Development Managers,0.0
Female,19.0,MGR-Training And Development Managers,0.0
Female,20.0,MGR-Training And Development Managers,0.0
Female,21.0,MGR-Training And Development Managers,0.0
Female,22.0,MGR-Training And Development Managers,0.0
Female,23.0,MGR-Training And Development Managers,0.0
Female,24.0,MGR-Training And Development Managers,0.0
Female,25.0,MGR-Training And Development Managers,0.0
Female,26.0,MGR-Training And Development Managers,0.0
Female,27.0,MGR-Training And Development Managers,0.0
Female,28.0,MGR-Training And Development Managers,0.0
Female,29.0,MGR-Training And Development Managers,0.0
Female,30.0,MGR-Training And Development Managers,0.0
Male,18.0,MGR-Industrial Production Managers,0.0
Male,19.0,MGR-Industrial Production Managers,0.0
Male,20.0,MGR-Industrial Production Managers,0.0
Male,21.0,MGR-Industrial Production Managers,0.0
Male,22.0,MGR-Industrial Production Managers,0.0
Male,23.0,MGR-Industrial Production Managers,0.0
Male,24.0,MGR-Industrial Production Managers,0.0
Male,25.0,MGR-Industrial Production Managers,0.0
Male,26.0,MGR-Industrial Production Managers,63.0
Male,27.0,MGR-Industrial Production Managers,64.0
Male,28.0,MGR-Industrial Production Managers,122.0
Male,29.0,MGR-Industrial Production Managers,0.0
Male,30.0,MGR-Industrial Production Managers,0.0
Female,18.0,MGR-Industrial Production Managers,0.0
Female,19.0,MGR-Industrial Production Managers,0.0
Female,20.0,MGR-Industrial Production Managers,0.0
Female,21.0,MGR-Industrial Production Managers,0.0
Female,22.0,MGR-Industrial Production Managers,0.0
Female,23.0,MGR-Industrial Production Managers,0.0
Female,24.0,MGR-Industrial Production Managers,0.0
Female,25.0,MGR-Industrial Production Managers,0.0
Female,26.0,MGR-Industrial Production Managers,0.0
Female,27.0,MGR-Industrial Production Managers,0.0
Female,28.0,MGR-Industrial Production Managers,0.0
Female,29.0,MGR-Industrial Production Managers,0.0
Female,30.0,MGR-Industrial Production Managers,0.0
Male,18.0,MGR-Purchasing Managers,0.0
Male,19.0,MGR-Purchasing Managers,0.0
Male,20.0,MGR-Purchasing Managers,0.0
Male,21.0,MGR-Purchasing Managers,0.0
Male,22.0,MGR-Purchasing Managers,0.0
Male,23.0,MGR-Purchasing Managers,0.0
Male,24.0,MGR-Purchasing Managers,0.0
Male,25.0,MGR-Purchasing Managers,304.0
Male,26.0,MGR-Purchasing Managers,106.0
Male,27.0,MGR-Purchasing Managers,0.0
Male,28.0,MGR-Purchasing Managers,0.0
Male,29.0,MGR-Purchasing Managers,0.0
Male,30.0,MGR-Purchasing Managers,63.0
Female,18.0,MGR-Purchasing Managers,0.0
Female,19.0,MGR-Purchasing Managers,0.0
Female,20.0,MGR-Purchasing Managers,0.0
Female,21.0,MGR-Purchasing Managers,0.0
Female,22.0,MGR-Purchasing Managers,0.0
Female,23.0,MGR-Purchasing Managers,0.0
Female,24.0,MGR-Purchasing Managers,0.0
Female,25.0,MGR-Purchasing Managers,0.0
Female,26.0,MGR-Purchasing Managers,0.0
Female,27.0,MGR-Purchasing Managers,0.0
Female,28.0,MGR-Purchasing Managers,0.0
Female,29.0,MGR-Purchasing Managers,0.0
Female,30.0,MGR-Purchasing Managers,0.0
Male,18.0,"MGR-Transportation, Storage, And Distribution Managers",0.0
Male,19.0,"MGR-Transportation, Storage, And Distribution Managers",0.0
Male,20.0,"MGR-Transportation, Storage, And Distribution Managers",0.0
Male,21.0,"MGR-Transportation, Storage, And Distribution Managers",0.0
Male,22.0,"MGR-Transportation, Storage, And Distribution Managers",0.0
Male,23.0,"MGR-Transportation, Storage, And Distribution Managers",34.0
Male,24.0,"MGR-Transportation, Storage, And Distribution Managers",0.0
Male,25.0,"MGR-Transportation, Storage, And Distribution Managers",337.0
Male,26.0,"MGR-Transportation, Storage, And Distribution Managers",109.0
Male,27.0,"MGR-Transportation, Storage, And Distribution Managers",184.0
Male,28.0,"MGR-Transportation, Storage, And Distribution Managers",0.0
Male,29.0,"MGR-Transportation, Storage, And Distribution Managers",115.0
Male,30.0,"MGR-Transportation, Storage, And Distribution Managers",117.0
Female,18.0,"MGR-Transportation, Storage, And Distribution Managers",0.0
Female,19.0,"MGR-Transportation, Storage, And Distribution Managers",0.0
Female,20.0,"MGR-Transportation, Storage, And Distribution Managers",0.0
Female,21.0,"MGR-Transportation, Storage, And Distribution Managers",0.0
Female,22.0,"MGR-Transportation, Storage, And Distribution Managers",0.0
Female,23.0,"MGR-Transportation, Storage, And Distribution Managers",0.0
Female,24.0,"MGR-Transportation, Storage, And Distribution Managers",0.0
Female,25.0,"MGR-Transportation, Storage, And Distribution Managers",0.0
Female,26.0,"MGR-Transportation, Storage, And Distribution Managers",0.0
Female,27.0,"MGR-Transportation, Storage, And Distribution Managers",0.0
Female,28.0,"MGR-Transportation, Storage, And Distribution Managers",0.0
Female,29.0,"MGR-Transportation, Storage, And Distribution Managers",0.0
Female,30.0,"MGR-Transportation, Storage, And Distribution Managers",0.0
Male,18.0,"MGR-Farmers, Ranchers, And Other Agricultural Managers",0.0
Male,19.0,"MGR-Farmers, Ranchers, And Other Agricultural Managers",0.0
Male,20.0,"MGR-Farmers, Ranchers, And Other Agricultural Managers",0.0
Male,21.0,"MGR-Farmers, Ranchers, And Other Agricultural Managers",0.0
Male,22.0,"MGR-Farmers, Ranchers, And Other Agricultural Managers",0.0
Male,23.0,"MGR-Farmers, Ranchers, And Other Agricultural Managers",0.0
Male,24.0,"MGR-Farmers, Ranchers, And Other Agricultural Managers",0.0
Male,25.0,"MGR-Farmers, Ranchers, And Other Agricultural Managers",0.0
Male,26.0,"MGR-Farmers, Ranchers, And Other Agricultural Managers",0.0
Male,27.0,"MGR-Farmers, Ranchers, And Other Agricultural Managers",0.0
Male,28.0,"MGR-Farmers, Ranchers, And Other Agricultural Managers",0.0
Male,29.0,"MGR-Farmers, Ranchers, And Other Agricultural Managers",0.0
Male,30.0,"MGR-Farmers, Ranchers, And Other Agricultural Managers",54.0
Female,18.0,"MGR-Farmers, Ranchers, And Other Agricultural Managers",0.0
Female,19.0,"MGR-Farmers, Ranchers, And Other Agricultural Managers",0.0
Female,20.0,"MGR-Farmers, Ranchers, And Other Agricultural Managers",0.0
Female,21.0,"MGR-Farmers, Ranchers, And Other Agricultural Managers",210.0
Female,22.0,"MGR-Farmers, Ranchers, And Other Agricultural Managers",83.0
Female,23.0,"MGR-Farmers, Ranchers, And Other Agricultural Managers",0.0
Female,24.0,"MGR-Farmers, Ranchers, And Other Agricultural Managers",0.0
Female,25.0,"MGR-Farmers, Ranchers, And Other Agricultural Managers",0.0
Female,26.0,"MGR-Farmers, Ranchers, And Other Agricultural Managers",155.0
Female,27.0,"MGR-Farmers, Ranchers, And Other Agricultural Managers",0.0
Female,28.0,"MGR-Farmers, Ranchers, And Other Agricultural Managers",0.0
Female,29.0,"MGR-Farmers, Ranchers, And Other Agricultural Managers",146.0
Female,30.0,"MGR-Farmers, Ranchers, And Other Agricultural Managers",0.0
Male,18.0,MGR-Construction Managers,0.0
Male,19.0,MGR-Construction Managers,0.0
Male,20.0,MGR-Construction Managers,0.0
Male,21.0,MGR-Construction Managers,0.0
Male,22.0,MGR-Construction Managers,0.0
Male,23.0,MGR-Construction Managers,0.0
Male,24.0,MGR-Construction Managers,0.0
Male,25.0,MGR-Construction Managers,0.0
Male,26.0,MGR-Construction Managers,914.0
Male,27.0,MGR-Construction Managers,53.0
Male,28.0,MGR-Construction Managers,0.0
Male,29.0,MGR-Construction Managers,0.0
Male,30.0,MGR-Construction Managers,396.0
Female,18.0,MGR-Construction Managers,0.0
Female,19.0,MGR-Construction Managers,0.0
Female,20.0,MGR-Construction Managers,0.0
Female,21.0,MGR-Construction Managers,0.0
Female,22.0,MGR-Construction Managers,0.0
Female,23.0,MGR-Construction Managers,0.0
Female,24.0,MGR-Construction Managers,0.0
Female,25.0,MGR-Construction Managers,0.0
Female,26.0,MGR-Construction Managers,0.0
Female,27.0,MGR-Construction Managers,0.0
Female,28.0,MGR-Construction Managers,0.0
Female,29.0,MGR-Construction Managers,0.0
Female,30.0,MGR-Construction Managers,0.0
Male,18.0,MGR-Education And Childcare Administrators,0.0
Male,19.0,MGR-Education And Childcare Administrators,0.0
Male,20.0,MGR-Education And Childcare Administrators,677.0
Male,21.0,MGR-Education And Childcare Administrators,135.0
Male,22.0,MGR-Education And Childcare Administrators,223.0
Male,23.0,MGR-Education And Childcare Administrators,58.0
Male,24.0,MGR-Education And Childcare Administrators,0.0
Male,25.0,MGR-Education And Childcare Administrators,0.0
Male,26.0,MGR-Education And Childcare Administrators,0.0
Male,27.0,MGR-Education And Childcare Administrators,440.0
Male,28.0,MGR-Education And Childcare Administrators,139.0
Male,29.0,MGR-Education And Childcare Administrators,33.0
Male,30.0,MGR-Education And Childcare Administrators,81.0
Female,18.0,MGR-Education And Childcare Administrators,0.0
Female,19.0,MGR-Education And Childcare Administrators,0.0
Female,20.0,MGR-Education And Childcare Administrators,0.0
Female,21.0,MGR-Education And Childcare Administrators,82.0
Female,22.0,MGR-Education And Childcare Administrators,105.0
Female,23.0,MGR-Education And Childcare Administrators,0.0
Female,24.0,MGR-Education And Childcare Administrators,230.0
Female,25.0,MGR-Education And Childcare Administrators,0.0
Female,26.0,MGR-Education And Childcare Administrators,0.0
Female,27.0,MGR-Education And Childcare Administrators,132.0
Female,28.0,MGR-Education And Childcare Administrators,229.0
Female,29.0,MGR-Education And Childcare Administrators,44.0
Female,30.0,MGR-Education And Childcare Administrators,176.0
Male,18.0,MGR-Architectural And Engineering Managers,0.0
Male,19.0,MGR-Architectural And Engineering Managers,0.0
Male,20.0,MGR-Architectural And Engineering Managers,0.0
Male,21.0,MGR-Architectural And Engineering Managers,0.0
Male,22.0,MGR-Architectural And Engineering Managers,0.0
Male,23.0,MGR-Architectural And Engineering Managers,0.0
Male,24.0,MGR-Architectural And Engineering Managers,0.0
Male,25.0,MGR-Architectural And Engineering Managers,0.0
Male,26.0,MGR-Architectural And Engineering Managers,0.0
Male,27.0,MGR-Architectural And Engineering Managers,237.0
Male,28.0,MGR-Architectural And Engineering Managers,0.0
Male,29.0,MGR-Architectural And Engineering Managers,55.0
Male,30.0,MGR-Architectural And Engineering Managers,0.0
Female,18.0,MGR-Architectural And Engineering Managers,0.0
Female,19.0,MGR-Architectural And Engineering Managers,0.0
Female,20.0,MGR-Architectural And Engineering Managers,0.0
Female,21.0,MGR-Architectural And Engineering Managers,0.0
Female,22.0,MGR-Architectural And Engineering Managers,0.0
Female,23.0,MGR-Architectural And Engineering Managers,0.0
Female,24.0,MGR-Architectural And Engineering Managers,0.0
Female,25.0,MGR-Architectural And Engineering Managers,0.0
Female,26.0,MGR-Architectural And Engineering Managers,0.0
Female,27.0,MGR-Architectural And Engineering Managers,0.0
Female,28.0,MGR-Architectural And Engineering Managers,0.0
Female,29.0,MGR-Architectural And Engineering Managers,0.0
Female,30.0,MGR-Architectural And Engineering Managers,0.0
Male,18.0,MGR-Food Service Managers,0.0
Male,19.0,MGR-Food Service Managers,230.0
Male,20.0,MGR-Food Service Managers,152.0
Male,21.0,MGR-Food Service Managers,0.0
Male,22.0,MGR-Food Service Managers,93.0
Male,23.0,MGR-Food Service Managers,0.0
Male,24.0,MGR-Food Service Managers,254.0
Male,25.0,MGR-Food Service Managers,501.0
Male,26.0,MGR-Food Service Managers,122.0
Male,27.0,MGR-Food Service Managers,397.0
Male,28.0,MGR-Food Service Managers,582.0
Male,29.0,MGR-Food Service Managers,71.0
Male,30.0,MGR-Food Service Managers,0.0
Female,18.0,MGR-Food Service Managers,0.0
Female,19.0,MGR-Food Service Managers,0.0
Female,20.0,MGR-Food Service Managers,100.0
Female,21.0,MGR-Food Service Managers,0.0
Female,22.0,MGR-Food Service Managers,0.0
Female,23.0,MGR-Food Service Managers,0.0
Female,24.0,MGR-Food Service Managers,0.0
Female,25.0,MGR-Food Service Managers,174.0
Female,26.0,MGR-Food Service Managers,349.0
Female,27.0,MGR-Food Service Managers,149.0
Female,28.0,MGR-Food Service Managers,544.0
Female,29.0,MGR-Food Service Managers,404.0
Female,30.0,MGR-Food Service Managers,0.0
Male,18.0,MGR-Entertainment and Recreation Managers,0.0
Male,19.0,MGR-Entertainment and Recreation Managers,0.0
Male,20.0,MGR-Entertainment and Recreation Managers,0.0
Male,21.0,MGR-Entertainment and Recreation Managers,0.0
Male,22.0,MGR-Entertainment and Recreation Managers,80.0
Male,23.0,MGR-Entertainment and Recreation Managers,0.0
Male,24.0,MGR-Entertainment and Recreation Managers,0.0
Male,25.0,MGR-Entertainment and Recreation Managers,0.0
Male,26.0,MGR-Entertainment and Recreation Managers,0.0
Male,27.0,MGR-Entertainment and Recreation Managers,0.0
Male,28.0,MGR-Entertainment and Recreation Managers,0.0
Male,29.0,MGR-Entertainment and Recreation Managers,0.0
Male,30.0,MGR-Entertainment and Recreation Managers,0.0
Female,18.0,MGR-Entertainment and Recreation Managers,0.0
Female,19.0,MGR-Entertainment and Recreation Managers,0.0
Female,20.0,MGR-Entertainment and Recreation Managers,0.0
Female,21.0,MGR-Entertainment and Recreation Managers,0.0
Female,22.0,MGR-Entertainment and Recreation Managers,0.0
Female,23.0,MGR-Entertainment and Recreation Managers,0.0
Female,24.0,MGR-Entertainment and Recreation Managers,0.0
Female,25.0,MGR-Entertainment and Recreation Managers,0.0
Female,26.0,MGR-Entertainment and Recreation Managers,0.0
Female,27.0,MGR-Entertainment and Recreation Managers,0.0
Female,28.0,MGR-Entertainment and Recreation Managers,0.0
Female,29.0,MGR-Entertainment and Recreation Managers,0.0
Female,30.0,MGR-Entertainment and Recreation Managers,0.0
Male,18.0,MGR-Lodging Managers,0.0
Male,19.0,MGR-Lodging Managers,0.0
Male,20.0,MGR-Lodging Managers,0.0
Male,21.0,MGR-Lodging Managers,0.0
Male,22.0,MGR-Lodging Managers,0.0
Male,23.0,MGR-Lodging Managers,0.0
Male,24.0,MGR-Lodging Managers,0.0
Male,25.0,MGR-Lodging Managers,0.0
Male,26.0,MGR-Lodging Managers,0.0
Male,27.0,MGR-Lodging Managers,0.0
Male,28.0,MGR-Lodging Managers,0.0
Male,29.0,MGR-Lodging Managers,0.0
Male,30.0,MGR-Lodging Managers,0.0
Female,18.0,MGR-Lodging Managers,0.0
Female,19.0,MGR-Lodging Managers,73.0
Female,20.0,MGR-Lodging Managers,0.0
Female,21.0,MGR-Lodging Managers,0.0
Female,22.0,MGR-Lodging Managers,0.0
Female,23.0,MGR-Lodging Managers,195.0
Female,24.0,MGR-Lodging Managers,0.0
Female,25.0,MGR-Lodging Managers,0.0
Female,26.0,MGR-Lodging Managers,0.0
Female,27.0,MGR-Lodging Managers,79.0
Female,28.0,MGR-Lodging Managers,0.0
Female,29.0,MGR-Lodging Managers,0.0
Female,30.0,MGR-Lodging Managers,0.0
Male,18.0,MGR-Medical And Health Services Managers,0.0
Male,19.0,MGR-Medical And Health Services Managers,0.0
Male,20.0,MGR-Medical And Health Services Managers,193.0
Male,21.0,MGR-Medical And Health Services Managers,26.0
Male,22.0,MGR-Medical And Health Services Managers,0.0
Male,23.0,MGR-Medical And Health Services Managers,56.0
Male,24.0,MGR-Medical And Health Services Managers,0.0
Male,25.0,MGR-Medical And Health Services Managers,215.0
Male,26.0,MGR-Medical And Health Services Managers,0.0
Male,27.0,MGR-Medical And Health Services Managers,0.0
Male,28.0,MGR-Medical And Health Services Managers,0.0
Male,29.0,MGR-Medical And Health Services Managers,0.0
Male,30.0,MGR-Medical And Health Services Managers,0.0
Female,18.0,MGR-Medical And Health Services Managers,0.0
Female,19.0,MGR-Medical And Health Services Managers,0.0
Female,20.0,MGR-Medical And Health Services Managers,0.0
Female,21.0,MGR-Medical And Health Services Managers,0.0
Female,22.0,MGR-Medical And Health Services Managers,0.0
Female,23.0,MGR-Medical And Health Services Managers,41.0
Female,24.0,MGR-Medical And Health Services Managers,0.0
Female,25.0,MGR-Medical And Health Services Managers,67.0
Female,26.0,MGR-Medical And Health Services Managers,394.0
Female,27.0,MGR-Medical And Health Services Managers,87.0
Female,28.0,MGR-Medical And Health Services Managers,113.0
Female,29.0,MGR-Medical And Health Services Managers,0.0
Female,30.0,MGR-Medical And Health Services Managers,0.0
Male,18.0,MGR-Natural Sciences Managers,0.0
Male,19.0,MGR-Natural Sciences Managers,0.0
Male,20.0,MGR-Natural Sciences Managers,0.0
Male,21.0,MGR-Natural Sciences Managers,0.0
Male,22.0,MGR-Natural Sciences Managers,0.0
Male,23.0,MGR-Natural Sciences Managers,0.0
Male,24.0,MGR-Natural Sciences Managers,0.0
Male,25.0,MGR-Natural Sciences Managers,0.0
Male,26.0,MGR-Natural Sciences Managers,0.0
Male,27.0,MGR-Natural Sciences Managers,0.0
Male,28.0,MGR-Natural Sciences Managers,0.0
Male,29.0,MGR-Natural Sciences Managers,0.0
Male,30.0,MGR-Natural Sciences Managers,0.0
Female,18.0,MGR-Natural Sciences Managers,0.0
Female,19.0,MGR-Natural Sciences Managers,0.0
Female,20.0,MGR-Natural Sciences Managers,0.0
Female,21.0,MGR-Natural Sciences Managers,0.0
Female,22.0,MGR-Natural Sciences Managers,0.0
Female,23.0,MGR-Natural Sciences Managers,0.0
Female,24.0,MGR-Natural Sciences Managers,0.0
Female,25.0,MGR-Natural Sciences Managers,0.0
Female,26.0,MGR-Natural Sciences Managers,0.0
Female,27.0,MGR-Natural Sciences Managers,0.0
Female,28.0,MGR-Natural Sciences Managers,0.0
Female,29.0,MGR-Natural Sciences Managers,0.0
Female,30.0,MGR-Natural Sciences Managers,0.0
Male,18.0,"MGR-Property, Real Estate, And Community Association Managers",0.0
Male,19.0,"MGR-Property, Real Estate, And Community Association Managers",0.0
Male,20.0,"MGR-Property, Real Estate, And Community Association Managers",0.0
Male,21.0,"MGR-Property, Real Estate, And Community Association Managers",0.0
Male,22.0,"MGR-Property, Real Estate, And Community Association Managers",0.0
Male,23.0,"MGR-Property, Real Estate, And Community Association Managers",0.0
Male,24.0,"MGR-Property, Real Estate, And Community Association Managers",0.0
Male,25.0,"MGR-Property, Real Estate, And Community Association Managers",0.0
Male,26.0,"MGR-Property, Real Estate, And Community Association Managers",0.0
Male,27.0,"MGR-Property, Real Estate, And Community Association Managers",0.0
Male,28.0,"MGR-Property, Real Estate, And Community Association Managers",0.0
Male,29.0,"MGR-Property, Real Estate, And Community Association Managers",0.0
Male,30.0,"MGR-Property, Real Estate, And Community Association Managers",0.0
Female,18.0,"MGR-Property, Real Estate, And Community Association Managers",0.0
Female,19.0,"MGR-Property, Real Estate, And Community Association Managers",0.0
Female,20.0,"MGR-Property, Real Estate, And Community Association Managers",0.0
Female,21.0,"MGR-Property, Real Estate, And Community Association Managers",103.0
Female,22.0,"MGR-Property, Real Estate, And Community Association Managers",0.0
Female,23.0,"MGR-Property, Real Estate, And Community Association Managers",0.0
Female,24.0,"MGR-Property, Real Estate, And Community Association Managers",0.0
Female,25.0,"MGR-Property, Real Estate, And Community Association Managers",0.0
Female,26.0,"MGR-Property, Real Estate, And Community Association Managers",0.0
Female,27.0,"MGR-Property, Real Estate, And Community Association Managers",0.0
Female,28.0,"MGR-Property, Real Estate, And Community Association Managers",314.0
Female,29.0,"MGR-Property, Real Estate, And Community Association Managers",0.0
Female,30.0,"MGR-Property, Real Estate, And Community Association Managers",215.0
Male,18.0,MGR-Social And Community Service Managers,0.0
Male,19.0,MGR-Social And Community Service Managers,0.0
Male,20.0,MGR-Social And Community Service Managers,0.0
Male,21.0,MGR-Social And Community Service Managers,0.0
Male,22.0,MGR-Social And Community Service Managers,0.0
Male,23.0,MGR-Social And Community Service Managers,46.0
Male,24.0,MGR-Social And Community Service Managers,0.0
Male,25.0,MGR-Social And Community Service Managers,0.0
Male,26.0,MGR-Social And Community Service Managers,0.0
Male,27.0,MGR-Social And Community Service Managers,0.0
Male,28.0,MGR-Social And Community Service Managers,0.0
Male,29.0,MGR-Social And Community Service Managers,0.0
Male,30.0,MGR-Social And Community Service Managers,66.0
Female,18.0,MGR-Social And Community Service Managers,96.0
Female,19.0,MGR-Social And Community Service Managers,0.0
Female,20.0,MGR-Social And Community Service Managers,0.0
Female,21.0,MGR-Social And Community Service Managers,0.0
Female,22.0,MGR-Social And Community Service Managers,18.0
Female,23.0,MGR-Social And Community Service Managers,0.0
Female,24.0,MGR-Social And Community Service Managers,0.0
Female,25.0,MGR-Social And Community Service Managers,162.0
Female,26.0,MGR-Social And Community Service Managers,534.0
Female,27.0,MGR-Social And Community Service Managers,49.0
Female,28.0,MGR-Social And Community Service Managers,430.0
Female,29.0,MGR-Social And Community Service Managers,0.0
Female,30.0,MGR-Social And Community Service Managers,468.0
Male,18.0,MGR-Emergency Management Directors,0.0
Male,19.0,MGR-Emergency Management Directors,0.0
Male,20.0,MGR-Emergency Management Directors,0.0
Male,21.0,MGR-Emergency Management Directors,0.0
Male,22.0,MGR-Emergency Management Directors,0.0
Male,23.0,MGR-Emergency Management Directors,0.0
Male,24.0,MGR-Emergency Management Directors,0.0
Male,25.0,MGR-Emergency Management Directors,0.0
Male,26.0,MGR-Emergency Management Directors,0.0
Male,27.0,MGR-Emergency Management Directors,0.0
Male,28.0,MGR-Emergency Management Directors,0.0
Male,29.0,MGR-Emergency Management Directors,0.0
Male,30.0,MGR-Emergency Management Directors,0.0
Female,18.0,MGR-Emergency Management Directors,0.0
Female,19.0,MGR-Emergency Management Directors,0.0
Female,20.0,MGR-Emergency Management Directors,0.0
Female,21.0,MGR-Emergency Management Directors,0.0
Female,22.0,MGR-Emergency Management Directors,0.0
Female,23.0,MGR-Emergency Management Directors,0.0
Female,24.0,MGR-Emergency Management Directors,0.0
Female,25.0,MGR-Emergency Management Directors,0.0
Female,26.0,MGR-Emergency Management Directors,0.0
Female,27.0,MGR-Emergency Management Directors,0.0
Female,28.0,MGR-Emergency Management Directors,0.0
Female,29.0,MGR-Emergency Management Directors,0.0
Female,30.0,MGR-Emergency Management Directors,0.0
Male,18.0,MGR-Other Managers,0.0
Male,19.0,MGR-Other Managers,458.0
Male,20.0,MGR-Other Managers,0.0
Male,21.0,MGR-Other Managers,0.0
Male,22.0,MGR-Other Managers,216.0
Male,23.0,MGR-Other Managers,227.0
Male,24.0,MGR-Other Managers,522.0
Male,25.0,MGR-Other Managers,258.0
Male,26.0,MGR-Other Managers,1005.0
Male,27.0,MGR-Other Managers,140.0
Male,28.0,MGR-Other Managers,780.0
Male,29.0,MGR-Other Managers,554.0
Male,30.0,MGR-Other Managers,677.0
Female,18.0,MGR-Other Managers,0.0
Female,19.0,MGR-Other Managers,0.0
Female,20.0,MGR-Other Managers,374.0
Female,21.0,MGR-Other Managers,0.0
Female,22.0,MGR-Other Managers,1256.0
Female,23.0,MGR-Other Managers,0.0
Female,24.0,MGR-Other Managers,325.0
Female,25.0,MGR-Other Managers,427.0
Female,26.0,MGR-Other Managers,73.0
Female,27.0,MGR-Other Managers,255.0
Female,28.0,MGR-Other Managers,301.0
Female,29.0,MGR-Other Managers,376.0
Female,30.0,MGR-Other Managers,314.0
Male,18.0,"BUS-Agents And Business Managers Of Artists, Performers, And Athletes",0.0
Male,19.0,"BUS-Agents And Business Managers Of Artists, Performers, And Athletes",0.0
Male,20.0,"BUS-Agents And Business Managers Of Artists, Performers, And Athletes",73.0
Male,21.0,"BUS-Agents And Business Managers Of Artists, Performers, And Athletes",147.0
Male,22.0,"BUS-Agents And Business Managers Of Artists, Performers, And Athletes",0.0
Male,23.0,"BUS-Agents And Business Managers Of Artists, Performers, And Athletes",0.0
Male,24.0,"BUS-Agents And Business Managers Of Artists, Performers, And Athletes",0.0
Male,25.0,"BUS-Agents And Business Managers Of Artists, Performers, And Athletes",0.0
Male,26.0,"BUS-Agents And Business Managers Of Artists, Performers, And Athletes",0.0
Male,27.0,"BUS-Agents And Business Managers Of Artists, Performers, And Athletes",46.0
Male,28.0,"BUS-Agents And Business Managers Of Artists, Performers, And Athletes",0.0
Male,29.0,"BUS-Agents And Business Managers Of Artists, Performers, And Athletes",0.0
Male,30.0,"BUS-Agents And Business Managers Of Artists, Performers, And Athletes",0.0
Female,18.0,"BUS-Agents And Business Managers Of Artists, Performers, And Athletes",0.0
Female,19.0,"BUS-Agents And Business Managers Of Artists, Performers, And Athletes",0.0
Female,20.0,"BUS-Agents And Business Managers Of Artists, Performers, And Athletes",0.0
Female,21.0,"BUS-Agents And Business Managers Of Artists, Performers, And Athletes",0.0
Female,22.0,"BUS-Agents And Business Managers Of Artists, Performers, And Athletes",0.0
Female,23.0,"BUS-Agents And Business Managers Of Artists, Performers, And Athletes",0.0
Female,24.0,"BUS-Agents And Business Managers Of Artists, Performers, And Athletes",0.0
Female,25.0,"BUS-Agents And Business Managers Of Artists, Performers, And Athletes",0.0
Female,26.0,"BUS-Agents And Business Managers Of Artists, Performers, And Athletes",0.0
Female,27.0,"BUS-Agents And Business Managers Of Artists, Performers, And Athletes",0.0
Female,28.0,"BUS-Agents And Business Managers Of Artists, Performers, And Athletes",0.0
Female,29.0,"BUS-Agents And Business Managers Of Artists, Performers, And Athletes",0.0
Female,30.0,"BUS-Agents And Business Managers Of Artists, Performers, And Athletes",0.0
Male,18.0,"BUS-Buyers And Purchasing Agents, Farm Products",0.0
Male,19.0,"BUS-Buyers And Purchasing Agents, Farm Products",0.0
Male,20.0,"BUS-Buyers And Purchasing Agents, Farm Products",0.0
Male,21.0,"BUS-Buyers And Purchasing Agents, Farm Products",0.0
Male,22.0,"BUS-Buyers And Purchasing Agents, Farm Products",0.0
Male,23.0,"BUS-Buyers And Purchasing Agents, Farm Products",0.0
Male,24.0,"BUS-Buyers And Purchasing Agents, Farm Products",0.0
Male,25.0,"BUS-Buyers And Purchasing Agents, Farm Products",0.0
Male,26.0,"BUS-Buyers And Purchasing Agents, Farm Products",0.0
Male,27.0,"BUS-Buyers And Purchasing Agents, Farm Products",0.0
Male,28.0,"BUS-Buyers And Purchasing Agents, Farm Products",0.0
Male,29.0,"BUS-Buyers And Purchasing Agents, Farm Products",0.0
Male,30.0,"BUS-Buyers And Purchasing Agents, Farm Products",0.0
Female,18.0,"BUS-Buyers And Purchasing Agents, Farm Products",0.0
Female,19.0,"BUS-Buyers And Purchasing Agents, Farm Products",0.0
Female,20.0,"BUS-Buyers And Purchasing Agents, Farm Products",0.0
Female,21.0,"BUS-Buyers And Purchasing Agents, Farm Products",0.0
Female,22.0,"BUS-Buyers And Purchasing Agents, Farm Products",0.0
Female,23.0,"BUS-Buyers And Purchasing Agents, Farm Products",0.0
Female,24.0,"BUS-Buyers And Purchasing Agents, Farm Products",0.0
Female,25.0,"BUS-Buyers And Purchasing Agents, Farm Products",0.0
Female,26.0,"BUS-Buyers And Purchasing Agents, Farm Products",0.0
Female,27.0,"BUS-Buyers And Purchasing Agents, Farm Products",0.0
Female,28.0,"BUS-Buyers And Purchasing Agents, Farm Products",0.0
Female,29.0,"BUS-Buyers And Purchasing Agents, Farm Products",0.0
Female,30.0,"BUS-Buyers And Purchasing Agents, Farm Products",0.0
Male,18.0,"BUS-Wholesale And Retail Buyers, Except Farm Products",0.0
Male,19.0,"BUS-Wholesale And Retail Buyers, Except Farm Products",0.0
Male,20.0,"BUS-Wholesale And Retail Buyers, Except Farm Products",0.0
Male,21.0,"BUS-Wholesale And Retail Buyers, Except Farm Products",0.0
Male,22.0,"BUS-Wholesale And Retail Buyers, Except Farm Products",257.0
Male,23.0,"BUS-Wholesale And Retail Buyers, Except Farm Products",0.0
Male,24.0,"BUS-Wholesale And Retail Buyers, Except Farm Products",29.0
Male,25.0,"BUS-Wholesale And Retail Buyers, Except Farm Products",0.0
Male,26.0,"BUS-Wholesale And Retail Buyers, Except Farm Products",0.0
Male,27.0,"BUS-Wholesale And Retail Buyers, Except Farm Products",0.0
Male,28.0,"BUS-Wholesale And Retail Buyers, Except Farm Products",0.0
Male,29.0,"BUS-Wholesale And Retail Buyers, Except Farm Products",0.0
Male,30.0,"BUS-Wholesale And Retail Buyers, Except Farm Products",93.0
Female,18.0,"BUS-Wholesale And Retail Buyers, Except Farm Products",0.0
Female,19.0,"BUS-Wholesale And Retail Buyers, Except Farm Products",0.0
Female,20.0,"BUS-Wholesale And Retail Buyers, Except Farm Products",0.0
Female,21.0,"BUS-Wholesale And Retail Buyers, Except Farm Products",160.0
Female,22.0,"BUS-Wholesale And Retail Buyers, Except Farm Products",0.0
Female,23.0,"BUS-Wholesale And Retail Buyers, Except Farm Products",204.0
Female,24.0,"BUS-Wholesale And Retail Buyers, Except Farm Products",0.0
Female,25.0,"BUS-Wholesale And Retail Buyers, Except Farm Products",0.0
Female,26.0,"BUS-Wholesale And Retail Buyers, Except Farm Products",0.0
Female,27.0,"BUS-Wholesale And Retail Buyers, Except Farm Products",0.0
Female,28.0,"BUS-Wholesale And Retail Buyers, Except Farm Products",0.0
Female,29.0,"BUS-Wholesale And Retail Buyers, Except Farm Products",75.0
Female,30.0,"BUS-Wholesale And Retail Buyers, Except Farm Products",0.0
Male,18.0,"BUS-Purchasing Agents, Except Wholesale, Retail, And Farm Products",0.0
Male,19.0,"BUS-Purchasing Agents, Except Wholesale, Retail, And Farm Products",0.0
Male,20.0,"BUS-Purchasing Agents, Except Wholesale, Retail, And Farm Products",0.0
Male,21.0,"BUS-Purchasing Agents, Except Wholesale, Retail, And Farm Products",0.0
Male,22.0,"BUS-Purchasing Agents, Except Wholesale, Retail, And Farm Products",0.0
Male,23.0,"BUS-Purchasing Agents, Except Wholesale, Retail, And Farm Products",0.0
Male,24.0,"BUS-Purchasing Agents, Except Wholesale, Retail, And Farm Products",0.0
Male,25.0,"BUS-Purchasing Agents, Except Wholesale, Retail, And Farm Products",0.0
Male,26.0,"BUS-Purchasing Agents, Except Wholesale, Retail, And Farm Products",0.0
Male,27.0,"BUS-Purchasing Agents, Except Wholesale, Retail, And Farm Products",0.0
Male,28.0,"BUS-Purchasing Agents, Except Wholesale, Retail, And Farm Products",0.0
Male,29.0,"BUS-Purchasing Agents, Except Wholesale, Retail, And Farm Products",81.0
Male,30.0,"BUS-Purchasing Agents, Except Wholesale, Retail, And Farm Products",0.0
Female,18.0,"BUS-Purchasing Agents, Except Wholesale, Retail, And Farm Products",0.0
Female,19.0,"BUS-Purchasing Agents, Except Wholesale, Retail, And Farm Products",0.0
Female,20.0,"BUS-Purchasing Agents, Except Wholesale, Retail, And Farm Products",0.0
Female,21.0,"BUS-Purchasing Agents, Except Wholesale, Retail, And Farm Products",0.0
Female,22.0,"BUS-Purchasing Agents, Except Wholesale, Retail, And Farm Products",0.0
Female,23.0,"BUS-Purchasing Agents, Except Wholesale, Retail, And Farm Products",0.0
Female,24.0,"BUS-Purchasing Agents, Except Wholesale, Retail, And Farm Products",0.0
Female,25.0,"BUS-Purchasing Agents, Except Wholesale, Retail, And Farm Products",0.0
Female,26.0,"BUS-Purchasing Agents, Except Wholesale, Retail, And Farm Products",0.0
Female,27.0,"BUS-Purchasing Agents, Except Wholesale, Retail, And Farm Products",0.0
Female,28.0,"BUS-Purchasing Agents, Except Wholesale, Retail, And Farm Products",0.0
Female,29.0,"BUS-Purchasing Agents, Except Wholesale, Retail, And Farm Products",101.0
Female,30.0,"BUS-Purchasing Agents, Except Wholesale, Retail, And Farm Products",0.0
Male,18.0,"BUS-Claims Adjusters, Appraisers, Examiners, And Investigators",0.0
Male,19.0,"BUS-Claims Adjusters, Appraisers, Examiners, And Investigators",0.0
Male,20.0,"BUS-Claims Adjusters, Appraisers, Examiners, And Investigators",0.0
Male,21.0,"BUS-Claims Adjusters, Appraisers, Examiners, And Investigators",0.0
Male,22.0,"BUS-Claims Adjusters, Appraisers, Examiners, And Investigators",0.0
Male,23.0,"BUS-Claims Adjusters, Appraisers, Examiners, And Investigators",0.0
Male,24.0,"BUS-Claims Adjusters, Appraisers, Examiners, And Investigators",0.0
Male,25.0,"BUS-Claims Adjusters, Appraisers, Examiners, And Investigators",149.0
Male,26.0,"BUS-Claims Adjusters, Appraisers, Examiners, And Investigators",0.0
Male,27.0,"BUS-Claims Adjusters, Appraisers, Examiners, And Investigators",75.0
Male,28.0,"BUS-Claims Adjusters, Appraisers, Examiners, And Investigators",0.0
Male,29.0,"BUS-Claims Adjusters, Appraisers, Examiners, And Investigators",179.0
Male,30.0,"BUS-Claims Adjusters, Appraisers, Examiners, And Investigators",0.0
Female,18.0,"BUS-Claims Adjusters, Appraisers, Examiners, And Investigators",0.0
Female,19.0,"BUS-Claims Adjusters, Appraisers, Examiners, And Investigators",0.0
Female,20.0,"BUS-Claims Adjusters, Appraisers, Examiners, And Investigators",0.0
Female,21.0,"BUS-Claims Adjusters, Appraisers, Examiners, And Investigators",0.0
Female,22.0,"BUS-Claims Adjusters, Appraisers, Examiners, And Investigators",0.0
Female,23.0,"BUS-Claims Adjusters, Appraisers, Examiners, And Investigators",0.0
Female,24.0,"BUS-Claims Adjusters, Appraisers, Examiners, And Investigators",0.0
Female,25.0,"BUS-Claims Adjusters, Appraisers, Examiners, And Investigators",0.0
Female,26.0,"BUS-Claims Adjusters, Appraisers, Examiners, And Investigators",207.0
Female,27.0,"BUS-Claims Adjusters, Appraisers, Examiners, And Investigators",0.0
Female,28.0,"BUS-Claims Adjusters, Appraisers, Examiners, And Investigators",139.0
Female,29.0,"BUS-Claims Adjusters, Appraisers, Examiners, And Investigators",176.0
Female,30.0,"BUS-Claims Adjusters, Appraisers, Examiners, And Investigators",0.0
Male,18.0,BUS-Compliance Officers,0.0
Male,19.0,BUS-Compliance Officers,0.0
Male,20.0,BUS-Compliance Officers,0.0
Male,21.0,BUS-Compliance Officers,0.0
Male,22.0,BUS-Compliance Officers,0.0
Male,23.0,BUS-Compliance Officers,0.0
Male,24.0,BUS-Compliance Officers,0.0
Male,25.0,BUS-Compliance Officers,0.0
Male,26.0,BUS-Compliance Officers,0.0
Male,27.0,BUS-Compliance Officers,0.0
Male,28.0,BUS-Compliance Officers,0.0
Male,29.0,BUS-Compliance Officers,0.0
Male,30.0,BUS-Compliance Officers,0.0
Female,18.0,BUS-Compliance Officers,0.0
Female,19.0,BUS-Compliance Officers,0.0
Female,20.0,BUS-Compliance Officers,0.0
Female,21.0,BUS-Compliance Officers,0.0
Female,22.0,BUS-Compliance Officers,0.0
Female,23.0,BUS-Compliance Officers,0.0
Female,24.0,BUS-Compliance Officers,0.0
Female,25.0,BUS-Compliance Officers,0.0
Female,26.0,BUS-Compliance Officers,70.0
Female,27.0,BUS-Compliance Officers,0.0
Female,28.0,BUS-Compliance Officers,120.0
Female,29.0,BUS-Compliance Officers,0.0
Female,30.0,BUS-Compliance Officers,0.0
Male,18.0,BUS-Cost Estimators,0.0
Male,19.0,BUS-Cost Estimators,0.0
Male,20.0,BUS-Cost Estimators,0.0
Male,21.0,BUS-Cost Estimators,0.0
Male,22.0,BUS-Cost Estimators,0.0
Male,23.0,BUS-Cost Estimators,0.0
Male,24.0,BUS-Cost Estimators,0.0
Male,25.0,BUS-Cost Estimators,0.0
Male,26.0,BUS-Cost Estimators,0.0
Male,27.0,BUS-Cost Estimators,0.0
Male,28.0,BUS-Cost Estimators,0.0
Male,29.0,BUS-Cost Estimators,0.0
Male,30.0,BUS-Cost Estimators,83.0
Female,18.0,BUS-Cost Estimators,0.0
Female,19.0,BUS-Cost Estimators,0.0
Female,20.0,BUS-Cost Estimators,0.0
Female,21.0,BUS-Cost Estimators,0.0
Female,22.0,BUS-Cost Estimators,0.0
Female,23.0,BUS-Cost Estimators,0.0
Female,24.0,BUS-Cost Estimators,0.0
Female,25.0,BUS-Cost Estimators,0.0
Female,26.0,BUS-Cost Estimators,0.0
Female,27.0,BUS-Cost Estimators,0.0
Female,28.0,BUS-Cost Estimators,0.0
Female,29.0,BUS-Cost Estimators,0.0
Female,30.0,BUS-Cost Estimators,0.0
Male,18.0,BUS-Human Resources Workers,0.0
Male,19.0,BUS-Human Resources Workers,0.0
Male,20.0,BUS-Human Resources Workers,0.0
Male,21.0,BUS-Human Resources Workers,235.0
Male,22.0,BUS-Human Resources Workers,0.0
Male,23.0,BUS-Human Resources Workers,147.0
Male,24.0,BUS-Human Resources Workers,312.0
Male,25.0,BUS-Human Resources Workers,0.0
Male,26.0,BUS-Human Resources Workers,0.0
Male,27.0,BUS-Human Resources Workers,192.0
Male,28.0,BUS-Human Resources Workers,0.0
Male,29.0,BUS-Human Resources Workers,80.0
Male,30.0,BUS-Human Resources Workers,100.0
Female,18.0,BUS-Human Resources Workers,0.0
Female,19.0,BUS-Human Resources Workers,119.0
Female,20.0,BUS-Human Resources Workers,0.0
Female,21.0,BUS-Human Resources Workers,0.0
Female,22.0,BUS-Human Resources Workers,222.0
Female,23.0,BUS-Human Resources Workers,55.0
Female,24.0,BUS-Human Resources Workers,14.0
Female,25.0,BUS-Human Resources Workers,83.0
Female,26.0,BUS-Human Resources Workers,0.0
Female,27.0,BUS-Human Resources Workers,94.0
Female,28.0,BUS-Human Resources Workers,92.0
Female,29.0,BUS-Human Resources Workers,195.0
Female,30.0,BUS-Human Resources Workers,0.0
Male,18.0,"BUS-Compensation, Benefits, And Job Analysis Specialists",0.0
Male,19.0,"BUS-Compensation, Benefits, And Job Analysis Specialists",0.0
Male,20.0,"BUS-Compensation, Benefits, And Job Analysis Specialists",0.0
Male,21.0,"BUS-Compensation, Benefits, And Job Analysis Specialists",0.0
Male,22.0,"BUS-Compensation, Benefits, And Job Analysis Specialists",0.0
Male,23.0,"BUS-Compensation, Benefits, And Job Analysis Specialists",0.0
Male,24.0,"BUS-Compensation, Benefits, And Job Analysis Specialists",0.0
Male,25.0,"BUS-Compensation, Benefits, And Job Analysis Specialists",0.0
Male,26.0,"BUS-Compensation, Benefits, And Job Analysis Specialists",0.0
Male,27.0,"BUS-Compensation, Benefits, And Job Analysis Specialists",0.0
Male,28.0,"BUS-Compensation, Benefits, And Job Analysis Specialists",0.0
Male,29.0,"BUS-Compensation, Benefits, And Job Analysis Specialists",0.0
Male,30.0,"BUS-Compensation, Benefits, And Job Analysis Specialists",0.0
Female,18.0,"BUS-Compensation, Benefits, And Job Analysis Specialists",0.0
Female,19.0,"BUS-Compensation, Benefits, And Job Analysis Specialists",0.0
Female,20.0,"BUS-Compensation, Benefits, And Job Analysis Specialists",0.0
Female,21.0,"BUS-Compensation, Benefits, And Job Analysis Specialists",0.0
Female,22.0,"BUS-Compensation, Benefits, And Job Analysis Specialists",0.0
Female,23.0,"BUS-Compensation, Benefits, And Job Analysis Specialists",0.0
Female,24.0,"BUS-Compensation, Benefits, And Job Analysis Specialists",365.0
Female,25.0,"BUS-Compensation, Benefits, And Job Analysis Specialists",0.0
Female,26.0,"BUS-Compensation, Benefits, And Job Analysis Specialists",0.0
Female,27.0,"BUS-Compensation, Benefits, And Job Analysis Specialists",0.0
Female,28.0,"BUS-Compensation, Benefits, And Job Analysis Specialists",0.0
Female,29.0,"BUS-Compensation, Benefits, And Job Analysis Specialists",0.0
Female,30.0,"BUS-Compensation, Benefits, And Job Analysis Specialists",0.0
Male,18.0,BUS-Training And Development Specialists,0.0
Male,19.0,BUS-Training And Development Specialists,0.0
Male,20.0,BUS-Training And Development Specialists,0.0
Male,21.0,BUS-Training And Development Specialists,0.0
Male,22.0,BUS-Training And Development Specialists,123.0
Male,23.0,BUS-Training And Development Specialists,0.0
Male,24.0,BUS-Training And Development Specialists,0.0
Male,25.0,BUS-Training And Development Specialists,0.0
Male,26.0,BUS-Training And Development Specialists,0.0
Male,27.0,BUS-Training And Development Specialists,38.0
Male,28.0,BUS-Training And Development Specialists,0.0
Male,29.0,BUS-Training And Development Specialists,0.0
Male,30.0,BUS-Training And Development Specialists,0.0
Female,18.0,BUS-Training And Development Specialists,0.0
Female,19.0,BUS-Training And Development Specialists,0.0
Female,20.0,BUS-Training And Development Specialists,0.0
Female,21.0,BUS-Training And Development Specialists,0.0
Female,22.0,BUS-Training And Development Specialists,0.0
Female,23.0,BUS-Training And Development Specialists,0.0
Female,24.0,BUS-Training And Development Specialists,0.0
Female,25.0,BUS-Training And Development Specialists,0.0
Female,26.0,BUS-Training And Development Specialists,79.0
Female,27.0,BUS-Training And Development Specialists,0.0
Female,28.0,BUS-Training And Development Specialists,0.0
Female,29.0,BUS-Training And Development Specialists,224.0
Female,30.0,BUS-Training And Development Specialists,0.0
Male,18.0,BUS-Logisticians,0.0
Male,19.0,BUS-Logisticians,0.0
Male,20.0,BUS-Logisticians,0.0
Male,21.0,BUS-Logisticians,0.0
Male,22.0,BUS-Logisticians,0.0
Male,23.0,BUS-Logisticians,0.0
Male,24.0,BUS-Logisticians,51.0
Male,25.0,BUS-Logisticians,0.0
Male,26.0,BUS-Logisticians,18.0
Male,27.0,BUS-Logisticians,0.0
Male,28.0,BUS-Logisticians,0.0
Male,29.0,BUS-Logisticians,0.0
Male,30.0,BUS-Logisticians,0.0
Female,18.0,BUS-Logisticians,0.0
Female,19.0,BUS-Logisticians,0.0
Female,20.0,BUS-Logisticians,0.0
Female,21.0,BUS-Logisticians,0.0
Female,22.0,BUS-Logisticians,0.0
Female,23.0,BUS-Logisticians,0.0
Female,24.0,BUS-Logisticians,0.0
Female,25.0,BUS-Logisticians,0.0
Female,26.0,BUS-Logisticians,0.0
Female,27.0,BUS-Logisticians,0.0
Female,28.0,BUS-Logisticians,0.0
Female,29.0,BUS-Logisticians,0.0
Female,30.0,BUS-Logisticians,0.0
Male,18.0,BUS-Project Management Specialists,0.0
Male,19.0,BUS-Project Management Specialists,0.0
Male,20.0,BUS-Project Management Specialists,0.0
Male,21.0,BUS-Project Management Specialists,0.0
Male,22.0,BUS-Project Management Specialists,0.0
Male,23.0,BUS-Project Management Specialists,0.0
Male,24.0,BUS-Project Management Specialists,0.0
Male,25.0,BUS-Project Management Specialists,0.0
Male,26.0,BUS-Project Management Specialists,0.0
Male,27.0,BUS-Project Management Specialists,121.0
Male,28.0,BUS-Project Management Specialists,131.0
Male,29.0,BUS-Project Management Specialists,147.0
Male,30.0,BUS-Project Management Specialists,451.0
Female,18.0,BUS-Project Management Specialists,0.0
Female,19.0,BUS-Project Management Specialists,0.0
Female,20.0,BUS-Project Management Specialists,0.0
Female,21.0,BUS-Project Management Specialists,0.0
Female,22.0,BUS-Project Management Specialists,0.0
Female,23.0,BUS-Project Management Specialists,198.0
Female,24.0,BUS-Project Management Specialists,77.0
Female,25.0,BUS-Project Management Specialists,0.0
Female,26.0,BUS-Project Management Specialists,0.0
Female,27.0,BUS-Project Management Specialists,101.0
Female,28.0,BUS-Project Management Specialists,0.0
Female,29.0,BUS-Project Management Specialists,76.0
Female,30.0,BUS-Project Management Specialists,158.0
Male,18.0,BUS-Management Analysts,0.0
Male,19.0,BUS-Management Analysts,0.0
Male,20.0,BUS-Management Analysts,0.0
Male,21.0,BUS-Management Analysts,0.0
Male,22.0,BUS-Management Analysts,106.0
Male,23.0,BUS-Management Analysts,465.0
Male,24.0,BUS-Management Analysts,291.0
Male,25.0,BUS-Management Analysts,50.0
Male,26.0,BUS-Management Analysts,64.0
Male,27.0,BUS-Management Analysts,134.0
Male,28.0,BUS-Management Analysts,257.0
Male,29.0,BUS-Management Analysts,0.0
Male,30.0,BUS-Management Analysts,0.0
Female,18.0,BUS-Management Analysts,0.0
Female,19.0,BUS-Management Analysts,0.0
Female,20.0,BUS-Management Analysts,0.0
Female,21.0,BUS-Management Analysts,90.0
Female,22.0,BUS-Management Analysts,0.0
Female,23.0,BUS-Management Analysts,0.0
Female,24.0,BUS-Management Analysts,74.0
Female,25.0,BUS-Management Analysts,294.0
Female,26.0,BUS-Management Analysts,107.0
Female,27.0,BUS-Management Analysts,0.0
Female,28.0,BUS-Management Analysts,52.0
Female,29.0,BUS-Management Analysts,273.0
Female,30.0,BUS-Management Analysts,0.0
Male,18.0,"BUS-Meeting, Convention, And Event Planners",0.0
Male,19.0,"BUS-Meeting, Convention, And Event Planners",0.0
Male,20.0,"BUS-Meeting, Convention, And Event Planners",0.0
Male,21.0,"BUS-Meeting, Convention, And Event Planners",0.0
Male,22.0,"BUS-Meeting, Convention, And Event Planners",0.0
Male,23.0,"BUS-Meeting, Convention, And Event Planners",0.0
Male,24.0,"BUS-Meeting, Convention, And Event Planners",0.0
Male,25.0,"BUS-Meeting, Convention, And Event Planners",0.0
Male,26.0,"BUS-Meeting, Convention, And Event Planners",0.0
Male,27.0,"BUS-Meeting, Convention, And Event Planners",0.0
Male,28.0,"BUS-Meeting, Convention, And Event Planners",0.0
Male,29.0,"BUS-Meeting, Convention, And Event Planners",0.0
Male,30.0,"BUS-Meeting, Convention, And Event Planners",0.0
Female,18.0,"BUS-Meeting, Convention, And Event Planners",0.0
Female,19.0,"BUS-Meeting, Convention, And Event Planners",0.0
Female,20.0,"BUS-Meeting, Convention, And Event Planners",0.0
Female,21.0,"BUS-Meeting, Convention, And Event Planners",0.0
Female,22.0,"BUS-Meeting, Convention, And Event Planners",0.0
Female,23.0,"BUS-Meeting, Convention, And Event Planners",0.0
Female,24.0,"BUS-Meeting, Convention, And Event Planners",0.0
Female,25.0,"BUS-Meeting, Convention, And Event Planners",352.0
Female,26.0,"BUS-Meeting, Convention, And Event Planners",143.0
Female,27.0,"BUS-Meeting, Convention, And Event Planners",0.0
Female,28.0,"BUS-Meeting, Convention, And Event Planners",119.0
Female,29.0,"BUS-Meeting, Convention, And Event Planners",0.0
Female,30.0,"BUS-Meeting, Convention, And Event Planners",0.0
Male,18.0,BUS-Fundraisers,0.0
Male,19.0,BUS-Fundraisers,0.0
Male,20.0,BUS-Fundraisers,0.0
Male,21.0,BUS-Fundraisers,0.0
Male,22.0,BUS-Fundraisers,0.0
Male,23.0,BUS-Fundraisers,0.0
Male,24.0,BUS-Fundraisers,0.0
Male,25.0,BUS-Fundraisers,0.0
Male,26.0,BUS-Fundraisers,0.0
Male,27.0,BUS-Fundraisers,0.0
Male,28.0,BUS-Fundraisers,0.0
Male,29.0,BUS-Fundraisers,0.0
Male,30.0,BUS-Fundraisers,0.0
Female,18.0,BUS-Fundraisers,0.0
Female,19.0,BUS-Fundraisers,0.0
Female,20.0,BUS-Fundraisers,13.0
Female,21.0,BUS-Fundraisers,0.0
Female,22.0,BUS-Fundraisers,0.0
Female,23.0,BUS-Fundraisers,0.0
Female,24.0,BUS-Fundraisers,0.0
Female,25.0,BUS-Fundraisers,0.0
Female,26.0,BUS-Fundraisers,0.0
Female,27.0,BUS-Fundraisers,0.0
Female,28.0,BUS-Fundraisers,0.0
Female,29.0,BUS-Fundraisers,0.0
Female,30.0,BUS-Fundraisers,0.0
Male,18.0,BUS-Market Research Analysts And Marketing Specialists,0.0
Male,19.0,BUS-Market Research Analysts And Marketing Specialists,0.0
Male,20.0,BUS-Market Research Analysts And Marketing Specialists,0.0
Male,21.0,BUS-Market Research Analysts And Marketing Specialists,184.0
Male,22.0,BUS-Market Research Analysts And Marketing Specialists,161.0
Male,23.0,BUS-Market Research Analysts And Marketing Specialists,0.0
Male,24.0,BUS-Market Research Analysts And Marketing Specialists,0.0
Male,25.0,BUS-Market Research Analysts And Marketing Specialists,0.0
Male,26.0,BUS-Market Research Analysts And Marketing Specialists,297.0
Male,27.0,BUS-Market Research Analysts And Marketing Specialists,99.0
Male,28.0,BUS-Market Research Analysts And Marketing Specialists,207.0
Male,29.0,BUS-Market Research Analysts And Marketing Specialists,77.0
Male,30.0,BUS-Market Research Analysts And Marketing Specialists,44.0
Female,18.0,BUS-Market Research Analysts And Marketing Specialists,0.0
Female,19.0,BUS-Market Research Analysts And Marketing Specialists,0.0
Female,20.0,BUS-Market Research Analysts And Marketing Specialists,0.0
Female,21.0,BUS-Market Research Analysts And Marketing Specialists,0.0
Female,22.0,BUS-Market Research Analysts And Marketing Specialists,0.0
Female,23.0,BUS-Market Research Analysts And Marketing Specialists,374.0
Female,24.0,BUS-Market Research Analysts And Marketing Specialists,399.0
Female,25.0,BUS-Market Research Analysts And Marketing Specialists,139.0
Female,26.0,BUS-Market Research Analysts And Marketing Specialists,111.0
Female,27.0,BUS-Market Research Analysts And Marketing Specialists,224.0
Female,28.0,BUS-Market Research Analysts And Marketing Specialists,341.0
Female,29.0,BUS-Market Research Analysts And Marketing Specialists,0.0
Female,30.0,BUS-Market Research Analysts And Marketing Specialists,0.0
Male,18.0,"BUS-Business Operations Specialists, All Other",0.0
Male,19.0,"BUS-Business Operations Specialists, All Other",0.0
Male,20.0,"BUS-Business Operations Specialists, All Other",0.0
Male,21.0,"BUS-Business Operations Specialists, All Other",0.0
Male,22.0,"BUS-Business Operations Specialists, All Other",0.0
Male,23.0,"BUS-Business Operations Specialists, All Other",0.0
Male,24.0,"BUS-Business Operations Specialists, All Other",90.0
Male,25.0,"BUS-Business Operations Specialists, All Other",0.0
Male,26.0,"BUS-Business Operations Specialists, All Other",109.0
Male,27.0,"BUS-Business Operations Specialists, All Other",0.0
Male,28.0,"BUS-Business Operations Specialists, All Other",80.0
Male,29.0,"BUS-Business Operations Specialists, All Other",0.0
Male,30.0,"BUS-Business Operations Specialists, All Other",70.0
Female,18.0,"BUS-Business Operations Specialists, All Other",0.0
Female,19.0,"BUS-Business Operations Specialists, All Other",0.0
Female,20.0,"BUS-Business Operations Specialists, All Other",0.0
Female,21.0,"BUS-Business Operations Specialists, All Other",0.0
Female,22.0,"BUS-Business Operations Specialists, All Other",0.0
Female,23.0,"BUS-Business Operations Specialists, All Other",76.0
Female,24.0,"BUS-Business Operations Specialists, All Other",327.0
Female,25.0,"BUS-Business Operations Specialists, All Other",0.0
Female,26.0,"BUS-Business Operations Specialists, All Other",133.0
Female,27.0,"BUS-Business Operations Specialists, All Other",0.0
Female,28.0,"BUS-Business Operations Specialists, All Other",0.0
Female,29.0,"BUS-Business Operations Specialists, All Other",0.0
Female,30.0,"BUS-Business Operations Specialists, All Other",0.0
Male,18.0,FIN-Accountants And Auditors,0.0
Male,19.0,FIN-Accountants And Auditors,0.0
Male,20.0,FIN-Accountants And Auditors,0.0
Male,21.0,FIN-Accountants And Auditors,0.0
Male,22.0,FIN-Accountants And Auditors,378.0
Male,23.0,FIN-Accountants And Auditors,985.0
Male,24.0,FIN-Accountants And Auditors,177.0
Male,25.0,FIN-Accountants And Auditors,472.0
Male,26.0,FIN-Accountants And Auditors,0.0
Male,27.0,FIN-Accountants And Auditors,881.0
Male,28.0,FIN-Accountants And Auditors,153.0
Male,29.0,FIN-Accountants And Auditors,128.0
Male,30.0,FIN-Accountants And Auditors,307.0
Female,18.0,FIN-Accountants And Auditors,0.0
Female,19.0,FIN-Accountants And Auditors,0.0
Female,20.0,FIN-Accountants And Auditors,0.0
Female,21.0,FIN-Accountants And Auditors,0.0
Female,22.0,FIN-Accountants And Auditors,253.0
Female,23.0,FIN-Accountants And Auditors,74.0
Female,24.0,FIN-Accountants And Auditors,257.0
Female,25.0,FIN-Accountants And Auditors,324.0
Female,26.0,FIN-Accountants And Auditors,321.0
Female,27.0,FIN-Accountants And Auditors,0.0
Female,28.0,FIN-Accountants And Auditors,195.0
Female,29.0,FIN-Accountants And Auditors,102.0
Female,30.0,FIN-Accountants And Auditors,222.0
Male,18.0,FIN-Property Appraisers and Assessors,0.0
Male,19.0,FIN-Property Appraisers and Assessors,0.0
Male,20.0,FIN-Property Appraisers and Assessors,0.0
Male,21.0,FIN-Property Appraisers and Assessors,0.0
Male,22.0,FIN-Property Appraisers and Assessors,0.0
Male,23.0,FIN-Property Appraisers and Assessors,0.0
Male,24.0,FIN-Property Appraisers and Assessors,0.0
Male,25.0,FIN-Property Appraisers and Assessors,0.0
Male,26.0,FIN-Property Appraisers and Assessors,0.0
Male,27.0,FIN-Property Appraisers and Assessors,0.0
Male,28.0,FIN-Property Appraisers and Assessors,0.0
Male,29.0,FIN-Property Appraisers and Assessors,0.0
Male,30.0,FIN-Property Appraisers and Assessors,0.0
Female,18.0,FIN-Property Appraisers and Assessors,0.0
Female,19.0,FIN-Property Appraisers and Assessors,0.0
Female,20.0,FIN-Property Appraisers and Assessors,0.0
Female,21.0,FIN-Property Appraisers and Assessors,0.0
Female,22.0,FIN-Property Appraisers and Assessors,0.0
Female,23.0,FIN-Property Appraisers and Assessors,0.0
Female,24.0,FIN-Property Appraisers and Assessors,0.0
Female,25.0,FIN-Property Appraisers and Assessors,0.0
Female,26.0,FIN-Property Appraisers and Assessors,0.0
Female,27.0,FIN-Property Appraisers and Assessors,0.0
Female,28.0,FIN-Property Appraisers and Assessors,0.0
Female,29.0,FIN-Property Appraisers and Assessors,0.0
Female,30.0,FIN-Property Appraisers and Assessors,0.0
Male,18.0,FIN-Budget Analysts,0.0
Male,19.0,FIN-Budget Analysts,0.0
Male,20.0,FIN-Budget Analysts,0.0
Male,21.0,FIN-Budget Analysts,0.0
Male,22.0,FIN-Budget Analysts,0.0
Male,23.0,FIN-Budget Analysts,0.0
Male,24.0,FIN-Budget Analysts,0.0
Male,25.0,FIN-Budget Analysts,0.0
Male,26.0,FIN-Budget Analysts,0.0
Male,27.0,FIN-Budget Analysts,0.0
Male,28.0,FIN-Budget Analysts,0.0
Male,29.0,FIN-Budget Analysts,0.0
Male,30.0,FIN-Budget Analysts,0.0
Female,18.0,FIN-Budget Analysts,0.0
Female,19.0,FIN-Budget Analysts,0.0
Female,20.0,FIN-Budget Analysts,0.0
Female,21.0,FIN-Budget Analysts,0.0
Female,22.0,FIN-Budget Analysts,0.0
Female,23.0,FIN-Budget Analysts,0.0
Female,24.0,FIN-Budget Analysts,0.0
Female,25.0,FIN-Budget Analysts,0.0
Female,26.0,FIN-Budget Analysts,0.0
Female,27.0,FIN-Budget Analysts,46.0
Female,28.0,FIN-Budget Analysts,33.0
Female,29.0,FIN-Budget Analysts,89.0
Female,30.0,FIN-Budget Analysts,0.0
Male,18.0,FIN-Credit Analysts,0.0
Male,19.0,FIN-Credit Analysts,0.0
Male,20.0,FIN-Credit Analysts,0.0
Male,21.0,FIN-Credit Analysts,0.0
Male,22.0,FIN-Credit Analysts,0.0
Male,23.0,FIN-Credit Analysts,0.0
Male,24.0,FIN-Credit Analysts,0.0
Male,25.0,FIN-Credit Analysts,0.0
Male,26.0,FIN-Credit Analysts,0.0
Male,27.0,FIN-Credit Analysts,0.0
Male,28.0,FIN-Credit Analysts,0.0
Male,29.0,FIN-Credit Analysts,0.0
Male,30.0,FIN-Credit Analysts,0.0
Female,18.0,FIN-Credit Analysts,0.0
Female,19.0,FIN-Credit Analysts,0.0
Female,20.0,FIN-Credit Analysts,0.0
Female,21.0,FIN-Credit Analysts,0.0
Female,22.0,FIN-Credit Analysts,0.0
Female,23.0,FIN-Credit Analysts,0.0
Female,24.0,FIN-Credit Analysts,0.0
Female,25.0,FIN-Credit Analysts,0.0
Female,26.0,FIN-Credit Analysts,0.0
Female,27.0,FIN-Credit Analysts,0.0
Female,28.0,FIN-Credit Analysts,0.0
Female,29.0,FIN-Credit Analysts,0.0
Female,30.0,FIN-Credit Analysts,0.0
Male,18.0,FIN-Financial And Investment Analysts,0.0
Male,19.0,FIN-Financial And Investment Analysts,0.0
Male,20.0,FIN-Financial And Investment Analysts,0.0
Male,21.0,FIN-Financial And Investment Analysts,0.0
Male,22.0,FIN-Financial And Investment Analysts,0.0
Male,23.0,FIN-Financial And Investment Analysts,220.0
Male,24.0,FIN-Financial And Investment Analysts,213.0
Male,25.0,FIN-Financial And Investment Analysts,66.0
Male,26.0,FIN-Financial And Investment Analysts,48.0
Male,27.0,FIN-Financial And Investment Analysts,143.0
Male,28.0,FIN-Financial And Investment Analysts,0.0
Male,29.0,FIN-Financial And Investment Analysts,0.0
Male,30.0,FIN-Financial And Investment Analysts,0.0
Female,18.0,FIN-Financial And Investment Analysts,0.0
Female,19.0,FIN-Financial And Investment Analysts,0.0
Female,20.0,FIN-Financial And Investment Analysts,0.0
Female,21.0,FIN-Financial And Investment Analysts,0.0
Female,22.0,FIN-Financial And Investment Analysts,0.0
Female,23.0,FIN-Financial And Investment Analysts,0.0
Female,24.0,FIN-Financial And Investment Analysts,0.0
Female,25.0,FIN-Financial And Investment Analysts,94.0
Female,26.0,FIN-Financial And Investment Analysts,51.0
Female,27.0,FIN-Financial And Investment Analysts,0.0
Female,28.0,FIN-Financial And Investment Analysts,0.0
Female,29.0,FIN-Financial And Investment Analysts,99.0
Female,30.0,FIN-Financial And Investment Analysts,53.0
Male,18.0,FIN-Personal Financial Advisors,0.0
Male,19.0,FIN-Personal Financial Advisors,0.0
Male,20.0,FIN-Personal Financial Advisors,0.0
Male,21.0,FIN-Personal Financial Advisors,0.0
Male,22.0,FIN-Personal Financial Advisors,0.0
Male,23.0,FIN-Personal Financial Advisors,246.0
Male,24.0,FIN-Personal Financial Advisors,144.0
Male,25.0,FIN-Personal Financial Advisors,262.0
Male,26.0,FIN-Personal Financial Advisors,63.0
Male,27.0,FIN-Personal Financial Advisors,179.0
Male,28.0,FIN-Personal Financial Advisors,139.0
Male,29.0,FIN-Personal Financial Advisors,267.0
Male,30.0,FIN-Personal Financial Advisors,183.0
Female,18.0,FIN-Personal Financial Advisors,0.0
Female,19.0,FIN-Personal Financial Advisors,0.0
Female,20.0,FIN-Personal Financial Advisors,0.0
Female,21.0,FIN-Personal Financial Advisors,80.0
Female,22.0,FIN-Personal Financial Advisors,0.0
Female,23.0,FIN-Personal Financial Advisors,0.0
Female,24.0,FIN-Personal Financial Advisors,0.0
Female,25.0,FIN-Personal Financial Advisors,0.0
Female,26.0,FIN-Personal Financial Advisors,67.0
Female,27.0,FIN-Personal Financial Advisors,0.0
Female,28.0,FIN-Personal Financial Advisors,0.0
Female,29.0,FIN-Personal Financial Advisors,0.0
Female,30.0,FIN-Personal Financial Advisors,177.0
Male,18.0,FIN-Insurance Underwriters,0.0
Male,19.0,FIN-Insurance Underwriters,0.0
Male,20.0,FIN-Insurance Underwriters,0.0
Male,21.0,FIN-Insurance Underwriters,0.0
Male,22.0,FIN-Insurance Underwriters,0.0
Male,23.0,FIN-Insurance Underwriters,0.0
Male,24.0,FIN-Insurance Underwriters,0.0
Male,25.0,FIN-Insurance Underwriters,56.0
Male,26.0,FIN-Insurance Underwriters,0.0
Male,27.0,FIN-Insurance Underwriters,0.0
Male,28.0,FIN-Insurance Underwriters,0.0
Male,29.0,FIN-Insurance Underwriters,83.0
Male,30.0,FIN-Insurance Underwriters,97.0
Female,18.0,FIN-Insurance Underwriters,0.0
Female,19.0,FIN-Insurance Underwriters,0.0
Female,20.0,FIN-Insurance Underwriters,0.0
Female,21.0,FIN-Insurance Underwriters,0.0
Female,22.0,FIN-Insurance Underwriters,0.0
Female,23.0,FIN-Insurance Underwriters,0.0
Female,24.0,FIN-Insurance Underwriters,0.0
Female,25.0,FIN-Insurance Underwriters,0.0
Female,26.0,FIN-Insurance Underwriters,73.0
Female,27.0,FIN-Insurance Underwriters,0.0
Female,28.0,FIN-Insurance Underwriters,53.0
Female,29.0,FIN-Insurance Underwriters,115.0
Female,30.0,FIN-Insurance Underwriters,98.0
Male,18.0,FIN-Financial Examiners,0.0
Male,19.0,FIN-Financial Examiners,0.0
Male,20.0,FIN-Financial Examiners,0.0
Male,21.0,FIN-Financial Examiners,0.0
Male,22.0,FIN-Financial Examiners,0.0
Male,23.0,FIN-Financial Examiners,0.0
Male,24.0,FIN-Financial Examiners,0.0
Male,25.0,FIN-Financial Examiners,0.0
Male,26.0,FIN-Financial Examiners,0.0
Male,27.0,FIN-Financial Examiners,0.0
Male,28.0,FIN-Financial Examiners,0.0
Male,29.0,FIN-Financial Examiners,0.0
Male,30.0,FIN-Financial Examiners,0.0
Female,18.0,FIN-Financial Examiners,0.0
Female,19.0,FIN-Financial Examiners,0.0
Female,20.0,FIN-Financial Examiners,0.0
Female,21.0,FIN-Financial Examiners,0.0
Female,22.0,FIN-Financial Examiners,0.0
Female,23.0,FIN-Financial Examiners,0.0
Female,24.0,FIN-Financial Examiners,0.0
Female,25.0,FIN-Financial Examiners,189.0
Female,26.0,FIN-Financial Examiners,0.0
Female,27.0,FIN-Financial Examiners,0.0
Female,28.0,FIN-Financial Examiners,0.0
Female,29.0,FIN-Financial Examiners,0.0
Female,30.0,FIN-Financial Examiners,0.0
Male,18.0,FIN-Credit Counselors And Loan Officers,0.0
Male,19.0,FIN-Credit Counselors And Loan Officers,0.0
Male,20.0,FIN-Credit Counselors And Loan Officers,0.0
Male,21.0,FIN-Credit Counselors And Loan Officers,0.0
Male,22.0,FIN-Credit Counselors And Loan Officers,0.0
Male,23.0,FIN-Credit Counselors And Loan Officers,0.0
Male,24.0,FIN-Credit Counselors And Loan Officers,0.0
Male,25.0,FIN-Credit Counselors And Loan Officers,0.0
Male,26.0,FIN-Credit Counselors And Loan Officers,0.0
Male,27.0,FIN-Credit Counselors And Loan Officers,0.0
Male,28.0,FIN-Credit Counselors And Loan Officers,104.0
Male,29.0,FIN-Credit Counselors And Loan Officers,0.0
Male,30.0,FIN-Credit Counselors And Loan Officers,0.0
Female,18.0,FIN-Credit Counselors And Loan Officers,0.0
Female,19.0,FIN-Credit Counselors And Loan Officers,0.0
Female,20.0,FIN-Credit Counselors And Loan Officers,0.0
Female,21.0,FIN-Credit Counselors And Loan Officers,0.0
Female,22.0,FIN-Credit Counselors And Loan Officers,0.0
Female,23.0,FIN-Credit Counselors And Loan Officers,33.0
Female,24.0,FIN-Credit Counselors And Loan Officers,0.0
Female,25.0,FIN-Credit Counselors And Loan Officers,0.0
Female,26.0,FIN-Credit Counselors And Loan Officers,0.0
Female,27.0,FIN-Credit Counselors And Loan Officers,0.0
Female,28.0,FIN-Credit Counselors And Loan Officers,0.0
Female,29.0,FIN-Credit Counselors And Loan Officers,0.0
Female,30.0,FIN-Credit Counselors And Loan Officers,68.0
Male,18.0,"FIN-Tax Examiners And Collectors, And Revenue Agents",0.0
Male,19.0,"FIN-Tax Examiners And Collectors, And Revenue Agents",0.0
Male,20.0,"FIN-Tax Examiners And Collectors, And Revenue Agents",0.0
Male,21.0,"FIN-Tax Examiners And Collectors, And Revenue Agents",0.0
Male,22.0,"FIN-Tax Examiners And Collectors, And Revenue Agents",0.0
Male,23.0,"FIN-Tax Examiners And Collectors, And Revenue Agents",0.0
Male,24.0,"FIN-Tax Examiners And Collectors, And Revenue Agents",0.0
Male,25.0,"FIN-Tax Examiners And Collectors, And Revenue Agents",0.0
Male,26.0,"FIN-Tax Examiners And Collectors, And Revenue Agents",0.0
Male,27.0,"FIN-Tax Examiners And Collectors, And Revenue Agents",0.0
Male,28.0,"FIN-Tax Examiners And Collectors, And Revenue Agents",0.0
Male,29.0,"FIN-Tax Examiners And Collectors, And Revenue Agents",0.0
Male,30.0,"FIN-Tax Examiners And Collectors, And Revenue Agents",0.0
Female,18.0,"FIN-Tax Examiners And Collectors, And Revenue Agents",0.0
Female,19.0,"FIN-Tax Examiners And Collectors, And Revenue Agents",0.0
Female,20.0,"FIN-Tax Examiners And Collectors, And Revenue Agents",0.0
Female,21.0,"FIN-Tax Examiners And Collectors, And Revenue Agents",0.0
Female,22.0,"FIN-Tax Examiners And Collectors, And Revenue Agents",0.0
Female,23.0,"FIN-Tax Examiners And Collectors, And Revenue Agents",0.0
Female,24.0,"FIN-Tax Examiners And Collectors, And Revenue Agents",0.0
Female,25.0,"FIN-Tax Examiners And Collectors, And Revenue Agents",0.0
Female,26.0,"FIN-Tax Examiners And Collectors, And Revenue Agents",0.0
Female,27.0,"FIN-Tax Examiners And Collectors, And Revenue Agents",0.0
Female,28.0,"FIN-Tax Examiners And Collectors, And Revenue Agents",0.0
Female,29.0,"FIN-Tax Examiners And Collectors, And Revenue Agents",0.0
Female,30.0,"FIN-Tax Examiners And Collectors, And Revenue Agents",0.0
Male,18.0,FIN-Tax Preparers,0.0
Male,19.0,FIN-Tax Preparers,0.0
Male,20.0,FIN-Tax Preparers,0.0
Male,21.0,FIN-Tax Preparers,0.0
Male,22.0,FIN-Tax Preparers,0.0
Male,23.0,FIN-Tax Preparers,0.0
Male,24.0,FIN-Tax Preparers,0.0
Male,25.0,FIN-Tax Preparers,0.0
Male,26.0,FIN-Tax Preparers,0.0
Male,27.0,FIN-Tax Preparers,0.0
Male,28.0,FIN-Tax Preparers,0.0
Male,29.0,FIN-Tax Preparers,0.0
Male,30.0,FIN-Tax Preparers,0.0
Female,18.0,FIN-Tax Preparers,0.0
Female,19.0,FIN-Tax Preparers,0.0
Female,20.0,FIN-Tax Preparers,0.0
Female,21.0,FIN-Tax Preparers,0.0
Female,22.0,FIN-Tax Preparers,0.0
Female,23.0,FIN-Tax Preparers,0.0
Female,24.0,FIN-Tax Preparers,0.0
Female,25.0,FIN-Tax Preparers,49.0
Female,26.0,FIN-Tax Preparers,0.0
Female,27.0,FIN-Tax Preparers,0.0
Female,28.0,FIN-Tax Preparers,0.0
Female,29.0,FIN-Tax Preparers,0.0
Female,30.0,FIN-Tax Preparers,108.0
Male,18.0,FIN-Other Financial Specialists,0.0
Male,19.0,FIN-Other Financial Specialists,0.0
Male,20.0,FIN-Other Financial Specialists,0.0
Male,21.0,FIN-Other Financial Specialists,0.0
Male,22.0,FIN-Other Financial Specialists,0.0
Male,23.0,FIN-Other Financial Specialists,0.0
Male,24.0,FIN-Other Financial Specialists,0.0
Male,25.0,FIN-Other Financial Specialists,73.0
Male,26.0,FIN-Other Financial Specialists,0.0
Male,27.0,FIN-Other Financial Specialists,0.0
Male,28.0,FIN-Other Financial Specialists,0.0
Male,29.0,FIN-Other Financial Specialists,0.0
Male,30.0,FIN-Other Financial Specialists,0.0
Female,18.0,FIN-Other Financial Specialists,0.0
Female,19.0,FIN-Other Financial Specialists,0.0
Female,20.0,FIN-Other Financial Specialists,0.0
Female,21.0,FIN-Other Financial Specialists,0.0
Female,22.0,FIN-Other Financial Specialists,0.0
Female,23.0,FIN-Other Financial Specialists,0.0
Female,24.0,FIN-Other Financial Specialists,0.0
Female,25.0,FIN-Other Financial Specialists,0.0
Female,26.0,FIN-Other Financial Specialists,0.0
Female,27.0,FIN-Other Financial Specialists,0.0
Female,28.0,FIN-Other Financial Specialists,42.0
Female,29.0,FIN-Other Financial Specialists,0.0
Female,30.0,FIN-Other Financial Specialists,0.0
Male,18.0,CMM-Computer And Information Research Scientists,0.0
Male,19.0,CMM-Computer And Information Research Scientists,0.0
Male,20.0,CMM-Computer And Information Research Scientists,0.0
Male,21.0,CMM-Computer And Information Research Scientists,0.0
Male,22.0,CMM-Computer And Information Research Scientists,0.0
Male,23.0,CMM-Computer And Information Research Scientists,0.0
Male,24.0,CMM-Computer And Information Research Scientists,0.0
Male,25.0,CMM-Computer And Information Research Scientists,0.0
Male,26.0,CMM-Computer And Information Research Scientists,0.0
Male,27.0,CMM-Computer And Information Research Scientists,0.0
Male,28.0,CMM-Computer And Information Research Scientists,0.0
Male,29.0,CMM-Computer And Information Research Scientists,0.0
Male,30.0,CMM-Computer And Information Research Scientists,0.0
Female,18.0,CMM-Computer And Information Research Scientists,0.0
Female,19.0,CMM-Computer And Information Research Scientists,0.0
Female,20.0,CMM-Computer And Information Research Scientists,0.0
Female,21.0,CMM-Computer And Information Research Scientists,0.0
Female,22.0,CMM-Computer And Information Research Scientists,0.0
Female,23.0,CMM-Computer And Information Research Scientists,0.0
Female,24.0,CMM-Computer And Information Research Scientists,0.0
Female,25.0,CMM-Computer And Information Research Scientists,0.0
Female,26.0,CMM-Computer And Information Research Scientists,0.0
Female,27.0,CMM-Computer And Information Research Scientists,0.0
Female,28.0,CMM-Computer And Information Research Scientists,0.0
Female,29.0,CMM-Computer And Information Research Scientists,0.0
Female,30.0,CMM-Computer And Information Research Scientists,0.0
Male,18.0,CMM-Computer Systems Analysts,0.0
Male,19.0,CMM-Computer Systems Analysts,0.0
Male,20.0,CMM-Computer Systems Analysts,0.0
Male,21.0,CMM-Computer Systems Analysts,0.0
Male,22.0,CMM-Computer Systems Analysts,0.0
Male,23.0,CMM-Computer Systems Analysts,134.0
Male,24.0,CMM-Computer Systems Analysts,0.0
Male,25.0,CMM-Computer Systems Analysts,204.0
Male,26.0,CMM-Computer Systems Analysts,138.0
Male,27.0,CMM-Computer Systems Analysts,94.0
Male,28.0,CMM-Computer Systems Analysts,129.0
Male,29.0,CMM-Computer Systems Analysts,296.0
Male,30.0,CMM-Computer Systems Analysts,132.0
Female,18.0,CMM-Computer Systems Analysts,0.0
Female,19.0,CMM-Computer Systems Analysts,0.0
Female,20.0,CMM-Computer Systems Analysts,0.0
Female,21.0,CMM-Computer Systems Analysts,122.0
Female,22.0,CMM-Computer Systems Analysts,268.0
Female,23.0,CMM-Computer Systems Analysts,143.0
Female,24.0,CMM-Computer Systems Analysts,0.0
Female,25.0,CMM-Computer Systems Analysts,218.0
Female,26.0,CMM-Computer Systems Analysts,54.0
Female,27.0,CMM-Computer Systems Analysts,0.0
Female,28.0,CMM-Computer Systems Analysts,103.0
Female,29.0,CMM-Computer Systems Analysts,0.0
Female,30.0,CMM-Computer Systems Analysts,0.0
Male,18.0,CMM-Information Security Analysts,0.0
Male,19.0,CMM-Information Security Analysts,0.0
Male,20.0,CMM-Information Security Analysts,0.0
Male,21.0,CMM-Information Security Analysts,0.0
Male,22.0,CMM-Information Security Analysts,0.0
Male,23.0,CMM-Information Security Analysts,132.0
Male,24.0,CMM-Information Security Analysts,0.0
Male,25.0,CMM-Information Security Analysts,0.0
Male,26.0,CMM-Information Security Analysts,0.0
Male,27.0,CMM-Information Security Analysts,229.0
Male,28.0,CMM-Information Security Analysts,0.0
Male,29.0,CMM-Information Security Analysts,144.0
Male,30.0,CMM-Information Security Analysts,0.0
Female,18.0,CMM-Information Security Analysts,0.0
Female,19.0,CMM-Information Security Analysts,0.0
Female,20.0,CMM-Information Security Analysts,0.0
Female,21.0,CMM-Information Security Analysts,0.0
Female,22.0,CMM-Information Security Analysts,0.0
Female,23.0,CMM-Information Security Analysts,0.0
Female,24.0,CMM-Information Security Analysts,0.0
Female,25.0,CMM-Information Security Analysts,0.0
Female,26.0,CMM-Information Security Analysts,0.0
Female,27.0,CMM-Information Security Analysts,69.0
Female,28.0,CMM-Information Security Analysts,50.0
Female,29.0,CMM-Information Security Analysts,0.0
Female,30.0,CMM-Information Security Analysts,0.0
Male,18.0,CMM-Computer Programmers,0.0
Male,19.0,CMM-Computer Programmers,0.0
Male,20.0,CMM-Computer Programmers,31.0
Male,21.0,CMM-Computer Programmers,0.0
Male,22.0,CMM-Computer Programmers,202.0
Male,23.0,CMM-Computer Programmers,0.0
Male,24.0,CMM-Computer Programmers,0.0
Male,25.0,CMM-Computer Programmers,216.0
Male,26.0,CMM-Computer Programmers,0.0
Male,27.0,CMM-Computer Programmers,0.0
Male,28.0,CMM-Computer Programmers,0.0
Male,29.0,CMM-Computer Programmers,76.0
Male,30.0,CMM-Computer Programmers,72.0
Female,18.0,CMM-Computer Programmers,0.0
Female,19.0,CMM-Computer Programmers,0.0
Female,20.0,CMM-Computer Programmers,0.0
Female,21.0,CMM-Computer Programmers,0.0
Female,22.0,CMM-Computer Programmers,0.0
Female,23.0,CMM-Computer Programmers,0.0
Female,24.0,CMM-Computer Programmers,0.0
Female,25.0,CMM-Computer Programmers,0.0
Female,26.0,CMM-Computer Programmers,0.0
Female,27.0,CMM-Computer Programmers,0.0
Female,28.0,CMM-Computer Programmers,0.0
Female,29.0,CMM-Computer Programmers,0.0
Female,30.0,CMM-Computer Programmers,0.0
Male,18.0,CMM-Software Developers,0.0
Male,19.0,CMM-Software Developers,0.0
Male,20.0,CMM-Software Developers,0.0
Male,21.0,CMM-Software Developers,218.0
Male,22.0,CMM-Software Developers,150.0
Male,23.0,CMM-Software Developers,266.0
Male,24.0,CMM-Software Developers,535.0
Male,25.0,CMM-Software Developers,766.0
Male,26.0,CMM-Software Developers,621.0
Male,27.0,CMM-Software Developers,363.0
Male,28.0,CMM-Software Developers,698.0
Male,29.0,CMM-Software Developers,123.0
Male,30.0,CMM-Software Developers,285.0
Female,18.0,CMM-Software Developers,0.0
Female,19.0,CMM-Software Developers,0.0
Female,20.0,CMM-Software Developers,104.0
Female,21.0,CMM-Software Developers,0.0
Female,22.0,CMM-Software Developers,154.0
Female,23.0,CMM-Software Developers,40.0
Female,24.0,CMM-Software Developers,76.0
Female,25.0,CMM-Software Developers,0.0
Female,26.0,CMM-Software Developers,72.0
Female,27.0,CMM-Software Developers,0.0
Female,28.0,CMM-Software Developers,0.0
Female,29.0,CMM-Software Developers,0.0
Female,30.0,CMM-Software Developers,108.0
Male,18.0,CMM-Software Quality Assurance Analysts and Testers,0.0
Male,19.0,CMM-Software Quality Assurance Analysts and Testers,0.0
Male,20.0,CMM-Software Quality Assurance Analysts and Testers,0.0
Male,21.0,CMM-Software Quality Assurance Analysts and Testers,0.0
Male,22.0,CMM-Software Quality Assurance Analysts and Testers,0.0
Male,23.0,CMM-Software Quality Assurance Analysts and Testers,0.0
Male,24.0,CMM-Software Quality Assurance Analysts and Testers,97.0
Male,25.0,CMM-Software Quality Assurance Analysts and Testers,0.0
Male,26.0,CMM-Software Quality Assurance Analysts and Testers,0.0
Male,27.0,CMM-Software Quality Assurance Analysts and Testers,0.0
Male,28.0,CMM-Software Quality Assurance Analysts and Testers,114.0
Male,29.0,CMM-Software Quality Assurance Analysts and Testers,0.0
Male,30.0,CMM-Software Quality Assurance Analysts and Testers,58.0
Female,18.0,CMM-Software Quality Assurance Analysts and Testers,0.0
Female,19.0,CMM-Software Quality Assurance Analysts and Testers,0.0
Female,20.0,CMM-Software Quality Assurance Analysts and Testers,0.0
Female,21.0,CMM-Software Quality Assurance Analysts and Testers,0.0
Female,22.0,CMM-Software Quality Assurance Analysts and Testers,0.0
Female,23.0,CMM-Software Quality Assurance Analysts and Testers,0.0
Female,24.0,CMM-Software Quality Assurance Analysts and Testers,0.0
Female,25.0,CMM-Software Quality Assurance Analysts and Testers,0.0
Female,26.0,CMM-Software Quality Assurance Analysts and Testers,0.0
Female,27.0,CMM-Software Quality Assurance Analysts and Testers,0.0
Female,28.0,CMM-Software Quality Assurance Analysts and Testers,0.0
Female,29.0,CMM-Software Quality Assurance Analysts and Testers,73.0
Female,30.0,CMM-Software Quality Assurance Analysts and Testers,0.0
Male,18.0,CMM-Web Developers,0.0
Male,19.0,CMM-Web Developers,0.0
Male,20.0,CMM-Web Developers,0.0
Male,21.0,CMM-Web Developers,0.0
Male,22.0,CMM-Web Developers,0.0
Male,23.0,CMM-Web Developers,0.0
Male,24.0,CMM-Web Developers,0.0
Male,25.0,CMM-Web Developers,0.0
Male,26.0,CMM-Web Developers,0.0
Male,27.0,CMM-Web Developers,0.0
Male,28.0,CMM-Web Developers,136.0
Male,29.0,CMM-Web Developers,0.0
Male,30.0,CMM-Web Developers,0.0
Female,18.0,CMM-Web Developers,0.0
Female,19.0,CMM-Web Developers,0.0
Female,20.0,CMM-Web Developers,0.0
Female,21.0,CMM-Web Developers,0.0
Female,22.0,CMM-Web Developers,0.0
Female,23.0,CMM-Web Developers,0.0
Female,24.0,CMM-Web Developers,0.0
Female,25.0,CMM-Web Developers,0.0
Female,26.0,CMM-Web Developers,0.0
Female,27.0,CMM-Web Developers,0.0
Female,28.0,CMM-Web Developers,0.0
Female,29.0,CMM-Web Developers,0.0
Female,30.0,CMM-Web Developers,84.0
Male,18.0,CMM-Web And Digital Interface Designers,0.0
Male,19.0,CMM-Web And Digital Interface Designers,0.0
Male,20.0,CMM-Web And Digital Interface Designers,0.0
Male,21.0,CMM-Web And Digital Interface Designers,0.0
Male,22.0,CMM-Web And Digital Interface Designers,0.0
Male,23.0,CMM-Web And Digital Interface Designers,0.0
Male,24.0,CMM-Web And Digital Interface Designers,0.0
Male,25.0,CMM-Web And Digital Interface Designers,0.0
Male,26.0,CMM-Web And Digital Interface Designers,0.0
Male,27.0,CMM-Web And Digital Interface Designers,0.0
Male,28.0,CMM-Web And Digital Interface Designers,203.0
Male,29.0,CMM-Web And Digital Interface Designers,0.0
Male,30.0,CMM-Web And Digital Interface Designers,0.0
Female,18.0,CMM-Web And Digital Interface Designers,0.0
Female,19.0,CMM-Web And Digital Interface Designers,0.0
Female,20.0,CMM-Web And Digital Interface Designers,0.0
Female,21.0,CMM-Web And Digital Interface Designers,0.0
Female,22.0,CMM-Web And Digital Interface Designers,0.0
Female,23.0,CMM-Web And Digital Interface Designers,0.0
Female,24.0,CMM-Web And Digital Interface Designers,0.0
Female,25.0,CMM-Web And Digital Interface Designers,0.0
Female,26.0,CMM-Web And Digital Interface Designers,0.0
Female,27.0,CMM-Web And Digital Interface Designers,0.0
Female,28.0,CMM-Web And Digital Interface Designers,79.0
Female,29.0,CMM-Web And Digital Interface Designers,0.0
Female,30.0,CMM-Web And Digital Interface Designers,0.0
Male,18.0,CMM-Computer Support Specialists,0.0
Male,19.0,CMM-Computer Support Specialists,0.0
Male,20.0,CMM-Computer Support Specialists,203.0
Male,21.0,CMM-Computer Support Specialists,201.0
Male,22.0,CMM-Computer Support Specialists,110.0
Male,23.0,CMM-Computer Support Specialists,169.0
Male,24.0,CMM-Computer Support Specialists,280.0
Male,25.0,CMM-Computer Support Specialists,33.0
Male,26.0,CMM-Computer Support Specialists,255.0
Male,27.0,CMM-Computer Support Specialists,67.0
Male,28.0,CMM-Computer Support Specialists,0.0
Male,29.0,CMM-Computer Support Specialists,0.0
Male,30.0,CMM-Computer Support Specialists,0.0
Female,18.0,CMM-Computer Support Specialists,0.0
Female,19.0,CMM-Computer Support Specialists,0.0
Female,20.0,CMM-Computer Support Specialists,0.0
Female,21.0,CMM-Computer Support Specialists,0.0
Female,22.0,CMM-Computer Support Specialists,0.0
Female,23.0,CMM-Computer Support Specialists,0.0
Female,24.0,CMM-Computer Support Specialists,0.0
Female,25.0,CMM-Computer Support Specialists,0.0
Female,26.0,CMM-Computer Support Specialists,0.0
Female,27.0,CMM-Computer Support Specialists,0.0
Female,28.0,CMM-Computer Support Specialists,0.0
Female,29.0,CMM-Computer Support Specialists,0.0
Female,30.0,CMM-Computer Support Specialists,0.0
Male,18.0,CMM-Database Administrators and Architects,0.0
Male,19.0,CMM-Database Administrators and Architects,0.0
Male,20.0,CMM-Database Administrators and Architects,0.0
Male,21.0,CMM-Database Administrators and Architects,0.0
Male,22.0,CMM-Database Administrators and Architects,0.0
Male,23.0,CMM-Database Administrators and Architects,0.0
Male,24.0,CMM-Database Administrators and Architects,0.0
Male,25.0,CMM-Database Administrators and Architects,0.0
Male,26.0,CMM-Database Administrators and Architects,0.0
Male,27.0,CMM-Database Administrators and Architects,0.0
Male,28.0,CMM-Database Administrators and Architects,0.0
Male,29.0,CMM-Database Administrators and Architects,0.0
Male,30.0,CMM-Database Administrators and Architects,56.0
Female,18.0,CMM-Database Administrators and Architects,0.0
Female,19.0,CMM-Database Administrators and Architects,0.0
Female,20.0,CMM-Database Administrators and Architects,0.0
Female,21.0,CMM-Database Administrators and Architects,0.0
Female,22.0,CMM-Database Administrators and Architects,0.0
Female,23.0,CMM-Database Administrators and Architects,0.0
Female,24.0,CMM-Database Administrators and Architects,0.0
Female,25.0,CMM-Database Administrators and Architects,0.0
Female,26.0,CMM-Database Administrators and Architects,0.0
Female,27.0,CMM-Database Administrators and Architects,176.0
Female,28.0,CMM-Database Administrators and Architects,0.0
Female,29.0,CMM-Database Administrators and Architects,0.0
Female,30.0,CMM-Database Administrators and Architects,0.0
Male,18.0,CMM-Network And Computer Systems Administrators,0.0
Male,19.0,CMM-Network And Computer Systems Administrators,0.0
Male,20.0,CMM-Network And Computer Systems Administrators,0.0
Male,21.0,CMM-Network And Computer Systems Administrators,0.0
Male,22.0,CMM-Network And Computer Systems Administrators,0.0
Male,23.0,CMM-Network And Computer Systems Administrators,0.0
Male,24.0,CMM-Network And Computer Systems Administrators,0.0
Male,25.0,CMM-Network And Computer Systems Administrators,0.0
Male,26.0,CMM-Network And Computer Systems Administrators,0.0
Male,27.0,CMM-Network And Computer Systems Administrators,0.0
Male,28.0,CMM-Network And Computer Systems Administrators,0.0
Male,29.0,CMM-Network And Computer Systems Administrators,0.0
Male,30.0,CMM-Network And Computer Systems Administrators,0.0
Female,18.0,CMM-Network And Computer Systems Administrators,0.0
Female,19.0,CMM-Network And Computer Systems Administrators,0.0
Female,20.0,CMM-Network And Computer Systems Administrators,0.0
Female,21.0,CMM-Network And Computer Systems Administrators,0.0
Female,22.0,CMM-Network And Computer Systems Administrators,0.0
Female,23.0,CMM-Network And Computer Systems Administrators,0.0
Female,24.0,CMM-Network And Computer Systems Administrators,0.0
Female,25.0,CMM-Network And Computer Systems Administrators,0.0
Female,26.0,CMM-Network And Computer Systems Administrators,0.0
Female,27.0,CMM-Network And Computer Systems Administrators,0.0
Female,28.0,CMM-Network And Computer Systems Administrators,16.0
Female,29.0,CMM-Network And Computer Systems Administrators,46.0
Female,30.0,CMM-Network And Computer Systems Administrators,0.0
Male,18.0,CMM-Computer Network Architects,0.0
Male,19.0,CMM-Computer Network Architects,0.0
Male,20.0,CMM-Computer Network Architects,0.0
Male,21.0,CMM-Computer Network Architects,0.0
Male,22.0,CMM-Computer Network Architects,0.0
Male,23.0,CMM-Computer Network Architects,0.0
Male,24.0,CMM-Computer Network Architects,0.0
Male,25.0,CMM-Computer Network Architects,0.0
Male,26.0,CMM-Computer Network Architects,64.0
Male,27.0,CMM-Computer Network Architects,64.0
Male,28.0,CMM-Computer Network Architects,0.0
Male,29.0,CMM-Computer Network Architects,0.0
Male,30.0,CMM-Computer Network Architects,0.0
Female,18.0,CMM-Computer Network Architects,0.0
Female,19.0,CMM-Computer Network Architects,0.0
Female,20.0,CMM-Computer Network Architects,0.0
Female,21.0,CMM-Computer Network Architects,0.0
Female,22.0,CMM-Computer Network Architects,0.0
Female,23.0,CMM-Computer Network Architects,0.0
Female,24.0,CMM-Computer Network Architects,0.0
Female,25.0,CMM-Computer Network Architects,0.0
Female,26.0,CMM-Computer Network Architects,0.0
Female,27.0,CMM-Computer Network Architects,0.0
Female,28.0,CMM-Computer Network Architects,0.0
Female,29.0,CMM-Computer Network Architects,0.0
Female,30.0,CMM-Computer Network Architects,0.0
Male,18.0,"CMM-Computer Occupations, All Other",0.0
Male,19.0,"CMM-Computer Occupations, All Other",223.0
Male,20.0,"CMM-Computer Occupations, All Other",0.0
Male,21.0,"CMM-Computer Occupations, All Other",0.0
Male,22.0,"CMM-Computer Occupations, All Other",0.0
Male,23.0,"CMM-Computer Occupations, All Other",141.0
Male,24.0,"CMM-Computer Occupations, All Other",440.0
Male,25.0,"CMM-Computer Occupations, All Other",0.0
Male,26.0,"CMM-Computer Occupations, All Other",0.0
Male,27.0,"CMM-Computer Occupations, All Other",91.0
Male,28.0,"CMM-Computer Occupations, All Other",144.0
Male,29.0,"CMM-Computer Occupations, All Other",79.0
Male,30.0,"CMM-Computer Occupations, All Other",84.0
Female,18.0,"CMM-Computer Occupations, All Other",0.0
Female,19.0,"CMM-Computer Occupations, All Other",0.0
Female,20.0,"CMM-Computer Occupations, All Other",0.0
Female,21.0,"CMM-Computer Occupations, All Other",0.0
Female,22.0,"CMM-Computer Occupations, All Other",0.0
Female,23.0,"CMM-Computer Occupations, All Other",87.0
Female,24.0,"CMM-Computer Occupations, All Other",0.0
Female,25.0,"CMM-Computer Occupations, All Other",0.0
Female,26.0,"CMM-Computer Occupations, All Other",0.0
Female,27.0,"CMM-Computer Occupations, All Other",0.0
Female,28.0,"CMM-Computer Occupations, All Other",0.0
Female,29.0,"CMM-Computer Occupations, All Other",146.0
Female,30.0,"CMM-Computer Occupations, All Other",0.0
Male,18.0,CMM-Actuaries,0.0
Male,19.0,CMM-Actuaries,0.0
Male,20.0,CMM-Actuaries,0.0
Male,21.0,CMM-Actuaries,0.0
Male,22.0,CMM-Actuaries,276.0
Male,23.0,CMM-Actuaries,0.0
Male,24.0,CMM-Actuaries,310.0
Male,25.0,CMM-Actuaries,0.0
Male,26.0,CMM-Actuaries,0.0
Male,27.0,CMM-Actuaries,0.0
Male,28.0,CMM-Actuaries,0.0
Male,29.0,CMM-Actuaries,87.0
Male,30.0,CMM-Actuaries,0.0
Female,18.0,CMM-Actuaries,0.0
Female,19.0,CMM-Actuaries,0.0
Female,20.0,CMM-Actuaries,0.0
Female,21.0,CMM-Actuaries,0.0
Female,22.0,CMM-Actuaries,0.0
Female,23.0,CMM-Actuaries,0.0
Female,24.0,CMM-Actuaries,215.0
Female,25.0,CMM-Actuaries,0.0
Female,26.0,CMM-Actuaries,0.0
Female,27.0,CMM-Actuaries,0.0
Female,28.0,CMM-Actuaries,58.0
Female,29.0,CMM-Actuaries,0.0
Female,30.0,CMM-Actuaries,0.0
Male,18.0,CMM-Operations Research Analysts,0.0
Male,19.0,CMM-Operations Research Analysts,0.0
Male,20.0,CMM-Operations Research Analysts,0.0
Male,21.0,CMM-Operations Research Analysts,0.0
Male,22.0,CMM-Operations Research Analysts,0.0
Male,23.0,CMM-Operations Research Analysts,0.0
Male,24.0,CMM-Operations Research Analysts,0.0
Male,25.0,CMM-Operations Research Analysts,0.0
Male,26.0,CMM-Operations Research Analysts,0.0
Male,27.0,CMM-Operations Research Analysts,0.0
Male,28.0,CMM-Operations Research Analysts,0.0
Male,29.0,CMM-Operations Research Analysts,0.0
Male,30.0,CMM-Operations Research Analysts,0.0
Female,18.0,CMM-Operations Research Analysts,0.0
Female,19.0,CMM-Operations Research Analysts,0.0
Female,20.0,CMM-Operations Research Analysts,0.0
Female,21.0,CMM-Operations Research Analysts,0.0
Female,22.0,CMM-Operations Research Analysts,0.0
Female,23.0,CMM-Operations Research Analysts,0.0
Female,24.0,CMM-Operations Research Analysts,0.0
Female,25.0,CMM-Operations Research Analysts,0.0
Female,26.0,CMM-Operations Research Analysts,0.0
Female,27.0,CMM-Operations Research Analysts,0.0
Female,28.0,CMM-Operations Research Analysts,0.0
Female,29.0,CMM-Operations Research Analysts,0.0
Female,30.0,CMM-Operations Research Analysts,0.0
Male,18.0,CMM-Other Mathematical Science Occupations,0.0
Male,19.0,CMM-Other Mathematical Science Occupations,133.0
Male,20.0,CMM-Other Mathematical Science Occupations,0.0
Male,21.0,CMM-Other Mathematical Science Occupations,0.0
Male,22.0,CMM-Other Mathematical Science Occupations,0.0
Male,23.0,CMM-Other Mathematical Science Occupations,0.0
Male,24.0,CMM-Other Mathematical Science Occupations,0.0
Male,25.0,CMM-Other Mathematical Science Occupations,0.0
Male,26.0,CMM-Other Mathematical Science Occupations,194.0
Male,27.0,CMM-Other Mathematical Science Occupations,0.0
Male,28.0,CMM-Other Mathematical Science Occupations,0.0
Male,29.0,CMM-Other Mathematical Science Occupations,52.0
Male,30.0,CMM-Other Mathematical Science Occupations,0.0
Female,18.0,CMM-Other Mathematical Science Occupations,93.0
Female,19.0,CMM-Other Mathematical Science Occupations,125.0
Female,20.0,CMM-Other Mathematical Science Occupations,747.0
Female,21.0,CMM-Other Mathematical Science Occupations,109.0
Female,22.0,CMM-Other Mathematical Science Occupations,0.0
Female,23.0,CMM-Other Mathematical Science Occupations,0.0
Female,24.0,CMM-Other Mathematical Science Occupations,337.0
Female,25.0,CMM-Other Mathematical Science Occupations,35.0
Female,26.0,CMM-Other Mathematical Science Occupations,0.0
Female,27.0,CMM-Other Mathematical Science Occupations,73.0
Female,28.0,CMM-Other Mathematical Science Occupations,0.0
Female,29.0,CMM-Other Mathematical Science Occupations,34.0
Female,30.0,CMM-Other Mathematical Science Occupations,391.0
Male,18.0,"ENG-Architects, Except Landscape And Naval",0.0
Male,19.0,"ENG-Architects, Except Landscape And Naval",0.0
Male,20.0,"ENG-Architects, Except Landscape And Naval",0.0
Male,21.0,"ENG-Architects, Except Landscape And Naval",0.0
Male,22.0,"ENG-Architects, Except Landscape And Naval",0.0
Male,23.0,"ENG-Architects, Except Landscape And Naval",0.0
Male,24.0,"ENG-Architects, Except Landscape And Naval",800.0
Male,25.0,"ENG-Architects, Except Landscape And Naval",0.0
Male,26.0,"ENG-Architects, Except Landscape And Naval",0.0
Male,27.0,"ENG-Architects, Except Landscape And Naval",0.0
Male,28.0,"ENG-Architects, Except Landscape And Naval",0.0
Male,29.0,"ENG-Architects, Except Landscape And Naval",0.0
Male,30.0,"ENG-Architects, Except Landscape And Naval",0.0
Female,18.0,"ENG-Architects, Except Landscape And Naval",0.0
Female,19.0,"ENG-Architects, Except Landscape And Naval",0.0
Female,20.0,"ENG-Architects, Except Landscape And Naval",0.0
Female,21.0,"ENG-Architects, Except Landscape And Naval",0.0
Female,22.0,"ENG-Architects, Except Landscape And Naval",0.0
Female,23.0,"ENG-Architects, Except Landscape And Naval",0.0
Female,24.0,"ENG-Architects, Except Landscape And Naval",0.0
Female,25.0,"ENG-Architects, Except Landscape And Naval",179.0
Female,26.0,"ENG-Architects, Except Landscape And Naval",0.0
Female,27.0,"ENG-Architects, Except Landscape And Naval",0.0
Female,28.0,"ENG-Architects, Except Landscape And Naval",0.0
Female,29.0,"ENG-Architects, Except Landscape And Naval",0.0
Female,30.0,"ENG-Architects, Except Landscape And Naval",44.0
Male,18.0,ENG-Landscape Architects,0.0
Male,19.0,ENG-Landscape Architects,0.0
Male,20.0,ENG-Landscape Architects,0.0
Male,21.0,ENG-Landscape Architects,0.0
Male,22.0,ENG-Landscape Architects,0.0
Male,23.0,ENG-Landscape Architects,0.0
Male,24.0,ENG-Landscape Architects,0.0
Male,25.0,ENG-Landscape Architects,0.0
Male,26.0,ENG-Landscape Architects,0.0
Male,27.0,ENG-Landscape Architects,0.0
Male,28.0,ENG-Landscape Architects,0.0
Male,29.0,ENG-Landscape Architects,0.0
Male,30.0,ENG-Landscape Architects,0.0
Female,18.0,ENG-Landscape Architects,0.0
Female,19.0,ENG-Landscape Architects,0.0
Female,20.0,ENG-Landscape Architects,118.0
Female,21.0,ENG-Landscape Architects,0.0
Female,22.0,ENG-Landscape Architects,0.0
Female,23.0,ENG-Landscape Architects,0.0
Female,24.0,ENG-Landscape Architects,0.0
Female,25.0,ENG-Landscape Architects,0.0
Female,26.0,ENG-Landscape Architects,0.0
Female,27.0,ENG-Landscape Architects,0.0
Female,28.0,ENG-Landscape Architects,0.0
Female,29.0,ENG-Landscape Architects,0.0
Female,30.0,ENG-Landscape Architects,0.0
Male,18.0,"ENG-Surveyors, Cartographers, And Photogrammetrists",0.0
Male,19.0,"ENG-Surveyors, Cartographers, And Photogrammetrists",0.0
Male,20.0,"ENG-Surveyors, Cartographers, And Photogrammetrists",0.0
Male,21.0,"ENG-Surveyors, Cartographers, And Photogrammetrists",0.0
Male,22.0,"ENG-Surveyors, Cartographers, And Photogrammetrists",0.0
Male,23.0,"ENG-Surveyors, Cartographers, And Photogrammetrists",0.0
Male,24.0,"ENG-Surveyors, Cartographers, And Photogrammetrists",0.0
Male,25.0,"ENG-Surveyors, Cartographers, And Photogrammetrists",0.0
Male,26.0,"ENG-Surveyors, Cartographers, And Photogrammetrists",0.0
Male,27.0,"ENG-Surveyors, Cartographers, And Photogrammetrists",0.0
Male,28.0,"ENG-Surveyors, Cartographers, And Photogrammetrists",0.0
Male,29.0,"ENG-Surveyors, Cartographers, And Photogrammetrists",0.0
Male,30.0,"ENG-Surveyors, Cartographers, And Photogrammetrists",0.0
Female,18.0,"ENG-Surveyors, Cartographers, And Photogrammetrists",0.0
Female,19.0,"ENG-Surveyors, Cartographers, And Photogrammetrists",0.0
Female,20.0,"ENG-Surveyors, Cartographers, And Photogrammetrists",0.0
Female,21.0,"ENG-Surveyors, Cartographers, And Photogrammetrists",0.0
Female,22.0,"ENG-Surveyors, Cartographers, And Photogrammetrists",0.0
Female,23.0,"ENG-Surveyors, Cartographers, And Photogrammetrists",0.0
Female,24.0,"ENG-Surveyors, Cartographers, And Photogrammetrists",0.0
Female,25.0,"ENG-Surveyors, Cartographers, And Photogrammetrists",0.0
Female,26.0,"ENG-Surveyors, Cartographers, And Photogrammetrists",0.0
Female,27.0,"ENG-Surveyors, Cartographers, And Photogrammetrists",0.0
Female,28.0,"ENG-Surveyors, Cartographers, And Photogrammetrists",0.0
Female,29.0,"ENG-Surveyors, Cartographers, And Photogrammetrists",0.0
Female,30.0,"ENG-Surveyors, Cartographers, And Photogrammetrists",0.0
Male,18.0,ENG-Aerospace Engineers,0.0
Male,19.0,ENG-Aerospace Engineers,0.0
Male,20.0,ENG-Aerospace Engineers,0.0
Male,21.0,ENG-Aerospace Engineers,0.0
Male,22.0,ENG-Aerospace Engineers,42.0
Male,23.0,ENG-Aerospace Engineers,375.0
Male,24.0,ENG-Aerospace Engineers,53.0
Male,25.0,ENG-Aerospace Engineers,83.0
Male,26.0,ENG-Aerospace Engineers,307.0
Male,27.0,ENG-Aerospace Engineers,843.0
Male,28.0,ENG-Aerospace Engineers,281.0
Male,29.0,ENG-Aerospace Engineers,220.0
Male,30.0,ENG-Aerospace Engineers,582.0
Female,18.0,ENG-Aerospace Engineers,0.0
Female,19.0,ENG-Aerospace Engineers,0.0
Female,20.0,ENG-Aerospace Engineers,0.0
Female,21.0,ENG-Aerospace Engineers,0.0
Female,22.0,ENG-Aerospace Engineers,0.0
Female,23.0,ENG-Aerospace Engineers,0.0
Female,24.0,ENG-Aerospace Engineers,0.0
Female,25.0,ENG-Aerospace Engineers,72.0
Female,26.0,ENG-Aerospace Engineers,111.0
Female,27.0,ENG-Aerospace Engineers,77.0
Female,28.0,ENG-Aerospace Engineers,0.0
Female,29.0,ENG-Aerospace Engineers,0.0
Female,30.0,ENG-Aerospace Engineers,0.0
Male,18.0,ENG-Biomedical And Agricultural Engineers,0.0
Male,19.0,ENG-Biomedical And Agricultural Engineers,0.0
Male,20.0,ENG-Biomedical And Agricultural Engineers,0.0
Male,21.0,ENG-Biomedical And Agricultural Engineers,0.0
Male,22.0,ENG-Biomedical And Agricultural Engineers,0.0
Male,23.0,ENG-Biomedical And Agricultural Engineers,0.0
Male,24.0,ENG-Biomedical And Agricultural Engineers,0.0
Male,25.0,ENG-Biomedical And Agricultural Engineers,0.0
Male,26.0,ENG-Biomedical And Agricultural Engineers,0.0
Male,27.0,ENG-Biomedical And Agricultural Engineers,0.0
Male,28.0,ENG-Biomedical And Agricultural Engineers,0.0
Male,29.0,ENG-Biomedical And Agricultural Engineers,0.0
Male,30.0,ENG-Biomedical And Agricultural Engineers,0.0
Female,18.0,ENG-Biomedical And Agricultural Engineers,0.0
Female,19.0,ENG-Biomedical And Agricultural Engineers,0.0
Female,20.0,ENG-Biomedical And Agricultural Engineers,0.0
Female,21.0,ENG-Biomedical And Agricultural Engineers,0.0
Female,22.0,ENG-Biomedical And Agricultural Engineers,0.0
Female,23.0,ENG-Biomedical And Agricultural Engineers,0.0
Female,24.0,ENG-Biomedical And Agricultural Engineers,0.0
Female,25.0,ENG-Biomedical And Agricultural Engineers,0.0
Female,26.0,ENG-Biomedical And Agricultural Engineers,0.0
Female,27.0,ENG-Biomedical And Agricultural Engineers,0.0
Female,28.0,ENG-Biomedical And Agricultural Engineers,0.0
Female,29.0,ENG-Biomedical And Agricultural Engineers,0.0
Female,30.0,ENG-Biomedical And Agricultural Engineers,0.0
Male,18.0,ENG-Chemical Engineers,0.0
Male,19.0,ENG-Chemical Engineers,0.0
Male,20.0,ENG-Chemical Engineers,0.0
Male,21.0,ENG-Chemical Engineers,0.0
Male,22.0,ENG-Chemical Engineers,0.0
Male,23.0,ENG-Chemical Engineers,0.0
Male,24.0,ENG-Chemical Engineers,0.0
Male,25.0,ENG-Chemical Engineers,92.0
Male,26.0,ENG-Chemical Engineers,500.0
Male,27.0,ENG-Chemical Engineers,0.0
Male,28.0,ENG-Chemical Engineers,36.0
Male,29.0,ENG-Chemical Engineers,0.0
Male,30.0,ENG-Chemical Engineers,0.0
Female,18.0,ENG-Chemical Engineers,0.0
Female,19.0,ENG-Chemical Engineers,0.0
Female,20.0,ENG-Chemical Engineers,0.0
Female,21.0,ENG-Chemical Engineers,0.0
Female,22.0,ENG-Chemical Engineers,619.0
Female,23.0,ENG-Chemical Engineers,0.0
Female,24.0,ENG-Chemical Engineers,0.0
Female,25.0,ENG-Chemical Engineers,0.0
Female,26.0,ENG-Chemical Engineers,189.0
Female,27.0,ENG-Chemical Engineers,0.0
Female,28.0,ENG-Chemical Engineers,0.0
Female,29.0,ENG-Chemical Engineers,0.0
Female,30.0,ENG-Chemical Engineers,0.0
Male,18.0,ENG-Civil Engineers,0.0
Male,19.0,ENG-Civil Engineers,74.0
Male,20.0,ENG-Civil Engineers,156.0
Male,21.0,ENG-Civil Engineers,60.0
Male,22.0,ENG-Civil Engineers,0.0
Male,23.0,ENG-Civil Engineers,535.0
Male,24.0,ENG-Civil Engineers,203.0
Male,25.0,ENG-Civil Engineers,151.0
Male,26.0,ENG-Civil Engineers,163.0
Male,27.0,ENG-Civil Engineers,88.0
Male,28.0,ENG-Civil Engineers,51.0
Male,29.0,ENG-Civil Engineers,0.0
Male,30.0,ENG-Civil Engineers,154.0
Female,18.0,ENG-Civil Engineers,0.0
Female,19.0,ENG-Civil Engineers,0.0
Female,20.0,ENG-Civil Engineers,0.0
Female,21.0,ENG-Civil Engineers,0.0
Female,22.0,ENG-Civil Engineers,315.0
Female,23.0,ENG-Civil Engineers,0.0
Female,24.0,ENG-Civil Engineers,0.0
Female,25.0,ENG-Civil Engineers,0.0
Female,26.0,ENG-Civil Engineers,161.0
Female,27.0,ENG-Civil Engineers,134.0
Female,28.0,ENG-Civil Engineers,68.0
Female,29.0,ENG-Civil Engineers,0.0
Female,30.0,ENG-Civil Engineers,0.0
Male,18.0,ENG-Computer Hardware Engineers,0.0
Male,19.0,ENG-Computer Hardware Engineers,0.0
Male,20.0,ENG-Computer Hardware Engineers,0.0
Male,21.0,ENG-Computer Hardware Engineers,0.0
Male,22.0,ENG-Computer Hardware Engineers,0.0
Male,23.0,ENG-Computer Hardware Engineers,0.0
Male,24.0,ENG-Computer Hardware Engineers,0.0
Male,25.0,ENG-Computer Hardware Engineers,0.0
Male,26.0,ENG-Computer Hardware Engineers,0.0
Male,27.0,ENG-Computer Hardware Engineers,0.0
Male,28.0,ENG-Computer Hardware Engineers,0.0
Male,29.0,ENG-Computer Hardware Engineers,0.0
Male,30.0,ENG-Computer Hardware Engineers,0.0
Female,18.0,ENG-Computer Hardware Engineers,0.0
Female,19.0,ENG-Computer Hardware Engineers,0.0
Female,20.0,ENG-Computer Hardware Engineers,0.0
Female,21.0,ENG-Computer Hardware Engineers,0.0
Female,22.0,ENG-Computer Hardware Engineers,0.0
Female,23.0,ENG-Computer Hardware Engineers,0.0
Female,24.0,ENG-Computer Hardware Engineers,0.0
Female,25.0,ENG-Computer Hardware Engineers,0.0
Female,26.0,ENG-Computer Hardware Engineers,0.0
Female,27.0,ENG-Computer Hardware Engineers,0.0
Female,28.0,ENG-Computer Hardware Engineers,0.0
Female,29.0,ENG-Computer Hardware Engineers,0.0
Female,30.0,ENG-Computer Hardware Engineers,0.0
Male,18.0,ENG-Electrical And Electronics Engineers,0.0
Male,19.0,ENG-Electrical And Electronics Engineers,0.0
Male,20.0,ENG-Electrical And Electronics Engineers,0.0
Male,21.0,ENG-Electrical And Electronics Engineers,60.0
Male,22.0,ENG-Electrical And Electronics Engineers,0.0
Male,23.0,ENG-Electrical And Electronics Engineers,0.0
Male,24.0,ENG-Electrical And Electronics Engineers,22.0
Male,25.0,ENG-Electrical And Electronics Engineers,208.0
Male,26.0,ENG-Electrical And Electronics Engineers,89.0
Male,27.0,ENG-Electrical And Electronics Engineers,0.0
Male,28.0,ENG-Electrical And Electronics Engineers,182.0
Male,29.0,ENG-Electrical And Electronics Engineers,0.0
Male,30.0,ENG-Electrical And Electronics Engineers,211.0
Female,18.0,ENG-Electrical And Electronics Engineers,0.0
Female,19.0,ENG-Electrical And Electronics Engineers,0.0
Female,20.0,ENG-Electrical And Electronics Engineers,0.0
Female,21.0,ENG-Electrical And Electronics Engineers,0.0
Female,22.0,ENG-Electrical And Electronics Engineers,0.0
Female,23.0,ENG-Electrical And Electronics Engineers,0.0
Female,24.0,ENG-Electrical And Electronics Engineers,0.0
Female,25.0,ENG-Electrical And Electronics Engineers,0.0
Female,26.0,ENG-Electrical And Electronics Engineers,0.0
Female,27.0,ENG-Electrical And Electronics Engineers,0.0
Female,28.0,ENG-Electrical And Electronics Engineers,0.0
Female,29.0,ENG-Electrical And Electronics Engineers,0.0
Female,30.0,ENG-Electrical And Electronics Engineers,0.0
Male,18.0,ENG-Environmental Engineers,0.0
Male,19.0,ENG-Environmental Engineers,0.0
Male,20.0,ENG-Environmental Engineers,0.0
Male,21.0,ENG-Environmental Engineers,0.0
Male,22.0,ENG-Environmental Engineers,0.0
Male,23.0,ENG-Environmental Engineers,0.0
Male,24.0,ENG-Environmental Engineers,0.0
Male,25.0,ENG-Environmental Engineers,0.0
Male,26.0,ENG-Environmental Engineers,0.0
Male,27.0,ENG-Environmental Engineers,0.0
Male,28.0,ENG-Environmental Engineers,0.0
Male,29.0,ENG-Environmental Engineers,0.0
Male,30.0,ENG-Environmental Engineers,0.0
Female,18.0,ENG-Environmental Engineers,0.0
Female,19.0,ENG-Environmental Engineers,0.0
Female,20.0,ENG-Environmental Engineers,0.0
Female,21.0,ENG-Environmental Engineers,0.0
Female,22.0,ENG-Environmental Engineers,0.0
Female,23.0,ENG-Environmental Engineers,0.0
Female,24.0,ENG-Environmental Engineers,0.0
Female,25.0,ENG-Environmental Engineers,0.0
Female,26.0,ENG-Environmental Engineers,0.0
Female,27.0,ENG-Environmental Engineers,0.0
Female,28.0,ENG-Environmental Engineers,0.0
Female,29.0,ENG-Environmental Engineers,0.0
Female,30.0,ENG-Environmental Engineers,0.0
Male,18.0,"ENG-Industrial Engineers, Including Health And Safety",0.0
Male,19.0,"ENG-Industrial Engineers, Including Health And Safety",0.0
Male,20.0,"ENG-Industrial Engineers, Including Health And Safety",0.0
Male,21.0,"ENG-Industrial Engineers, Including Health And Safety",0.0
Male,22.0,"ENG-Industrial Engineers, Including Health And Safety",46.0
Male,23.0,"ENG-Industrial Engineers, Including Health And Safety",0.0
Male,24.0,"ENG-Industrial Engineers, Including Health And Safety",552.0
Male,25.0,"ENG-Industrial Engineers, Including Health And Safety",279.0
Male,26.0,"ENG-Industrial Engineers, Including Health And Safety",345.0
Male,27.0,"ENG-Industrial Engineers, Including Health And Safety",52.0
Male,28.0,"ENG-Industrial Engineers, Including Health And Safety",132.0
Male,29.0,"ENG-Industrial Engineers, Including Health And Safety",286.0
Male,30.0,"ENG-Industrial Engineers, Including Health And Safety",0.0
Female,18.0,"ENG-Industrial Engineers, Including Health And Safety",0.0
Female,19.0,"ENG-Industrial Engineers, Including Health And Safety",0.0
Female,20.0,"ENG-Industrial Engineers, Including Health And Safety",0.0
Female,21.0,"ENG-Industrial Engineers, Including Health And Safety",0.0
Female,22.0,"ENG-Industrial Engineers, Including Health And Safety",0.0
Female,23.0,"ENG-Industrial Engineers, Including Health And Safety",0.0
Female,24.0,"ENG-Industrial Engineers, Including Health And Safety",65.0
Female,25.0,"ENG-Industrial Engineers, Including Health And Safety",0.0
Female,26.0,"ENG-Industrial Engineers, Including Health And Safety",0.0
Female,27.0,"ENG-Industrial Engineers, Including Health And Safety",0.0
Female,28.0,"ENG-Industrial Engineers, Including Health And Safety",0.0
Female,29.0,"ENG-Industrial Engineers, Including Health And Safety",0.0
Female,30.0,"ENG-Industrial Engineers, Including Health And Safety",0.0
Male,18.0,ENG-Marine Engineers And Naval Architects,0.0
Male,19.0,ENG-Marine Engineers And Naval Architects,0.0
Male,20.0,ENG-Marine Engineers And Naval Architects,0.0
Male,21.0,ENG-Marine Engineers And Naval Architects,0.0
Male,22.0,ENG-Marine Engineers And Naval Architects,146.0
Male,23.0,ENG-Marine Engineers And Naval Architects,0.0
Male,24.0,ENG-Marine Engineers And Naval Architects,0.0
Male,25.0,ENG-Marine Engineers And Naval Architects,156.0
Male,26.0,ENG-Marine Engineers And Naval Architects,0.0
Male,27.0,ENG-Marine Engineers And Naval Architects,82.0
Male,28.0,ENG-Marine Engineers And Naval Architects,0.0
Male,29.0,ENG-Marine Engineers And Naval Architects,66.0
Male,30.0,ENG-Marine Engineers And Naval Architects,0.0
Female,18.0,ENG-Marine Engineers And Naval Architects,0.0
Female,19.0,ENG-Marine Engineers And Naval Architects,0.0
Female,20.0,ENG-Marine Engineers And Naval Architects,0.0
Female,21.0,ENG-Marine Engineers And Naval Architects,0.0
Female,22.0,ENG-Marine Engineers And Naval Architects,0.0
Female,23.0,ENG-Marine Engineers And Naval Architects,0.0
Female,24.0,ENG-Marine Engineers And Naval Architects,133.0
Female,25.0,ENG-Marine Engineers And Naval Architects,0.0
Female,26.0,ENG-Marine Engineers And Naval Architects,0.0
Female,27.0,ENG-Marine Engineers And Naval Architects,0.0
Female,28.0,ENG-Marine Engineers And Naval Architects,0.0
Female,29.0,ENG-Marine Engineers And Naval Architects,0.0
Female,30.0,ENG-Marine Engineers And Naval Architects,0.0
Male,18.0,ENG-Materials Engineers,0.0
Male,19.0,ENG-Materials Engineers,0.0
Male,20.0,ENG-Materials Engineers,0.0
Male,21.0,ENG-Materials Engineers,0.0
Male,22.0,ENG-Materials Engineers,0.0
Male,23.0,ENG-Materials Engineers,0.0
Male,24.0,ENG-Materials Engineers,0.0
Male,25.0,ENG-Materials Engineers,77.0
Male,26.0,ENG-Materials Engineers,0.0
Male,27.0,ENG-Materials Engineers,0.0
Male,28.0,ENG-Materials Engineers,0.0
Male,29.0,ENG-Materials Engineers,0.0
Male,30.0,ENG-Materials Engineers,0.0
Female,18.0,ENG-Materials Engineers,0.0
Female,19.0,ENG-Materials Engineers,0.0
Female,20.0,ENG-Materials Engineers,0.0
Female,21.0,ENG-Materials Engineers,0.0
Female,22.0,ENG-Materials Engineers,0.0
Female,23.0,ENG-Materials Engineers,0.0
Female,24.0,ENG-Materials Engineers,0.0
Female,25.0,ENG-Materials Engineers,0.0
Female,26.0,ENG-Materials Engineers,0.0
Female,27.0,ENG-Materials Engineers,0.0
Female,28.0,ENG-Materials Engineers,0.0
Female,29.0,ENG-Materials Engineers,0.0
Female,30.0,ENG-Materials Engineers,0.0
Male,18.0,ENG-Mechanical Engineers,0.0
Male,19.0,ENG-Mechanical Engineers,0.0
Male,20.0,ENG-Mechanical Engineers,0.0
Male,21.0,ENG-Mechanical Engineers,0.0
Male,22.0,ENG-Mechanical Engineers,246.0
Male,23.0,ENG-Mechanical Engineers,495.0
Male,24.0,ENG-Mechanical Engineers,0.0
Male,25.0,ENG-Mechanical Engineers,0.0
Male,26.0,ENG-Mechanical Engineers,97.0
Male,27.0,ENG-Mechanical Engineers,30.0
Male,28.0,ENG-Mechanical Engineers,222.0
Male,29.0,ENG-Mechanical Engineers,0.0
Male,30.0,ENG-Mechanical Engineers,0.0
Female,18.0,ENG-Mechanical Engineers,0.0
Female,19.0,ENG-Mechanical Engineers,0.0
Female,20.0,ENG-Mechanical Engineers,0.0
Female,21.0,ENG-Mechanical Engineers,0.0
Female,22.0,ENG-Mechanical Engineers,0.0
Female,23.0,ENG-Mechanical Engineers,0.0
Female,24.0,ENG-Mechanical Engineers,67.0
Female,25.0,ENG-Mechanical Engineers,0.0
Female,26.0,ENG-Mechanical Engineers,0.0
Female,27.0,ENG-Mechanical Engineers,0.0
Female,28.0,ENG-Mechanical Engineers,0.0
Female,29.0,ENG-Mechanical Engineers,0.0
Female,30.0,ENG-Mechanical Engineers,0.0
Male,18.0,"ENG-Petroleum, Mining And Geological Engineers, Including Mining Safety Engineers",0.0
Male,19.0,"ENG-Petroleum, Mining And Geological Engineers, Including Mining Safety Engineers",0.0
Male,20.0,"ENG-Petroleum, Mining And Geological Engineers, Including Mining Safety Engineers",0.0
Male,21.0,"ENG-Petroleum, Mining And Geological Engineers, Including Mining Safety Engineers",0.0
Male,22.0,"ENG-Petroleum, Mining And Geological Engineers, Including Mining Safety Engineers",0.0
Male,23.0,"ENG-Petroleum, Mining And Geological Engineers, Including Mining Safety Engineers",0.0
Male,24.0,"ENG-Petroleum, Mining And Geological Engineers, Including Mining Safety Engineers",0.0
Male,25.0,"ENG-Petroleum, Mining And Geological Engineers, Including Mining Safety Engineers",0.0
Male,26.0,"ENG-Petroleum, Mining And Geological Engineers, Including Mining Safety Engineers",0.0
Male,27.0,"ENG-Petroleum, Mining And Geological Engineers, Including Mining Safety Engineers",0.0
Male,28.0,"ENG-Petroleum, Mining And Geological Engineers, Including Mining Safety Engineers",0.0
Male,29.0,"ENG-Petroleum, Mining And Geological Engineers, Including Mining Safety Engineers",0.0
Male,30.0,"ENG-Petroleum, Mining And Geological Engineers, Including Mining Safety Engineers",0.0
Female,18.0,"ENG-Petroleum, Mining And Geological Engineers, Including Mining Safety Engineers",0.0
Female,19.0,"ENG-Petroleum, Mining And Geological Engineers, Including Mining Safety Engineers",0.0
Female,20.0,"ENG-Petroleum, Mining And Geological Engineers, Including Mining Safety Engineers",0.0
Female,21.0,"ENG-Petroleum, Mining And Geological Engineers, Including Mining Safety Engineers",0.0
Female,22.0,"ENG-Petroleum, Mining And Geological Engineers, Including Mining Safety Engineers",0.0
Female,23.0,"ENG-Petroleum, Mining And Geological Engineers, Including Mining Safety Engineers",0.0
Female,24.0,"ENG-Petroleum, Mining And Geological Engineers, Including Mining Safety Engineers",0.0
Female,25.0,"ENG-Petroleum, Mining And Geological Engineers, Including Mining Safety Engineers",0.0
Female,26.0,"ENG-Petroleum, Mining And Geological Engineers, Including Mining Safety Engineers",0.0
Female,27.0,"ENG-Petroleum, Mining And Geological Engineers, Including Mining Safety Engineers",0.0
Female,28.0,"ENG-Petroleum, Mining And Geological Engineers, Including Mining Safety Engineers",0.0
Female,29.0,"ENG-Petroleum, Mining And Geological Engineers, Including Mining Safety Engineers",0.0
Female,30.0,"ENG-Petroleum, Mining And Geological Engineers, Including Mining Safety Engineers",0.0
Male,18.0,ENG-Other Engineers,0.0
Male,19.0,ENG-Other Engineers,0.0
Male,20.0,ENG-Other Engineers,0.0
Male,21.0,ENG-Other Engineers,0.0
Male,22.0,ENG-Other Engineers,0.0
Male,23.0,ENG-Other Engineers,169.0
Male,24.0,ENG-Other Engineers,0.0
Male,25.0,ENG-Other Engineers,382.0
Male,26.0,ENG-Other Engineers,245.0
Male,27.0,ENG-Other Engineers,219.0
Male,28.0,ENG-Other Engineers,0.0
Male,29.0,ENG-Other Engineers,174.0
Male,30.0,ENG-Other Engineers,164.0
Female,18.0,ENG-Other Engineers,0.0
Female,19.0,ENG-Other Engineers,0.0
Female,20.0,ENG-Other Engineers,0.0
Female,21.0,ENG-Other Engineers,0.0
Female,22.0,ENG-Other Engineers,87.0
Female,23.0,ENG-Other Engineers,0.0
Female,24.0,ENG-Other Engineers,69.0
Female,25.0,ENG-Other Engineers,0.0
Female,26.0,ENG-Other Engineers,64.0
Female,27.0,ENG-Other Engineers,0.0
Female,28.0,ENG-Other Engineers,34.0
Female,29.0,ENG-Other Engineers,39.0
Female,30.0,ENG-Other Engineers,0.0
Male,18.0,ENG-Architectural And Civil Drafters,0.0
Male,19.0,ENG-Architectural And Civil Drafters,0.0
Male,20.0,ENG-Architectural And Civil Drafters,0.0
Male,21.0,ENG-Architectural And Civil Drafters,0.0
Male,22.0,ENG-Architectural And Civil Drafters,0.0
Male,23.0,ENG-Architectural And Civil Drafters,0.0
Male,24.0,ENG-Architectural And Civil Drafters,0.0
Male,25.0,ENG-Architectural And Civil Drafters,0.0
Male,26.0,ENG-Architectural And Civil Drafters,0.0
Male,27.0,ENG-Architectural And Civil Drafters,0.0
Male,28.0,ENG-Architectural And Civil Drafters,0.0
Male,29.0,ENG-Architectural And Civil Drafters,0.0
Male,30.0,ENG-Architectural And Civil Drafters,0.0
Female,18.0,ENG-Architectural And Civil Drafters,0.0
Female,19.0,ENG-Architectural And Civil Drafters,0.0
Female,20.0,ENG-Architectural And Civil Drafters,0.0
Female,21.0,ENG-Architectural And Civil Drafters,0.0
Female,22.0,ENG-Architectural And Civil Drafters,0.0
Female,23.0,ENG-Architectural And Civil Drafters,0.0
Female,24.0,ENG-Architectural And Civil Drafters,0.0
Female,25.0,ENG-Architectural And Civil Drafters,0.0
Female,26.0,ENG-Architectural And Civil Drafters,0.0
Female,27.0,ENG-Architectural And Civil Drafters,0.0
Female,28.0,ENG-Architectural And Civil Drafters,168.0
Female,29.0,ENG-Architectural And Civil Drafters,0.0
Female,30.0,ENG-Architectural And Civil Drafters,0.0
Male,18.0,ENG-Other Drafters,0.0
Male,19.0,ENG-Other Drafters,0.0
Male,20.0,ENG-Other Drafters,0.0
Male,21.0,ENG-Other Drafters,0.0
Male,22.0,ENG-Other Drafters,0.0
Male,23.0,ENG-Other Drafters,0.0
Male,24.0,ENG-Other Drafters,0.0
Male,25.0,ENG-Other Drafters,0.0
Male,26.0,ENG-Other Drafters,0.0
Male,27.0,ENG-Other Drafters,0.0
Male,28.0,ENG-Other Drafters,0.0
Male,29.0,ENG-Other Drafters,0.0
Male,30.0,ENG-Other Drafters,0.0
Female,18.0,ENG-Other Drafters,0.0
Female,19.0,ENG-Other Drafters,0.0
Female,20.0,ENG-Other Drafters,0.0
Female,21.0,ENG-Other Drafters,0.0
Female,22.0,ENG-Other Drafters,0.0
Female,23.0,ENG-Other Drafters,0.0
Female,24.0,ENG-Other Drafters,0.0
Female,25.0,ENG-Other Drafters,0.0
Female,26.0,ENG-Other Drafters,0.0
Female,27.0,ENG-Other Drafters,0.0
Female,28.0,ENG-Other Drafters,0.0
Female,29.0,ENG-Other Drafters,0.0
Female,30.0,ENG-Other Drafters,225.0
Male,18.0,ENG-Electrical And Electronic Engineering Technologists And Technicians,0.0
Male,19.0,ENG-Electrical And Electronic Engineering Technologists And Technicians,0.0
Male,20.0,ENG-Electrical And Electronic Engineering Technologists And Technicians,0.0
Male,21.0,ENG-Electrical And Electronic Engineering Technologists And Technicians,0.0
Male,22.0,ENG-Electrical And Electronic Engineering Technologists And Technicians,95.0
Male,23.0,ENG-Electrical And Electronic Engineering Technologists And Technicians,0.0
Male,24.0,ENG-Electrical And Electronic Engineering Technologists And Technicians,0.0
Male,25.0,ENG-Electrical And Electronic Engineering Technologists And Technicians,0.0
Male,26.0,ENG-Electrical And Electronic Engineering Technologists And Technicians,0.0
Male,27.0,ENG-Electrical And Electronic Engineering Technologists And Technicians,0.0
Male,28.0,ENG-Electrical And Electronic Engineering Technologists And Technicians,0.0
Male,29.0,ENG-Electrical And Electronic Engineering Technologists And Technicians,0.0
Male,30.0,ENG-Electrical And Electronic Engineering Technologists And Technicians,0.0
Female,18.0,ENG-Electrical And Electronic Engineering Technologists And Technicians,0.0
Female,19.0,ENG-Electrical And Electronic Engineering Technologists And Technicians,0.0
Female,20.0,ENG-Electrical And Electronic Engineering Technologists And Technicians,0.0
Female,21.0,ENG-Electrical And Electronic Engineering Technologists And Technicians,0.0
Female,22.0,ENG-Electrical And Electronic Engineering Technologists And Technicians,0.0
Female,23.0,ENG-Electrical And Electronic Engineering Technologists And Technicians,0.0
Female,24.0,ENG-Electrical And Electronic Engineering Technologists And Technicians,0.0
Female,25.0,ENG-Electrical And Electronic Engineering Technologists And Technicians,0.0
Female,26.0,ENG-Electrical And Electronic Engineering Technologists And Technicians,0.0
Female,27.0,ENG-Electrical And Electronic Engineering Technologists And Technicians,0.0
Female,28.0,ENG-Electrical And Electronic Engineering Technologists And Technicians,0.0
Female,29.0,ENG-Electrical And Electronic Engineering Technologists And Technicians,0.0
Female,30.0,ENG-Electrical And Electronic Engineering Technologists And Technicians,0.0
Male,18.0,"ENG-Other Engineering Technologists And Technicians, Except Drafters",0.0
Male,19.0,"ENG-Other Engineering Technologists And Technicians, Except Drafters",0.0
Male,20.0,"ENG-Other Engineering Technologists And Technicians, Except Drafters",326.0
Male,21.0,"ENG-Other Engineering Technologists And Technicians, Except Drafters",0.0
Male,22.0,"ENG-Other Engineering Technologists And Technicians, Except Drafters",0.0
Male,23.0,"ENG-Other Engineering Technologists And Technicians, Except Drafters",0.0
Male,24.0,"ENG-Other Engineering Technologists And Technicians, Except Drafters",269.0
Male,25.0,"ENG-Other Engineering Technologists And Technicians, Except Drafters",130.0
Male,26.0,"ENG-Other Engineering Technologists And Technicians, Except Drafters",0.0
Male,27.0,"ENG-Other Engineering Technologists And Technicians, Except Drafters",70.0
Male,28.0,"ENG-Other Engineering Technologists And Technicians, Except Drafters",0.0
Male,29.0,"ENG-Other Engineering Technologists And Technicians, Except Drafters",0.0
Male,30.0,"ENG-Other Engineering Technologists And Technicians, Except Drafters",58.0
Female,18.0,"ENG-Other Engineering Technologists And Technicians, Except Drafters",0.0
Female,19.0,"ENG-Other Engineering Technologists And Technicians, Except Drafters",0.0
Female,20.0,"ENG-Other Engineering Technologists And Technicians, Except Drafters",0.0
Female,21.0,"ENG-Other Engineering Technologists And Technicians, Except Drafters",0.0
Female,22.0,"ENG-Other Engineering Technologists And Technicians, Except Drafters",76.0
Female,23.0,"ENG-Other Engineering Technologists And Technicians, Except Drafters",0.0
Female,24.0,"ENG-Other Engineering Technologists And Technicians, Except Drafters",0.0
Female,25.0,"ENG-Other Engineering Technologists And Technicians, Except Drafters",109.0
Female,26.0,"ENG-Other Engineering Technologists And Technicians, Except Drafters",0.0
Female,27.0,"ENG-Other Engineering Technologists And Technicians, Except Drafters",135.0
Female,28.0,"ENG-Other Engineering Technologists And Technicians, Except Drafters",0.0
Female,29.0,"ENG-Other Engineering Technologists And Technicians, Except Drafters",0.0
Female,30.0,"ENG-Other Engineering Technologists And Technicians, Except Drafters",445.0
Male,18.0,ENG-Surveying And Mapping Technicians,0.0
Male,19.0,ENG-Surveying And Mapping Technicians,0.0
Male,20.0,ENG-Surveying And Mapping Technicians,0.0
Male,21.0,ENG-Surveying And Mapping Technicians,0.0
Male,22.0,ENG-Surveying And Mapping Technicians,0.0
Male,23.0,ENG-Surveying And Mapping Technicians,0.0
Male,24.0,ENG-Surveying And Mapping Technicians,0.0
Male,25.0,ENG-Surveying And Mapping Technicians,0.0
Male,26.0,ENG-Surveying And Mapping Technicians,0.0
Male,27.0,ENG-Surveying And Mapping Technicians,0.0
Male,28.0,ENG-Surveying And Mapping Technicians,0.0
Male,29.0,ENG-Surveying And Mapping Technicians,0.0
Male,30.0,ENG-Surveying And Mapping Technicians,0.0
Female,18.0,ENG-Surveying And Mapping Technicians,0.0
Female,19.0,ENG-Surveying And Mapping Technicians,0.0
Female,20.0,ENG-Surveying And Mapping Technicians,0.0
Female,21.0,ENG-Surveying And Mapping Technicians,0.0
Female,22.0,ENG-Surveying And Mapping Technicians,0.0
Female,23.0,ENG-Surveying And Mapping Technicians,0.0
Female,24.0,ENG-Surveying And Mapping Technicians,0.0
Female,25.0,ENG-Surveying And Mapping Technicians,0.0
Female,26.0,ENG-Surveying And Mapping Technicians,0.0
Female,27.0,ENG-Surveying And Mapping Technicians,0.0
Female,28.0,ENG-Surveying And Mapping Technicians,0.0
Female,29.0,ENG-Surveying And Mapping Technicians,0.0
Female,30.0,ENG-Surveying And Mapping Technicians,0.0
Male,18.0,SCI-Agricultural And Food Scientists,0.0
Male,19.0,SCI-Agricultural And Food Scientists,0.0
Male,20.0,SCI-Agricultural And Food Scientists,0.0
Male,21.0,SCI-Agricultural And Food Scientists,0.0
Male,22.0,SCI-Agricultural And Food Scientists,0.0
Male,23.0,SCI-Agricultural And Food Scientists,0.0
Male,24.0,SCI-Agricultural And Food Scientists,0.0
Male,25.0,SCI-Agricultural And Food Scientists,0.0
Male,26.0,SCI-Agricultural And Food Scientists,0.0
Male,27.0,SCI-Agricultural And Food Scientists,0.0
Male,28.0,SCI-Agricultural And Food Scientists,0.0
Male,29.0,SCI-Agricultural And Food Scientists,0.0
Male,30.0,SCI-Agricultural And Food Scientists,0.0
Female,18.0,SCI-Agricultural And Food Scientists,0.0
Female,19.0,SCI-Agricultural And Food Scientists,0.0
Female,20.0,SCI-Agricultural And Food Scientists,0.0
Female,21.0,SCI-Agricultural And Food Scientists,0.0
Female,22.0,SCI-Agricultural And Food Scientists,0.0
Female,23.0,SCI-Agricultural And Food Scientists,0.0
Female,24.0,SCI-Agricultural And Food Scientists,0.0
Female,25.0,SCI-Agricultural And Food Scientists,0.0
Female,26.0,SCI-Agricultural And Food Scientists,0.0
Female,27.0,SCI-Agricultural And Food Scientists,0.0
Female,28.0,SCI-Agricultural And Food Scientists,0.0
Female,29.0,SCI-Agricultural And Food Scientists,0.0
Female,30.0,SCI-Agricultural And Food Scientists,0.0
Male,18.0,SCI-Biological Scientists,0.0
Male,19.0,SCI-Biological Scientists,0.0
Male,20.0,SCI-Biological Scientists,0.0
Male,21.0,SCI-Biological Scientists,0.0
Male,22.0,SCI-Biological Scientists,0.0
Male,23.0,SCI-Biological Scientists,0.0
Male,24.0,SCI-Biological Scientists,0.0
Male,25.0,SCI-Biological Scientists,0.0
Male,26.0,SCI-Biological Scientists,0.0
Male,27.0,SCI-Biological Scientists,0.0
Male,28.0,SCI-Biological Scientists,0.0
Male,29.0,SCI-Biological Scientists,0.0
Male,30.0,SCI-Biological Scientists,0.0
Female,18.0,SCI-Biological Scientists,0.0
Female,19.0,SCI-Biological Scientists,0.0
Female,20.0,SCI-Biological Scientists,0.0
Female,21.0,SCI-Biological Scientists,0.0
Female,22.0,SCI-Biological Scientists,0.0
Female,23.0,SCI-Biological Scientists,0.0
Female,24.0,SCI-Biological Scientists,0.0
Female,25.0,SCI-Biological Scientists,0.0
Female,26.0,SCI-Biological Scientists,0.0
Female,27.0,SCI-Biological Scientists,0.0
Female,28.0,SCI-Biological Scientists,0.0
Female,29.0,SCI-Biological Scientists,0.0
Female,30.0,SCI-Biological Scientists,123.0
Male,18.0,SCI-Conservation Scientists And Foresters,0.0
Male,19.0,SCI-Conservation Scientists And Foresters,0.0
Male,20.0,SCI-Conservation Scientists And Foresters,0.0
Male,21.0,SCI-Conservation Scientists And Foresters,0.0
Male,22.0,SCI-Conservation Scientists And Foresters,0.0
Male,23.0,SCI-Conservation Scientists And Foresters,0.0
Male,24.0,SCI-Conservation Scientists And Foresters,0.0
Male,25.0,SCI-Conservation Scientists And Foresters,0.0
Male,26.0,SCI-Conservation Scientists And Foresters,0.0
Male,27.0,SCI-Conservation Scientists And Foresters,0.0
Male,28.0,SCI-Conservation Scientists And Foresters,0.0
Male,29.0,SCI-Conservation Scientists And Foresters,0.0
Male,30.0,SCI-Conservation Scientists And Foresters,0.0
Female,18.0,SCI-Conservation Scientists And Foresters,0.0
Female,19.0,SCI-Conservation Scientists And Foresters,0.0
Female,20.0,SCI-Conservation Scientists And Foresters,0.0
Female,21.0,SCI-Conservation Scientists And Foresters,0.0
Female,22.0,SCI-Conservation Scientists And Foresters,0.0
Female,23.0,SCI-Conservation Scientists And Foresters,0.0
Female,24.0,SCI-Conservation Scientists And Foresters,0.0
Female,25.0,SCI-Conservation Scientists And Foresters,0.0
Female,26.0,SCI-Conservation Scientists And Foresters,0.0
Female,27.0,SCI-Conservation Scientists And Foresters,0.0
Female,28.0,SCI-Conservation Scientists And Foresters,0.0
Female,29.0,SCI-Conservation Scientists And Foresters,0.0
Female,30.0,SCI-Conservation Scientists And Foresters,0.0
Male,18.0,SCI-Other Life Scientists,0.0
Male,19.0,SCI-Other Life Scientists,0.0
Male,20.0,SCI-Other Life Scientists,0.0
Male,21.0,SCI-Other Life Scientists,0.0
Male,22.0,SCI-Other Life Scientists,0.0
Male,23.0,SCI-Other Life Scientists,49.0
Male,24.0,SCI-Other Life Scientists,213.0
Male,25.0,SCI-Other Life Scientists,127.0
Male,26.0,SCI-Other Life Scientists,114.0
Male,27.0,SCI-Other Life Scientists,0.0
Male,28.0,SCI-Other Life Scientists,0.0
Male,29.0,SCI-Other Life Scientists,511.0
Male,30.0,SCI-Other Life Scientists,119.0
Female,18.0,SCI-Other Life Scientists,0.0
Female,19.0,SCI-Other Life Scientists,0.0
Female,20.0,SCI-Other Life Scientists,0.0
Female,21.0,SCI-Other Life Scientists,0.0
Female,22.0,SCI-Other Life Scientists,0.0
Female,23.0,SCI-Other Life Scientists,15.0
Female,24.0,SCI-Other Life Scientists,0.0
Female,25.0,SCI-Other Life Scientists,0.0
Female,26.0,SCI-Other Life Scientists,0.0
Female,27.0,SCI-Other Life Scientists,152.0
Female,28.0,SCI-Other Life Scientists,0.0
Female,29.0,SCI-Other Life Scientists,0.0
Female,30.0,SCI-Other Life Scientists,667.0
Male,18.0,SCI-Astronomers And Physicists,0.0
Male,19.0,SCI-Astronomers And Physicists,0.0
Male,20.0,SCI-Astronomers And Physicists,0.0
Male,21.0,SCI-Astronomers And Physicists,0.0
Male,22.0,SCI-Astronomers And Physicists,0.0
Male,23.0,SCI-Astronomers And Physicists,0.0
Male,24.0,SCI-Astronomers And Physicists,0.0
Male,25.0,SCI-Astronomers And Physicists,0.0
Male,26.0,SCI-Astronomers And Physicists,0.0
Male,27.0,SCI-Astronomers And Physicists,0.0
Male,28.0,SCI-Astronomers And Physicists,0.0
Male,29.0,SCI-Astronomers And Physicists,0.0
Male,30.0,SCI-Astronomers And Physicists,0.0
Female,18.0,SCI-Astronomers And Physicists,0.0
Female,19.0,SCI-Astronomers And Physicists,0.0
Female,20.0,SCI-Astronomers And Physicists,0.0
Female,21.0,SCI-Astronomers And Physicists,0.0
Female,22.0,SCI-Astronomers And Physicists,0.0
Female,23.0,SCI-Astronomers And Physicists,0.0
Female,24.0,SCI-Astronomers And Physicists,0.0
Female,25.0,SCI-Astronomers And Physicists,0.0
Female,26.0,SCI-Astronomers And Physicists,0.0
Female,27.0,SCI-Astronomers And Physicists,0.0
Female,28.0,SCI-Astronomers And Physicists,0.0
Female,29.0,SCI-Astronomers And Physicists,0.0
Female,30.0,SCI-Astronomers And Physicists,0.0
Male,18.0,SCI-Atmospheric And Space Scientists,0.0
Male,19.0,SCI-Atmospheric And Space Scientists,0.0
Male,20.0,SCI-Atmospheric And Space Scientists,0.0
Male,21.0,SCI-Atmospheric And Space Scientists,0.0
Male,22.0,SCI-Atmospheric And Space Scientists,0.0
Male,23.0,SCI-Atmospheric And Space Scientists,0.0
Male,24.0,SCI-Atmospheric And Space Scientists,0.0
Male,25.0,SCI-Atmospheric And Space Scientists,0.0
Male,26.0,SCI-Atmospheric And Space Scientists,0.0
Male,27.0,SCI-Atmospheric And Space Scientists,0.0
Male,28.0,SCI-Atmospheric And Space Scientists,0.0
Male,29.0,SCI-Atmospheric And Space Scientists,0.0
Male,30.0,SCI-Atmospheric And Space Scientists,0.0
Female,18.0,SCI-Atmospheric And Space Scientists,0.0
Female,19.0,SCI-Atmospheric And Space Scientists,0.0
Female,20.0,SCI-Atmospheric And Space Scientists,0.0
Female,21.0,SCI-Atmospheric And Space Scientists,0.0
Female,22.0,SCI-Atmospheric And Space Scientists,0.0
Female,23.0,SCI-Atmospheric And Space Scientists,0.0
Female,24.0,SCI-Atmospheric And Space Scientists,0.0
Female,25.0,SCI-Atmospheric And Space Scientists,0.0
Female,26.0,SCI-Atmospheric And Space Scientists,0.0
Female,27.0,SCI-Atmospheric And Space Scientists,0.0
Female,28.0,SCI-Atmospheric And Space Scientists,0.0
Female,29.0,SCI-Atmospheric And Space Scientists,0.0
Female,30.0,SCI-Atmospheric And Space Scientists,0.0
Male,18.0,SCI-Chemists And Materials Scientists,0.0
Male,19.0,SCI-Chemists And Materials Scientists,0.0
Male,20.0,SCI-Chemists And Materials Scientists,44.0
Male,21.0,SCI-Chemists And Materials Scientists,0.0
Male,22.0,SCI-Chemists And Materials Scientists,9.0
Male,23.0,SCI-Chemists And Materials Scientists,104.0
Male,24.0,SCI-Chemists And Materials Scientists,0.0
Male,25.0,SCI-Chemists And Materials Scientists,0.0
Male,26.0,SCI-Chemists And Materials Scientists,288.0
Male,27.0,SCI-Chemists And Materials Scientists,0.0
Male,28.0,SCI-Chemists And Materials Scientists,63.0
Male,29.0,SCI-Chemists And Materials Scientists,119.0
Male,30.0,SCI-Chemists And Materials Scientists,287.0
Female,18.0,SCI-Chemists And Materials Scientists,0.0
Female,19.0,SCI-Chemists And Materials Scientists,0.0
Female,20.0,SCI-Chemists And Materials Scientists,0.0
Female,21.0,SCI-Chemists And Materials Scientists,0.0
Female,22.0,SCI-Chemists And Materials Scientists,0.0
Female,23.0,SCI-Chemists And Materials Scientists,0.0
Female,24.0,SCI-Chemists And Materials Scientists,0.0
Female,25.0,SCI-Chemists And Materials Scientists,0.0
Female,26.0,SCI-Chemists And Materials Scientists,36.0
Female,27.0,SCI-Chemists And Materials Scientists,137.0
Female,28.0,SCI-Chemists And Materials Scientists,0.0
Female,29.0,SCI-Chemists And Materials Scientists,0.0
Female,30.0,SCI-Chemists And Materials Scientists,0.0
Male,18.0,"SCI-Environmental Scientists And Specialists, Including Health",0.0
Male,19.0,"SCI-Environmental Scientists And Specialists, Including Health",0.0
Male,20.0,"SCI-Environmental Scientists And Specialists, Including Health",0.0
Male,21.0,"SCI-Environmental Scientists And Specialists, Including Health",0.0
Male,22.0,"SCI-Environmental Scientists And Specialists, Including Health",0.0
Male,23.0,"SCI-Environmental Scientists And Specialists, Including Health",0.0
Male,24.0,"SCI-Environmental Scientists And Specialists, Including Health",0.0
Male,25.0,"SCI-Environmental Scientists And Specialists, Including Health",0.0
Male,26.0,"SCI-Environmental Scientists And Specialists, Including Health",0.0
Male,27.0,"SCI-Environmental Scientists And Specialists, Including Health",89.0
Male,28.0,"SCI-Environmental Scientists And Specialists, Including Health",0.0
Male,29.0,"SCI-Environmental Scientists And Specialists, Including Health",0.0
Male,30.0,"SCI-Environmental Scientists And Specialists, Including Health",0.0
Female,18.0,"SCI-Environmental Scientists And Specialists, Including Health",0.0
Female,19.0,"SCI-Environmental Scientists And Specialists, Including Health",0.0
Female,20.0,"SCI-Environmental Scientists And Specialists, Including Health",0.0
Female,21.0,"SCI-Environmental Scientists And Specialists, Including Health",0.0
Female,22.0,"SCI-Environmental Scientists And Specialists, Including Health",0.0
Female,23.0,"SCI-Environmental Scientists And Specialists, Including Health",0.0
Female,24.0,"SCI-Environmental Scientists And Specialists, Including Health",0.0
Female,25.0,"SCI-Environmental Scientists And Specialists, Including Health",0.0
Female,26.0,"SCI-Environmental Scientists And Specialists, Including Health",0.0
Female,27.0,"SCI-Environmental Scientists And Specialists, Including Health",0.0
Female,28.0,"SCI-Environmental Scientists And Specialists, Including Health",28.0
Female,29.0,"SCI-Environmental Scientists And Specialists, Including Health",0.0
Female,30.0,"SCI-Environmental Scientists And Specialists, Including Health",0.0
Male,18.0,"SCI-Geoscientists And Hydrologists, Except Geographers",0.0
Male,19.0,"SCI-Geoscientists And Hydrologists, Except Geographers",0.0
Male,20.0,"SCI-Geoscientists And Hydrologists, Except Geographers",0.0
Male,21.0,"SCI-Geoscientists And Hydrologists, Except Geographers",0.0
Male,22.0,"SCI-Geoscientists And Hydrologists, Except Geographers",0.0
Male,23.0,"SCI-Geoscientists And Hydrologists, Except Geographers",0.0
Male,24.0,"SCI-Geoscientists And Hydrologists, Except Geographers",0.0
Male,25.0,"SCI-Geoscientists And Hydrologists, Except Geographers",0.0
Male,26.0,"SCI-Geoscientists And Hydrologists, Except Geographers",0.0
Male,27.0,"SCI-Geoscientists And Hydrologists, Except Geographers",0.0
Male,28.0,"SCI-Geoscientists And Hydrologists, Except Geographers",0.0
Male,29.0,"SCI-Geoscientists And Hydrologists, Except Geographers",0.0
Male,30.0,"SCI-Geoscientists And Hydrologists, Except Geographers",0.0
Female,18.0,"SCI-Geoscientists And Hydrologists, Except Geographers",0.0
Female,19.0,"SCI-Geoscientists And Hydrologists, Except Geographers",0.0
Female,20.0,"SCI-Geoscientists And Hydrologists, Except Geographers",0.0
Female,21.0,"SCI-Geoscientists And Hydrologists, Except Geographers",0.0
Female,22.0,"SCI-Geoscientists And Hydrologists, Except Geographers",0.0
Female,23.0,"SCI-Geoscientists And Hydrologists, Except Geographers",0.0
Female,24.0,"SCI-Geoscientists And Hydrologists, Except Geographers",0.0
Female,25.0,"SCI-Geoscientists And Hydrologists, Except Geographers",0.0
Female,26.0,"SCI-Geoscientists And Hydrologists, Except Geographers",0.0
Female,27.0,"SCI-Geoscientists And Hydrologists, Except Geographers",0.0
Female,28.0,"SCI-Geoscientists And Hydrologists, Except Geographers",0.0
Female,29.0,"SCI-Geoscientists And Hydrologists, Except Geographers",0.0
Female,30.0,"SCI-Geoscientists And Hydrologists, Except Geographers",0.0
Male,18.0,"SCI-Physical Scientists, All Other",0.0
Male,19.0,"SCI-Physical Scientists, All Other",0.0
Male,20.0,"SCI-Physical Scientists, All Other",0.0
Male,21.0,"SCI-Physical Scientists, All Other",0.0
Male,22.0,"SCI-Physical Scientists, All Other",53.0
Male,23.0,"SCI-Physical Scientists, All Other",202.0
Male,24.0,"SCI-Physical Scientists, All Other",54.0
Male,25.0,"SCI-Physical Scientists, All Other",346.0
Male,26.0,"SCI-Physical Scientists, All Other",287.0
Male,27.0,"SCI-Physical Scientists, All Other",136.0
Male,28.0,"SCI-Physical Scientists, All Other",282.0
Male,29.0,"SCI-Physical Scientists, All Other",0.0
Male,30.0,"SCI-Physical Scientists, All Other",301.0
Female,18.0,"SCI-Physical Scientists, All Other",0.0
Female,19.0,"SCI-Physical Scientists, All Other",0.0
Female,20.0,"SCI-Physical Scientists, All Other",0.0
Female,21.0,"SCI-Physical Scientists, All Other",0.0
Female,22.0,"SCI-Physical Scientists, All Other",166.0
Female,23.0,"SCI-Physical Scientists, All Other",160.0
Female,24.0,"SCI-Physical Scientists, All Other",140.0
Female,25.0,"SCI-Physical Scientists, All Other",144.0
Female,26.0,"SCI-Physical Scientists, All Other",165.0
Female,27.0,"SCI-Physical Scientists, All Other",41.0
Female,28.0,"SCI-Physical Scientists, All Other",29.0
Female,29.0,"SCI-Physical Scientists, All Other",333.0
Female,30.0,"SCI-Physical Scientists, All Other",57.0
Male,18.0,SCI-Economists,0.0
Male,19.0,SCI-Economists,0.0
Male,20.0,SCI-Economists,0.0
Male,21.0,SCI-Economists,0.0
Male,22.0,SCI-Economists,0.0
Male,23.0,SCI-Economists,0.0
Male,24.0,SCI-Economists,0.0
Male,25.0,SCI-Economists,0.0
Male,26.0,SCI-Economists,0.0
Male,27.0,SCI-Economists,0.0
Male,28.0,SCI-Economists,0.0
Male,29.0,SCI-Economists,0.0
Male,30.0,SCI-Economists,0.0
Female,18.0,SCI-Economists,0.0
Female,19.0,SCI-Economists,0.0
Female,20.0,SCI-Economists,0.0
Female,21.0,SCI-Economists,0.0
Female,22.0,SCI-Economists,0.0
Female,23.0,SCI-Economists,0.0
Female,24.0,SCI-Economists,0.0
Female,25.0,SCI-Economists,0.0
Female,26.0,SCI-Economists,28.0
Female,27.0,SCI-Economists,0.0
Female,28.0,SCI-Economists,0.0
Female,29.0,SCI-Economists,0.0
Female,30.0,SCI-Economists,0.0
Male,18.0,SCI-Clinical And Counseling Psychologists,0.0
Male,19.0,SCI-Clinical And Counseling Psychologists,0.0
Male,20.0,SCI-Clinical And Counseling Psychologists,0.0
Male,21.0,SCI-Clinical And Counseling Psychologists,0.0
Male,22.0,SCI-Clinical And Counseling Psychologists,0.0
Male,23.0,SCI-Clinical And Counseling Psychologists,0.0
Male,24.0,SCI-Clinical And Counseling Psychologists,0.0
Male,25.0,SCI-Clinical And Counseling Psychologists,0.0
Male,26.0,SCI-Clinical And Counseling Psychologists,0.0
Male,27.0,SCI-Clinical And Counseling Psychologists,0.0
Male,28.0,SCI-Clinical And Counseling Psychologists,0.0
Male,29.0,SCI-Clinical And Counseling Psychologists,0.0
Male,30.0,SCI-Clinical And Counseling Psychologists,0.0
Female,18.0,SCI-Clinical And Counseling Psychologists,0.0
Female,19.0,SCI-Clinical And Counseling Psychologists,0.0
Female,20.0,SCI-Clinical And Counseling Psychologists,0.0
Female,21.0,SCI-Clinical And Counseling Psychologists,0.0
Female,22.0,SCI-Clinical And Counseling Psychologists,0.0
Female,23.0,SCI-Clinical And Counseling Psychologists,0.0
Female,24.0,SCI-Clinical And Counseling Psychologists,0.0
Female,25.0,SCI-Clinical And Counseling Psychologists,0.0
Female,26.0,SCI-Clinical And Counseling Psychologists,0.0
Female,27.0,SCI-Clinical And Counseling Psychologists,0.0
Female,28.0,SCI-Clinical And Counseling Psychologists,0.0
Female,29.0,SCI-Clinical And Counseling Psychologists,0.0
Female,30.0,SCI-Clinical And Counseling Psychologists,0.0
Male,18.0,SCI-School Psychologists,0.0
Male,19.0,SCI-School Psychologists,0.0
Male,20.0,SCI-School Psychologists,0.0
Male,21.0,SCI-School Psychologists,0.0
Male,22.0,SCI-School Psychologists,0.0
Male,23.0,SCI-School Psychologists,0.0
Male,24.0,SCI-School Psychologists,0.0
Male,25.0,SCI-School Psychologists,0.0
Male,26.0,SCI-School Psychologists,0.0
Male,27.0,SCI-School Psychologists,0.0
Male,28.0,SCI-School Psychologists,0.0
Male,29.0,SCI-School Psychologists,0.0
Male,30.0,SCI-School Psychologists,54.0
Female,18.0,SCI-School Psychologists,0.0
Female,19.0,SCI-School Psychologists,0.0
Female,20.0,SCI-School Psychologists,0.0
Female,21.0,SCI-School Psychologists,0.0
Female,22.0,SCI-School Psychologists,0.0
Female,23.0,SCI-School Psychologists,0.0
Female,24.0,SCI-School Psychologists,0.0
Female,25.0,SCI-School Psychologists,0.0
Female,26.0,SCI-School Psychologists,0.0
Female,27.0,SCI-School Psychologists,0.0
Female,28.0,SCI-School Psychologists,54.0
Female,29.0,SCI-School Psychologists,0.0
Female,30.0,SCI-School Psychologists,0.0
Male,18.0,SCI-Other Psychologists,0.0
Male,19.0,SCI-Other Psychologists,0.0
Male,20.0,SCI-Other Psychologists,0.0
Male,21.0,SCI-Other Psychologists,0.0
Male,22.0,SCI-Other Psychologists,0.0
Male,23.0,SCI-Other Psychologists,0.0
Male,24.0,SCI-Other Psychologists,0.0
Male,25.0,SCI-Other Psychologists,75.0
Male,26.0,SCI-Other Psychologists,0.0
Male,27.0,SCI-Other Psychologists,0.0
Male,28.0,SCI-Other Psychologists,0.0
Male,29.0,SCI-Other Psychologists,0.0
Male,30.0,SCI-Other Psychologists,0.0
Female,18.0,SCI-Other Psychologists,0.0
Female,19.0,SCI-Other Psychologists,0.0
Female,20.0,SCI-Other Psychologists,0.0
Female,21.0,SCI-Other Psychologists,0.0
Female,22.0,SCI-Other Psychologists,0.0
Female,23.0,SCI-Other Psychologists,0.0
Female,24.0,SCI-Other Psychologists,0.0
Female,25.0,SCI-Other Psychologists,88.0
Female,26.0,SCI-Other Psychologists,0.0
Female,27.0,SCI-Other Psychologists,0.0
Female,28.0,SCI-Other Psychologists,0.0
Female,29.0,SCI-Other Psychologists,0.0
Female,30.0,SCI-Other Psychologists,0.0
Male,18.0,SCI-Urban And Regional Planners,0.0
Male,19.0,SCI-Urban And Regional Planners,0.0
Male,20.0,SCI-Urban And Regional Planners,0.0
Male,21.0,SCI-Urban And Regional Planners,0.0
Male,22.0,SCI-Urban And Regional Planners,0.0
Male,23.0,SCI-Urban And Regional Planners,0.0
Male,24.0,SCI-Urban And Regional Planners,0.0
Male,25.0,SCI-Urban And Regional Planners,0.0
Male,26.0,SCI-Urban And Regional Planners,0.0
Male,27.0,SCI-Urban And Regional Planners,0.0
Male,28.0,SCI-Urban And Regional Planners,0.0
Male,29.0,SCI-Urban And Regional Planners,0.0
Male,30.0,SCI-Urban And Regional Planners,0.0
Female,18.0,SCI-Urban And Regional Planners,0.0
Female,19.0,SCI-Urban And Regional Planners,0.0
Female,20.0,SCI-Urban And Regional Planners,0.0
Female,21.0,SCI-Urban And Regional Planners,0.0
Female,22.0,SCI-Urban And Regional Planners,0.0
Female,23.0,SCI-Urban And Regional Planners,0.0
Female,24.0,SCI-Urban And Regional Planners,0.0
Female,25.0,SCI-Urban And Regional Planners,0.0
Female,26.0,SCI-Urban And Regional Planners,0.0
Female,27.0,SCI-Urban And Regional Planners,0.0
Female,28.0,SCI-Urban And Regional Planners,0.0
Female,29.0,SCI-Urban And Regional Planners,0.0
Female,30.0,SCI-Urban And Regional Planners,0.0
Male,18.0,SCI-Other Social Scientists,0.0
Male,19.0,SCI-Other Social Scientists,0.0
Male,20.0,SCI-Other Social Scientists,0.0
Male,21.0,SCI-Other Social Scientists,0.0
Male,22.0,SCI-Other Social Scientists,173.0
Male,23.0,SCI-Other Social Scientists,0.0
Male,24.0,SCI-Other Social Scientists,86.0
Male,25.0,SCI-Other Social Scientists,0.0
Male,26.0,SCI-Other Social Scientists,54.0
Male,27.0,SCI-Other Social Scientists,0.0
Male,28.0,SCI-Other Social Scientists,0.0
Male,29.0,SCI-Other Social Scientists,0.0
Male,30.0,SCI-Other Social Scientists,0.0
Female,18.0,SCI-Other Social Scientists,0.0
Female,19.0,SCI-Other Social Scientists,0.0
Female,20.0,SCI-Other Social Scientists,0.0
Female,21.0,SCI-Other Social Scientists,0.0
Female,22.0,SCI-Other Social Scientists,0.0
Female,23.0,SCI-Other Social Scientists,0.0
Female,24.0,SCI-Other Social Scientists,0.0
Female,25.0,SCI-Other Social Scientists,0.0
Female,26.0,SCI-Other Social Scientists,0.0
Female,27.0,SCI-Other Social Scientists,0.0
Female,28.0,SCI-Other Social Scientists,0.0
Female,29.0,SCI-Other Social Scientists,0.0
Female,30.0,SCI-Other Social Scientists,0.0
Male,18.0,SCI-Agricultural And Food Science Technicians,0.0
Male,19.0,SCI-Agricultural And Food Science Technicians,0.0
Male,20.0,SCI-Agricultural And Food Science Technicians,0.0
Male,21.0,SCI-Agricultural And Food Science Technicians,0.0
Male,22.0,SCI-Agricultural And Food Science Technicians,0.0
Male,23.0,SCI-Agricultural And Food Science Technicians,0.0
Male,24.0,SCI-Agricultural And Food Science Technicians,0.0
Male,25.0,SCI-Agricultural And Food Science Technicians,0.0
Male,26.0,SCI-Agricultural And Food Science Technicians,0.0
Male,27.0,SCI-Agricultural And Food Science Technicians,0.0
Male,28.0,SCI-Agricultural And Food Science Technicians,0.0
Male,29.0,SCI-Agricultural And Food Science Technicians,0.0
Male,30.0,SCI-Agricultural And Food Science Technicians,0.0
Female,18.0,SCI-Agricultural And Food Science Technicians,0.0
Female,19.0,SCI-Agricultural And Food Science Technicians,0.0
Female,20.0,SCI-Agricultural And Food Science Technicians,0.0
Female,21.0,SCI-Agricultural And Food Science Technicians,0.0
Female,22.0,SCI-Agricultural And Food Science Technicians,0.0
Female,23.0,SCI-Agricultural And Food Science Technicians,0.0
Female,24.0,SCI-Agricultural And Food Science Technicians,0.0
Female,25.0,SCI-Agricultural And Food Science Technicians,0.0
Female,26.0,SCI-Agricultural And Food Science Technicians,0.0
Female,27.0,SCI-Agricultural And Food Science Technicians,0.0
Female,28.0,SCI-Agricultural And Food Science Technicians,0.0
Female,29.0,SCI-Agricultural And Food Science Technicians,0.0
Female,30.0,SCI-Agricultural And Food Science Technicians,0.0
Male,18.0,SCI-Biological Technicians,0.0
Male,19.0,SCI-Biological Technicians,0.0
Male,20.0,SCI-Biological Technicians,0.0
Male,21.0,SCI-Biological Technicians,0.0
Male,22.0,SCI-Biological Technicians,0.0
Male,23.0,SCI-Biological Technicians,0.0
Male,24.0,SCI-Biological Technicians,0.0
Male,25.0,SCI-Biological Technicians,0.0
Male,26.0,SCI-Biological Technicians,0.0
Male,27.0,SCI-Biological Technicians,0.0
Male,28.0,SCI-Biological Technicians,0.0
Male,29.0,SCI-Biological Technicians,0.0
Male,30.0,SCI-Biological Technicians,0.0
Female,18.0,SCI-Biological Technicians,0.0
Female,19.0,SCI-Biological Technicians,0.0
Female,20.0,SCI-Biological Technicians,0.0
Female,21.0,SCI-Biological Technicians,0.0
Female,22.0,SCI-Biological Technicians,0.0
Female,23.0,SCI-Biological Technicians,0.0
Female,24.0,SCI-Biological Technicians,0.0
Female,25.0,SCI-Biological Technicians,0.0
Female,26.0,SCI-Biological Technicians,0.0
Female,27.0,SCI-Biological Technicians,0.0
Female,28.0,SCI-Biological Technicians,0.0
Female,29.0,SCI-Biological Technicians,0.0
Female,30.0,SCI-Biological Technicians,0.0
Male,18.0,SCI-Chemical Technicians,0.0
Male,19.0,SCI-Chemical Technicians,0.0
Male,20.0,SCI-Chemical Technicians,0.0
Male,21.0,SCI-Chemical Technicians,0.0
Male,22.0,SCI-Chemical Technicians,0.0
Male,23.0,SCI-Chemical Technicians,0.0
Male,24.0,SCI-Chemical Technicians,0.0
Male,25.0,SCI-Chemical Technicians,289.0
Male,26.0,SCI-Chemical Technicians,0.0
Male,27.0,SCI-Chemical Technicians,0.0
Male,28.0,SCI-Chemical Technicians,0.0
Male,29.0,SCI-Chemical Technicians,0.0
Male,30.0,SCI-Chemical Technicians,0.0
Female,18.0,SCI-Chemical Technicians,0.0
Female,19.0,SCI-Chemical Technicians,0.0
Female,20.0,SCI-Chemical Technicians,0.0
Female,21.0,SCI-Chemical Technicians,0.0
Female,22.0,SCI-Chemical Technicians,0.0
Female,23.0,SCI-Chemical Technicians,0.0
Female,24.0,SCI-Chemical Technicians,0.0
Female,25.0,SCI-Chemical Technicians,0.0
Female,26.0,SCI-Chemical Technicians,0.0
Female,27.0,SCI-Chemical Technicians,0.0
Female,28.0,SCI-Chemical Technicians,0.0
Female,29.0,SCI-Chemical Technicians,0.0
Female,30.0,SCI-Chemical Technicians,0.0
Male,18.0,"SCI-Environmental Science and Geoscience Technicians, And Nuclear Technicians",0.0
Male,19.0,"SCI-Environmental Science and Geoscience Technicians, And Nuclear Technicians",0.0
Male,20.0,"SCI-Environmental Science and Geoscience Technicians, And Nuclear Technicians",0.0
Male,21.0,"SCI-Environmental Science and Geoscience Technicians, And Nuclear Technicians",0.0
Male,22.0,"SCI-Environmental Science and Geoscience Technicians, And Nuclear Technicians",0.0
Male,23.0,"SCI-Environmental Science and Geoscience Technicians, And Nuclear Technicians",0.0
Male,24.0,"SCI-Environmental Science and Geoscience Technicians, And Nuclear Technicians",0.0
Male,25.0,"SCI-Environmental Science and Geoscience Technicians, And Nuclear Technicians",0.0
Male,26.0,"SCI-Environmental Science and Geoscience Technicians, And Nuclear Technicians",0.0
Male,27.0,"SCI-Environmental Science and Geoscience Technicians, And Nuclear Technicians",0.0
Male,28.0,"SCI-Environmental Science and Geoscience Technicians, And Nuclear Technicians",0.0
Male,29.0,"SCI-Environmental Science and Geoscience Technicians, And Nuclear Technicians",0.0
Male,30.0,"SCI-Environmental Science and Geoscience Technicians, And Nuclear Technicians",0.0
Female,18.0,"SCI-Environmental Science and Geoscience Technicians, And Nuclear Technicians",0.0
Female,19.0,"SCI-Environmental Science and Geoscience Technicians, And Nuclear Technicians",0.0
Female,20.0,"SCI-Environmental Science and Geoscience Technicians, And Nuclear Technicians",0.0
Female,21.0,"SCI-Environmental Science and Geoscience Technicians, And Nuclear Technicians",0.0
Female,22.0,"SCI-Environmental Science and Geoscience Technicians, And Nuclear Technicians",0.0
Female,23.0,"SCI-Environmental Science and Geoscience Technicians, And Nuclear Technicians",0.0
Female,24.0,"SCI-Environmental Science and Geoscience Technicians, And Nuclear Technicians",0.0
Female,25.0,"SCI-Environmental Science and Geoscience Technicians, And Nuclear Technicians",0.0
Female,26.0,"SCI-Environmental Science and Geoscience Technicians, And Nuclear Technicians",0.0
Female,27.0,"SCI-Environmental Science and Geoscience Technicians, And Nuclear Technicians",0.0
Female,28.0,"SCI-Environmental Science and Geoscience Technicians, And Nuclear Technicians",0.0
Female,29.0,"SCI-Environmental Science and Geoscience Technicians, And Nuclear Technicians",0.0
Female,30.0,"SCI-Environmental Science and Geoscience Technicians, And Nuclear Technicians",0.0
Male,18.0,"SCI-Other Life, Physical, And Social Science Technicians",0.0
Male,19.0,"SCI-Other Life, Physical, And Social Science Technicians",142.0
Male,20.0,"SCI-Other Life, Physical, And Social Science Technicians",314.0
Male,21.0,"SCI-Other Life, Physical, And Social Science Technicians",158.0
Male,22.0,"SCI-Other Life, Physical, And Social Science Technicians",0.0
Male,23.0,"SCI-Other Life, Physical, And Social Science Technicians",42.0
Male,24.0,"SCI-Other Life, Physical, And Social Science Technicians",0.0
Male,25.0,"SCI-Other Life, Physical, And Social Science Technicians",206.0
Male,26.0,"SCI-Other Life, Physical, And Social Science Technicians",81.0
Male,27.0,"SCI-Other Life, Physical, And Social Science Technicians",74.0
Male,28.0,"SCI-Other Life, Physical, And Social Science Technicians",0.0
Male,29.0,"SCI-Other Life, Physical, And Social Science Technicians",0.0
Male,30.0,"SCI-Other Life, Physical, And Social Science Technicians",0.0
Female,18.0,"SCI-Other Life, Physical, And Social Science Technicians",162.0
Female,19.0,"SCI-Other Life, Physical, And Social Science Technicians",491.0
Female,20.0,"SCI-Other Life, Physical, And Social Science Technicians",0.0
Female,21.0,"SCI-Other Life, Physical, And Social Science Technicians",0.0
Female,22.0,"SCI-Other Life, Physical, And Social Science Technicians",0.0
Female,23.0,"SCI-Other Life, Physical, And Social Science Technicians",251.0
Female,24.0,"SCI-Other Life, Physical, And Social Science Technicians",537.0
Female,25.0,"SCI-Other Life, Physical, And Social Science Technicians",274.0
Female,26.0,"SCI-Other Life, Physical, And Social Science Technicians",0.0
Female,27.0,"SCI-Other Life, Physical, And Social Science Technicians",0.0
Female,28.0,"SCI-Other Life, Physical, And Social Science Technicians",0.0
Female,29.0,"SCI-Other Life, Physical, And Social Science Technicians",0.0
Female,30.0,"SCI-Other Life, Physical, And Social Science Technicians",0.0
Male,18.0,SCI-Occupational Health And Safety Specialists and Technicians,0.0
Male,19.0,SCI-Occupational Health And Safety Specialists and Technicians,0.0
Male,20.0,SCI-Occupational Health And Safety Specialists and Technicians,0.0
Male,21.0,SCI-Occupational Health And Safety Specialists and Technicians,0.0
Male,22.0,SCI-Occupational Health And Safety Specialists and Technicians,0.0
Male,23.0,SCI-Occupational Health And Safety Specialists and Technicians,0.0
Male,24.0,SCI-Occupational Health And Safety Specialists and Technicians,0.0
Male,25.0,SCI-Occupational Health And Safety Specialists and Technicians,0.0
Male,26.0,SCI-Occupational Health And Safety Specialists and Technicians,0.0
Male,27.0,SCI-Occupational Health And Safety Specialists and Technicians,0.0
Male,28.0,SCI-Occupational Health And Safety Specialists and Technicians,0.0
Male,29.0,SCI-Occupational Health And Safety Specialists and Technicians,97.0
Male,30.0,SCI-Occupational Health And Safety Specialists and Technicians,0.0
Female,18.0,SCI-Occupational Health And Safety Specialists and Technicians,0.0
Female,19.0,SCI-Occupational Health And Safety Specialists and Technicians,0.0
Female,20.0,SCI-Occupational Health And Safety Specialists and Technicians,0.0
Female,21.0,SCI-Occupational Health And Safety Specialists and Technicians,0.0
Female,22.0,SCI-Occupational Health And Safety Specialists and Technicians,0.0
Female,23.0,SCI-Occupational Health And Safety Specialists and Technicians,0.0
Female,24.0,SCI-Occupational Health And Safety Specialists and Technicians,0.0
Female,25.0,SCI-Occupational Health And Safety Specialists and Technicians,0.0
Female,26.0,SCI-Occupational Health And Safety Specialists and Technicians,0.0
Female,27.0,SCI-Occupational Health And Safety Specialists and Technicians,134.0
Female,28.0,SCI-Occupational Health And Safety Specialists and Technicians,0.0
Female,29.0,SCI-Occupational Health And Safety Specialists and Technicians,0.0
Female,30.0,SCI-Occupational Health And Safety Specialists and Technicians,0.0
Male,18.0,CMS-Substance Abuse And Behavioral Disorder Counselors,0.0
Male,19.0,CMS-Substance Abuse And Behavioral Disorder Counselors,0.0
Male,20.0,CMS-Substance Abuse And Behavioral Disorder Counselors,0.0
Male,21.0,CMS-Substance Abuse And Behavioral Disorder Counselors,0.0
Male,22.0,CMS-Substance Abuse And Behavioral Disorder Counselors,0.0
Male,23.0,CMS-Substance Abuse And Behavioral Disorder Counselors,0.0
Male,24.0,CMS-Substance Abuse And Behavioral Disorder Counselors,0.0
Male,25.0,CMS-Substance Abuse And Behavioral Disorder Counselors,0.0
Male,26.0,CMS-Substance Abuse And Behavioral Disorder Counselors,0.0
Male,27.0,CMS-Substance Abuse And Behavioral Disorder Counselors,0.0
Male,28.0,CMS-Substance Abuse And Behavioral Disorder Counselors,59.0
Male,29.0,CMS-Substance Abuse And Behavioral Disorder Counselors,0.0
Male,30.0,CMS-Substance Abuse And Behavioral Disorder Counselors,0.0
Female,18.0,CMS-Substance Abuse And Behavioral Disorder Counselors,0.0
Female,19.0,CMS-Substance Abuse And Behavioral Disorder Counselors,0.0
Female,20.0,CMS-Substance Abuse And Behavioral Disorder Counselors,0.0
Female,21.0,CMS-Substance Abuse And Behavioral Disorder Counselors,0.0
Female,22.0,CMS-Substance Abuse And Behavioral Disorder Counselors,0.0
Female,23.0,CMS-Substance Abuse And Behavioral Disorder Counselors,0.0
Female,24.0,CMS-Substance Abuse And Behavioral Disorder Counselors,0.0
Female,25.0,CMS-Substance Abuse And Behavioral Disorder Counselors,0.0
Female,26.0,CMS-Substance Abuse And Behavioral Disorder Counselors,0.0
Female,27.0,CMS-Substance Abuse And Behavioral Disorder Counselors,76.0
Female,28.0,CMS-Substance Abuse And Behavioral Disorder Counselors,0.0
Female,29.0,CMS-Substance Abuse And Behavioral Disorder Counselors,0.0
Female,30.0,CMS-Substance Abuse And Behavioral Disorder Counselors,0.0
Male,18.0,"CMS-Educational, Guidance, And Career Counselors And Advisors",0.0
Male,19.0,"CMS-Educational, Guidance, And Career Counselors And Advisors",100.0
Male,20.0,"CMS-Educational, Guidance, And Career Counselors And Advisors",0.0
Male,21.0,"CMS-Educational, Guidance, And Career Counselors And Advisors",0.0
Male,22.0,"CMS-Educational, Guidance, And Career Counselors And Advisors",3.0
Male,23.0,"CMS-Educational, Guidance, And Career Counselors And Advisors",0.0
Male,24.0,"CMS-Educational, Guidance, And Career Counselors And Advisors",0.0
Male,25.0,"CMS-Educational, Guidance, And Career Counselors And Advisors",0.0
Male,26.0,"CMS-Educational, Guidance, And Career Counselors And Advisors",0.0
Male,27.0,"CMS-Educational, Guidance, And Career Counselors And Advisors",0.0
Male,28.0,"CMS-Educational, Guidance, And Career Counselors And Advisors",0.0
Male,29.0,"CMS-Educational, Guidance, And Career Counselors And Advisors",0.0
Male,30.0,"CMS-Educational, Guidance, And Career Counselors And Advisors",0.0
Female,18.0,"CMS-Educational, Guidance, And Career Counselors And Advisors",0.0
Female,19.0,"CMS-Educational, Guidance, And Career Counselors And Advisors",0.0
Female,20.0,"CMS-Educational, Guidance, And Career Counselors And Advisors",0.0
Female,21.0,"CMS-Educational, Guidance, And Career Counselors And Advisors",0.0
Female,22.0,"CMS-Educational, Guidance, And Career Counselors And Advisors",0.0
Female,23.0,"CMS-Educational, Guidance, And Career Counselors And Advisors",256.0
Female,24.0,"CMS-Educational, Guidance, And Career Counselors And Advisors",0.0
Female,25.0,"CMS-Educational, Guidance, And Career Counselors And Advisors",376.0
Female,26.0,"CMS-Educational, Guidance, And Career Counselors And Advisors",40.0
Female,27.0,"CMS-Educational, Guidance, And Career Counselors And Advisors",688.0
Female,28.0,"CMS-Educational, Guidance, And Career Counselors And Advisors",0.0
Female,29.0,"CMS-Educational, Guidance, And Career Counselors And Advisors",108.0
Female,30.0,"CMS-Educational, Guidance, And Career Counselors And Advisors",700.0
Male,18.0,CMS-Marriage And Family Therapists,0.0
Male,19.0,CMS-Marriage And Family Therapists,0.0
Male,20.0,CMS-Marriage And Family Therapists,0.0
Male,21.0,CMS-Marriage And Family Therapists,0.0
Male,22.0,CMS-Marriage And Family Therapists,0.0
Male,23.0,CMS-Marriage And Family Therapists,0.0
Male,24.0,CMS-Marriage And Family Therapists,0.0
Male,25.0,CMS-Marriage And Family Therapists,0.0
Male,26.0,CMS-Marriage And Family Therapists,0.0
Male,27.0,CMS-Marriage And Family Therapists,0.0
Male,28.0,CMS-Marriage And Family Therapists,0.0
Male,29.0,CMS-Marriage And Family Therapists,0.0
Male,30.0,CMS-Marriage And Family Therapists,0.0
Female,18.0,CMS-Marriage And Family Therapists,0.0
Female,19.0,CMS-Marriage And Family Therapists,0.0
Female,20.0,CMS-Marriage And Family Therapists,0.0
Female,21.0,CMS-Marriage And Family Therapists,0.0
Female,22.0,CMS-Marriage And Family Therapists,0.0
Female,23.0,CMS-Marriage And Family Therapists,0.0
Female,24.0,CMS-Marriage And Family Therapists,0.0
Female,25.0,CMS-Marriage And Family Therapists,0.0
Female,26.0,CMS-Marriage And Family Therapists,0.0
Female,27.0,CMS-Marriage And Family Therapists,0.0
Female,28.0,CMS-Marriage And Family Therapists,0.0
Female,29.0,CMS-Marriage And Family Therapists,0.0
Female,30.0,CMS-Marriage And Family Therapists,0.0
Male,18.0,CMS-Mental Health Counselors,0.0
Male,19.0,CMS-Mental Health Counselors,0.0
Male,20.0,CMS-Mental Health Counselors,0.0
Male,21.0,CMS-Mental Health Counselors,0.0
Male,22.0,CMS-Mental Health Counselors,0.0
Male,23.0,CMS-Mental Health Counselors,0.0
Male,24.0,CMS-Mental Health Counselors,0.0
Male,25.0,CMS-Mental Health Counselors,0.0
Male,26.0,CMS-Mental Health Counselors,190.0
Male,27.0,CMS-Mental Health Counselors,0.0
Male,28.0,CMS-Mental Health Counselors,0.0
Male,29.0,CMS-Mental Health Counselors,0.0
Male,30.0,CMS-Mental Health Counselors,0.0
Female,18.0,CMS-Mental Health Counselors,0.0
Female,19.0,CMS-Mental Health Counselors,0.0
Female,20.0,CMS-Mental Health Counselors,0.0
Female,21.0,CMS-Mental Health Counselors,0.0
Female,22.0,CMS-Mental Health Counselors,0.0
Female,23.0,CMS-Mental Health Counselors,0.0
Female,24.0,CMS-Mental Health Counselors,0.0
Female,25.0,CMS-Mental Health Counselors,0.0
Female,26.0,CMS-Mental Health Counselors,97.0
Female,27.0,CMS-Mental Health Counselors,0.0
Female,28.0,CMS-Mental Health Counselors,0.0
Female,29.0,CMS-Mental Health Counselors,77.0
Female,30.0,CMS-Mental Health Counselors,0.0
Male,18.0,CMS-Rehabilitation Counselors,0.0
Male,19.0,CMS-Rehabilitation Counselors,0.0
Male,20.0,CMS-Rehabilitation Counselors,0.0
Male,21.0,CMS-Rehabilitation Counselors,0.0
Male,22.0,CMS-Rehabilitation Counselors,0.0
Male,23.0,CMS-Rehabilitation Counselors,0.0
Male,24.0,CMS-Rehabilitation Counselors,0.0
Male,25.0,CMS-Rehabilitation Counselors,0.0
Male,26.0,CMS-Rehabilitation Counselors,0.0
Male,27.0,CMS-Rehabilitation Counselors,96.0
Male,28.0,CMS-Rehabilitation Counselors,0.0
Male,29.0,CMS-Rehabilitation Counselors,0.0
Male,30.0,CMS-Rehabilitation Counselors,0.0
Female,18.0,CMS-Rehabilitation Counselors,0.0
Female,19.0,CMS-Rehabilitation Counselors,0.0
Female,20.0,CMS-Rehabilitation Counselors,0.0
Female,21.0,CMS-Rehabilitation Counselors,0.0
Female,22.0,CMS-Rehabilitation Counselors,0.0
Female,23.0,CMS-Rehabilitation Counselors,0.0
Female,24.0,CMS-Rehabilitation Counselors,0.0
Female,25.0,CMS-Rehabilitation Counselors,0.0
Female,26.0,CMS-Rehabilitation Counselors,0.0
Female,27.0,CMS-Rehabilitation Counselors,192.0
Female,28.0,CMS-Rehabilitation Counselors,0.0
Female,29.0,CMS-Rehabilitation Counselors,0.0
Female,30.0,CMS-Rehabilitation Counselors,0.0
Male,18.0,"CMS-Counselors, All Other",87.0
Male,19.0,"CMS-Counselors, All Other",0.0
Male,20.0,"CMS-Counselors, All Other",0.0
Male,21.0,"CMS-Counselors, All Other",0.0
Male,22.0,"CMS-Counselors, All Other",0.0
Male,23.0,"CMS-Counselors, All Other",0.0
Male,24.0,"CMS-Counselors, All Other",173.0
Male,25.0,"CMS-Counselors, All Other",0.0
Male,26.0,"CMS-Counselors, All Other",0.0
Male,27.0,"CMS-Counselors, All Other",0.0
Male,28.0,"CMS-Counselors, All Other",0.0
Male,29.0,"CMS-Counselors, All Other",188.0
Male,30.0,"CMS-Counselors, All Other",0.0
Female,18.0,"CMS-Counselors, All Other",68.0
Female,19.0,"CMS-Counselors, All Other",0.0
Female,20.0,"CMS-Counselors, All Other",337.0
Female,21.0,"CMS-Counselors, All Other",147.0
Female,22.0,"CMS-Counselors, All Other",0.0
Female,23.0,"CMS-Counselors, All Other",0.0
Female,24.0,"CMS-Counselors, All Other",41.0
Female,25.0,"CMS-Counselors, All Other",0.0
Female,26.0,"CMS-Counselors, All Other",0.0
Female,27.0,"CMS-Counselors, All Other",0.0
Female,28.0,"CMS-Counselors, All Other",574.0
Female,29.0,"CMS-Counselors, All Other",0.0
Female,30.0,"CMS-Counselors, All Other",728.0
Male,18.0,"CMS-Child, Family, And School Social Workers",0.0
Male,19.0,"CMS-Child, Family, And School Social Workers",0.0
Male,20.0,"CMS-Child, Family, And School Social Workers",0.0
Male,21.0,"CMS-Child, Family, And School Social Workers",0.0
Male,22.0,"CMS-Child, Family, And School Social Workers",0.0
Male,23.0,"CMS-Child, Family, And School Social Workers",0.0
Male,24.0,"CMS-Child, Family, And School Social Workers",0.0
Male,25.0,"CMS-Child, Family, And School Social Workers",0.0
Male,26.0,"CMS-Child, Family, And School Social Workers",0.0
Male,27.0,"CMS-Child, Family, And School Social Workers",0.0
Male,28.0,"CMS-Child, Family, And School Social Workers",0.0
Male,29.0,"CMS-Child, Family, And School Social Workers",0.0
Male,30.0,"CMS-Child, Family, And School Social Workers",0.0
Female,18.0,"CMS-Child, Family, And School Social Workers",0.0
Female,19.0,"CMS-Child, Family, And School Social Workers",0.0
Female,20.0,"CMS-Child, Family, And School Social Workers",0.0
Female,21.0,"CMS-Child, Family, And School Social Workers",0.0
Female,22.0,"CMS-Child, Family, And School Social Workers",0.0
Female,23.0,"CMS-Child, Family, And School Social Workers",0.0
Female,24.0,"CMS-Child, Family, And School Social Workers",0.0
Female,25.0,"CMS-Child, Family, And School Social Workers",0.0
Female,26.0,"CMS-Child, Family, And School Social Workers",0.0
Female,27.0,"CMS-Child, Family, And School Social Workers",0.0
Female,28.0,"CMS-Child, Family, And School Social Workers",117.0
Female,29.0,"CMS-Child, Family, And School Social Workers",0.0
Female,30.0,"CMS-Child, Family, And School Social Workers",0.0
Male,18.0,CMS-Healthcare Social Workers,0.0
Male,19.0,CMS-Healthcare Social Workers,0.0
Male,20.0,CMS-Healthcare Social Workers,0.0
Male,21.0,CMS-Healthcare Social Workers,0.0
Male,22.0,CMS-Healthcare Social Workers,0.0
Male,23.0,CMS-Healthcare Social Workers,0.0
Male,24.0,CMS-Healthcare Social Workers,32.0
Male,25.0,CMS-Healthcare Social Workers,0.0
Male,26.0,CMS-Healthcare Social Workers,0.0
Male,27.0,CMS-Healthcare Social Workers,0.0
Male,28.0,CMS-Healthcare Social Workers,78.0
Male,29.0,CMS-Healthcare Social Workers,0.0
Male,30.0,CMS-Healthcare Social Workers,0.0
Female,18.0,CMS-Healthcare Social Workers,0.0
Female,19.0,CMS-Healthcare Social Workers,0.0
Female,20.0,CMS-Healthcare Social Workers,0.0
Female,21.0,CMS-Healthcare Social Workers,0.0
Female,22.0,CMS-Healthcare Social Workers,0.0
Female,23.0,CMS-Healthcare Social Workers,0.0
Female,24.0,CMS-Healthcare Social Workers,218.0
Female,25.0,CMS-Healthcare Social Workers,53.0
Female,26.0,CMS-Healthcare Social Workers,0.0
Female,27.0,CMS-Healthcare Social Workers,0.0
Female,28.0,CMS-Healthcare Social Workers,0.0
Female,29.0,CMS-Healthcare Social Workers,0.0
Female,30.0,CMS-Healthcare Social Workers,296.0
Male,18.0,CMS-Mental Health And Substance Abuse Social Workers,0.0
Male,19.0,CMS-Mental Health And Substance Abuse Social Workers,0.0
Male,20.0,CMS-Mental Health And Substance Abuse Social Workers,0.0
Male,21.0,CMS-Mental Health And Substance Abuse Social Workers,0.0
Male,22.0,CMS-Mental Health And Substance Abuse Social Workers,0.0
Male,23.0,CMS-Mental Health And Substance Abuse Social Workers,0.0
Male,24.0,CMS-Mental Health And Substance Abuse Social Workers,0.0
Male,25.0,CMS-Mental Health And Substance Abuse Social Workers,0.0
Male,26.0,CMS-Mental Health And Substance Abuse Social Workers,93.0
Male,27.0,CMS-Mental Health And Substance Abuse Social Workers,0.0
Male,28.0,CMS-Mental Health And Substance Abuse Social Workers,0.0
Male,29.0,CMS-Mental Health And Substance Abuse Social Workers,0.0
Male,30.0,CMS-Mental Health And Substance Abuse Social Workers,0.0
Female,18.0,CMS-Mental Health And Substance Abuse Social Workers,0.0
Female,19.0,CMS-Mental Health And Substance Abuse Social Workers,0.0
Female,20.0,CMS-Mental Health And Substance Abuse Social Workers,0.0
Female,21.0,CMS-Mental Health And Substance Abuse Social Workers,0.0
Female,22.0,CMS-Mental Health And Substance Abuse Social Workers,0.0
Female,23.0,CMS-Mental Health And Substance Abuse Social Workers,0.0
Female,24.0,CMS-Mental Health And Substance Abuse Social Workers,0.0
Female,25.0,CMS-Mental Health And Substance Abuse Social Workers,0.0
Female,26.0,CMS-Mental Health And Substance Abuse Social Workers,0.0
Female,27.0,CMS-Mental Health And Substance Abuse Social Workers,0.0
Female,28.0,CMS-Mental Health And Substance Abuse Social Workers,0.0
Female,29.0,CMS-Mental Health And Substance Abuse Social Workers,0.0
Female,30.0,CMS-Mental Health And Substance Abuse Social Workers,0.0
Male,18.0,"CMS-Social Workers, All Other",0.0
Male,19.0,"CMS-Social Workers, All Other",0.0
Male,20.0,"CMS-Social Workers, All Other",0.0
Male,21.0,"CMS-Social Workers, All Other",139.0
Male,22.0,"CMS-Social Workers, All Other",0.0
Male,23.0,"CMS-Social Workers, All Other",0.0
Male,24.0,"CMS-Social Workers, All Other",0.0
Male,25.0,"CMS-Social Workers, All Other",180.0
Male,26.0,"CMS-Social Workers, All Other",161.0
Male,27.0,"CMS-Social Workers, All Other",0.0
Male,28.0,"CMS-Social Workers, All Other",0.0
Male,29.0,"CMS-Social Workers, All Other",0.0
Male,30.0,"CMS-Social Workers, All Other",0.0
Female,18.0,"CMS-Social Workers, All Other",0.0
Female,19.0,"CMS-Social Workers, All Other",0.0
Female,20.0,"CMS-Social Workers, All Other",0.0
Female,21.0,"CMS-Social Workers, All Other",119.0
Female,22.0,"CMS-Social Workers, All Other",0.0
Female,23.0,"CMS-Social Workers, All Other",169.0
Female,24.0,"CMS-Social Workers, All Other",0.0
Female,25.0,"CMS-Social Workers, All Other",234.0
Female,26.0,"CMS-Social Workers, All Other",791.0
Female,27.0,"CMS-Social Workers, All Other",327.0
Female,28.0,"CMS-Social Workers, All Other",0.0
Female,29.0,"CMS-Social Workers, All Other",373.0
Female,30.0,"CMS-Social Workers, All Other",61.0
Male,18.0,CMS-Probation Officers And Correctional Treatment Specialists,0.0
Male,19.0,CMS-Probation Officers And Correctional Treatment Specialists,0.0
Male,20.0,CMS-Probation Officers And Correctional Treatment Specialists,0.0
Male,21.0,CMS-Probation Officers And Correctional Treatment Specialists,0.0
Male,22.0,CMS-Probation Officers And Correctional Treatment Specialists,0.0
Male,23.0,CMS-Probation Officers And Correctional Treatment Specialists,0.0
Male,24.0,CMS-Probation Officers And Correctional Treatment Specialists,0.0
Male,25.0,CMS-Probation Officers And Correctional Treatment Specialists,0.0
Male,26.0,CMS-Probation Officers And Correctional Treatment Specialists,0.0
Male,27.0,CMS-Probation Officers And Correctional Treatment Specialists,0.0
Male,28.0,CMS-Probation Officers And Correctional Treatment Specialists,0.0
Male,29.0,CMS-Probation Officers And Correctional Treatment Specialists,0.0
Male,30.0,CMS-Probation Officers And Correctional Treatment Specialists,0.0
Female,18.0,CMS-Probation Officers And Correctional Treatment Specialists,0.0
Female,19.0,CMS-Probation Officers And Correctional Treatment Specialists,0.0
Female,20.0,CMS-Probation Officers And Correctional Treatment Specialists,0.0
Female,21.0,CMS-Probation Officers And Correctional Treatment Specialists,0.0
Female,22.0,CMS-Probation Officers And Correctional Treatment Specialists,0.0
Female,23.0,CMS-Probation Officers And Correctional Treatment Specialists,0.0
Female,24.0,CMS-Probation Officers And Correctional Treatment Specialists,0.0
Female,25.0,CMS-Probation Officers And Correctional Treatment Specialists,0.0
Female,26.0,CMS-Probation Officers And Correctional Treatment Specialists,0.0
Female,27.0,CMS-Probation Officers And Correctional Treatment Specialists,0.0
Female,28.0,CMS-Probation Officers And Correctional Treatment Specialists,0.0
Female,29.0,CMS-Probation Officers And Correctional Treatment Specialists,0.0
Female,30.0,CMS-Probation Officers And Correctional Treatment Specialists,0.0
Male,18.0,CMS-Social And Human Service Assistants,0.0
Male,19.0,CMS-Social And Human Service Assistants,0.0
Male,20.0,CMS-Social And Human Service Assistants,0.0
Male,21.0,CMS-Social And Human Service Assistants,0.0
Male,22.0,CMS-Social And Human Service Assistants,0.0
Male,23.0,CMS-Social And Human Service Assistants,0.0
Male,24.0,CMS-Social And Human Service Assistants,0.0
Male,25.0,CMS-Social And Human Service Assistants,0.0
Male,26.0,CMS-Social And Human Service Assistants,0.0
Male,27.0,CMS-Social And Human Service Assistants,0.0
Male,28.0,CMS-Social And Human Service Assistants,0.0
Male,29.0,CMS-Social And Human Service Assistants,0.0
Male,30.0,CMS-Social And Human Service Assistants,104.0
Female,18.0,CMS-Social And Human Service Assistants,78.0
Female,19.0,CMS-Social And Human Service Assistants,0.0
Female,20.0,CMS-Social And Human Service Assistants,186.0
Female,21.0,CMS-Social And Human Service Assistants,0.0
Female,22.0,CMS-Social And Human Service Assistants,396.0
Female,23.0,CMS-Social And Human Service Assistants,95.0
Female,24.0,CMS-Social And Human Service Assistants,0.0
Female,25.0,CMS-Social And Human Service Assistants,0.0
Female,26.0,CMS-Social And Human Service Assistants,0.0
Female,27.0,CMS-Social And Human Service Assistants,88.0
Female,28.0,CMS-Social And Human Service Assistants,0.0
Female,29.0,CMS-Social And Human Service Assistants,0.0
Female,30.0,CMS-Social And Human Service Assistants,318.0
Male,18.0,CMS-Other Community and Social Service Specialists,0.0
Male,19.0,CMS-Other Community and Social Service Specialists,0.0
Male,20.0,CMS-Other Community and Social Service Specialists,0.0
Male,21.0,CMS-Other Community and Social Service Specialists,0.0
Male,22.0,CMS-Other Community and Social Service Specialists,0.0
Male,23.0,CMS-Other Community and Social Service Specialists,0.0
Male,24.0,CMS-Other Community and Social Service Specialists,0.0
Male,25.0,CMS-Other Community and Social Service Specialists,0.0
Male,26.0,CMS-Other Community and Social Service Specialists,147.0
Male,27.0,CMS-Other Community and Social Service Specialists,0.0
Male,28.0,CMS-Other Community and Social Service Specialists,0.0
Male,29.0,CMS-Other Community and Social Service Specialists,0.0
Male,30.0,CMS-Other Community and Social Service Specialists,0.0
Female,18.0,CMS-Other Community and Social Service Specialists,0.0
Female,19.0,CMS-Other Community and Social Service Specialists,0.0
Female,20.0,CMS-Other Community and Social Service Specialists,0.0
Female,21.0,CMS-Other Community and Social Service Specialists,0.0
Female,22.0,CMS-Other Community and Social Service Specialists,0.0
Female,23.0,CMS-Other Community and Social Service Specialists,0.0
Female,24.0,CMS-Other Community and Social Service Specialists,0.0
Female,25.0,CMS-Other Community and Social Service Specialists,82.0
Female,26.0,CMS-Other Community and Social Service Specialists,0.0
Female,27.0,CMS-Other Community and Social Service Specialists,0.0
Female,28.0,CMS-Other Community and Social Service Specialists,107.0
Female,29.0,CMS-Other Community and Social Service Specialists,0.0
Female,30.0,CMS-Other Community and Social Service Specialists,0.0
Male,18.0,CMS-Clergy,0.0
Male,19.0,CMS-Clergy,0.0
Male,20.0,CMS-Clergy,0.0
Male,21.0,CMS-Clergy,0.0
Male,22.0,CMS-Clergy,0.0
Male,23.0,CMS-Clergy,0.0
Male,24.0,CMS-Clergy,0.0
Male,25.0,CMS-Clergy,0.0
Male,26.0,CMS-Clergy,0.0
Male,27.0,CMS-Clergy,143.0
Male,28.0,CMS-Clergy,0.0
Male,29.0,CMS-Clergy,0.0
Male,30.0,CMS-Clergy,0.0
Female,18.0,CMS-Clergy,0.0
Female,19.0,CMS-Clergy,0.0
Female,20.0,CMS-Clergy,0.0
Female,21.0,CMS-Clergy,0.0
Female,22.0,CMS-Clergy,0.0
Female,23.0,CMS-Clergy,0.0
Female,24.0,CMS-Clergy,0.0
Female,25.0,CMS-Clergy,0.0
Female,26.0,CMS-Clergy,0.0
Female,27.0,CMS-Clergy,0.0
Female,28.0,CMS-Clergy,0.0
Female,29.0,CMS-Clergy,0.0
Female,30.0,CMS-Clergy,0.0
Male,18.0,"CMS-Directors, Religious Activities And Education",0.0
Male,19.0,"CMS-Directors, Religious Activities And Education",0.0
Male,20.0,"CMS-Directors, Religious Activities And Education",0.0
Male,21.0,"CMS-Directors, Religious Activities And Education",0.0
Male,22.0,"CMS-Directors, Religious Activities And Education",0.0
Male,23.0,"CMS-Directors, Religious Activities And Education",0.0
Male,24.0,"CMS-Directors, Religious Activities And Education",0.0
Male,25.0,"CMS-Directors, Religious Activities And Education",0.0
Male,26.0,"CMS-Directors, Religious Activities And Education",0.0
Male,27.0,"CMS-Directors, Religious Activities And Education",0.0
Male,28.0,"CMS-Directors, Religious Activities And Education",0.0
Male,29.0,"CMS-Directors, Religious Activities And Education",0.0
Male,30.0,"CMS-Directors, Religious Activities And Education",0.0
Female,18.0,"CMS-Directors, Religious Activities And Education",0.0
Female,19.0,"CMS-Directors, Religious Activities And Education",0.0
Female,20.0,"CMS-Directors, Religious Activities And Education",0.0
Female,21.0,"CMS-Directors, Religious Activities And Education",0.0
Female,22.0,"CMS-Directors, Religious Activities And Education",0.0
Female,23.0,"CMS-Directors, Religious Activities And Education",0.0
Female,24.0,"CMS-Directors, Religious Activities And Education",0.0
Female,25.0,"CMS-Directors, Religious Activities And Education",0.0
Female,26.0,"CMS-Directors, Religious Activities And Education",0.0
Female,27.0,"CMS-Directors, Religious Activities And Education",0.0
Female,28.0,"CMS-Directors, Religious Activities And Education",0.0
Female,29.0,"CMS-Directors, Religious Activities And Education",0.0
Female,30.0,"CMS-Directors, Religious Activities And Education",0.0
Male,18.0,"CMS-Religious Workers, All Other",0.0
Male,19.0,"CMS-Religious Workers, All Other",0.0
Male,20.0,"CMS-Religious Workers, All Other",0.0
Male,21.0,"CMS-Religious Workers, All Other",0.0
Male,22.0,"CMS-Religious Workers, All Other",0.0
Male,23.0,"CMS-Religious Workers, All Other",0.0
Male,24.0,"CMS-Religious Workers, All Other",0.0
Male,25.0,"CMS-Religious Workers, All Other",0.0
Male,26.0,"CMS-Religious Workers, All Other",0.0
Male,27.0,"CMS-Religious Workers, All Other",0.0
Male,28.0,"CMS-Religious Workers, All Other",0.0
Male,29.0,"CMS-Religious Workers, All Other",0.0
Male,30.0,"CMS-Religious Workers, All Other",0.0
Female,18.0,"CMS-Religious Workers, All Other",0.0
Female,19.0,"CMS-Religious Workers, All Other",0.0
Female,20.0,"CMS-Religious Workers, All Other",0.0
Female,21.0,"CMS-Religious Workers, All Other",0.0
Female,22.0,"CMS-Religious Workers, All Other",0.0
Female,23.0,"CMS-Religious Workers, All Other",0.0
Female,24.0,"CMS-Religious Workers, All Other",0.0
Female,25.0,"CMS-Religious Workers, All Other",0.0
Female,26.0,"CMS-Religious Workers, All Other",0.0
Female,27.0,"CMS-Religious Workers, All Other",0.0
Female,28.0,"CMS-Religious Workers, All Other",0.0
Female,29.0,"CMS-Religious Workers, All Other",0.0
Female,30.0,"CMS-Religious Workers, All Other",0.0
Male,18.0,"LGL-Lawyers, And Judges, Magistrates, And Other Judicial Workers",0.0
Male,19.0,"LGL-Lawyers, And Judges, Magistrates, And Other Judicial Workers",0.0
Male,20.0,"LGL-Lawyers, And Judges, Magistrates, And Other Judicial Workers",0.0
Male,21.0,"LGL-Lawyers, And Judges, Magistrates, And Other Judicial Workers",0.0
Male,22.0,"LGL-Lawyers, And Judges, Magistrates, And Other Judicial Workers",0.0
Male,23.0,"LGL-Lawyers, And Judges, Magistrates, And Other Judicial Workers",0.0
Male,24.0,"LGL-Lawyers, And Judges, Magistrates, And Other Judicial Workers",0.0
Male,25.0,"LGL-Lawyers, And Judges, Magistrates, And Other Judicial Workers",0.0
Male,26.0,"LGL-Lawyers, And Judges, Magistrates, And Other Judicial Workers",124.0
Male,27.0,"LGL-Lawyers, And Judges, Magistrates, And Other Judicial Workers",0.0
Male,28.0,"LGL-Lawyers, And Judges, Magistrates, And Other Judicial Workers",80.0
Male,29.0,"LGL-Lawyers, And Judges, Magistrates, And Other Judicial Workers",0.0
Male,30.0,"LGL-Lawyers, And Judges, Magistrates, And Other Judicial Workers",87.0
Female,18.0,"LGL-Lawyers, And Judges, Magistrates, And Other Judicial Workers",0.0
Female,19.0,"LGL-Lawyers, And Judges, Magistrates, And Other Judicial Workers",0.0
Female,20.0,"LGL-Lawyers, And Judges, Magistrates, And Other Judicial Workers",0.0
Female,21.0,"LGL-Lawyers, And Judges, Magistrates, And Other Judicial Workers",0.0
Female,22.0,"LGL-Lawyers, And Judges, Magistrates, And Other Judicial Workers",0.0
Female,23.0,"LGL-Lawyers, And Judges, Magistrates, And Other Judicial Workers",0.0
Female,24.0,"LGL-Lawyers, And Judges, Magistrates, And Other Judicial Workers",0.0
Female,25.0,"LGL-Lawyers, And Judges, Magistrates, And Other Judicial Workers",0.0
Female,26.0,"LGL-Lawyers, And Judges, Magistrates, And Other Judicial Workers",53.0
Female,27.0,"LGL-Lawyers, And Judges, Magistrates, And Other Judicial Workers",463.0
Female,28.0,"LGL-Lawyers, And Judges, Magistrates, And Other Judicial Workers",365.0
Female,29.0,"LGL-Lawyers, And Judges, Magistrates, And Other Judicial Workers",0.0
Female,30.0,"LGL-Lawyers, And Judges, Magistrates, And Other Judicial Workers",548.0
Male,18.0,LGL-Judicial Law Clerks,0.0
Male,19.0,LGL-Judicial Law Clerks,0.0
Male,20.0,LGL-Judicial Law Clerks,0.0
Male,21.0,LGL-Judicial Law Clerks,0.0
Male,22.0,LGL-Judicial Law Clerks,0.0
Male,23.0,LGL-Judicial Law Clerks,0.0
Male,24.0,LGL-Judicial Law Clerks,0.0
Male,25.0,LGL-Judicial Law Clerks,0.0
Male,26.0,LGL-Judicial Law Clerks,0.0
Male,27.0,LGL-Judicial Law Clerks,0.0
Male,28.0,LGL-Judicial Law Clerks,0.0
Male,29.0,LGL-Judicial Law Clerks,0.0
Male,30.0,LGL-Judicial Law Clerks,0.0
Female,18.0,LGL-Judicial Law Clerks,0.0
Female,19.0,LGL-Judicial Law Clerks,0.0
Female,20.0,LGL-Judicial Law Clerks,0.0
Female,21.0,LGL-Judicial Law Clerks,0.0
Female,22.0,LGL-Judicial Law Clerks,0.0
Female,23.0,LGL-Judicial Law Clerks,0.0
Female,24.0,LGL-Judicial Law Clerks,0.0
Female,25.0,LGL-Judicial Law Clerks,0.0
Female,26.0,LGL-Judicial Law Clerks,0.0
Female,27.0,LGL-Judicial Law Clerks,104.0
Female,28.0,LGL-Judicial Law Clerks,0.0
Female,29.0,LGL-Judicial Law Clerks,0.0
Female,30.0,LGL-Judicial Law Clerks,0.0
Male,18.0,LGL-Paralegals And Legal Assistants,0.0
Male,19.0,LGL-Paralegals And Legal Assistants,0.0
Male,20.0,LGL-Paralegals And Legal Assistants,0.0
Male,21.0,LGL-Paralegals And Legal Assistants,0.0
Male,22.0,LGL-Paralegals And Legal Assistants,0.0
Male,23.0,LGL-Paralegals And Legal Assistants,0.0
Male,24.0,LGL-Paralegals And Legal Assistants,0.0
Male,25.0,LGL-Paralegals And Legal Assistants,0.0
Male,26.0,LGL-Paralegals And Legal Assistants,0.0
Male,27.0,LGL-Paralegals And Legal Assistants,0.0
Male,28.0,LGL-Paralegals And Legal Assistants,0.0
Male,29.0,LGL-Paralegals And Legal Assistants,53.0
Male,30.0,LGL-Paralegals And Legal Assistants,87.0
Female,18.0,LGL-Paralegals And Legal Assistants,0.0
Female,19.0,LGL-Paralegals And Legal Assistants,0.0
Female,20.0,LGL-Paralegals And Legal Assistants,53.0
Female,21.0,LGL-Paralegals And Legal Assistants,49.0
Female,22.0,LGL-Paralegals And Legal Assistants,212.0
Female,23.0,LGL-Paralegals And Legal Assistants,519.0
Female,24.0,LGL-Paralegals And Legal Assistants,0.0
Female,25.0,LGL-Paralegals And Legal Assistants,0.0
Female,26.0,LGL-Paralegals And Legal Assistants,0.0
Female,27.0,LGL-Paralegals And Legal Assistants,283.0
Female,28.0,LGL-Paralegals And Legal Assistants,159.0
Female,29.0,LGL-Paralegals And Legal Assistants,97.0
Female,30.0,LGL-Paralegals And Legal Assistants,0.0
Male,18.0,"LGL-Title Examiners, Abstractors, and Searchers",0.0
Male,19.0,"LGL-Title Examiners, Abstractors, and Searchers",0.0
Male,20.0,"LGL-Title Examiners, Abstractors, and Searchers",0.0
Male,21.0,"LGL-Title Examiners, Abstractors, and Searchers",0.0
Male,22.0,"LGL-Title Examiners, Abstractors, and Searchers",0.0
Male,23.0,"LGL-Title Examiners, Abstractors, and Searchers",0.0
Male,24.0,"LGL-Title Examiners, Abstractors, and Searchers",0.0
Male,25.0,"LGL-Title Examiners, Abstractors, and Searchers",0.0
Male,26.0,"LGL-Title Examiners, Abstractors, and Searchers",0.0
Male,27.0,"LGL-Title Examiners, Abstractors, and Searchers",0.0
Male,28.0,"LGL-Title Examiners, Abstractors, and Searchers",0.0
Male,29.0,"LGL-Title Examiners, Abstractors, and Searchers",0.0
Male,30.0,"LGL-Title Examiners, Abstractors, and Searchers",0.0
Female,18.0,"LGL-Title Examiners, Abstractors, and Searchers",0.0
Female,19.0,"LGL-Title Examiners, Abstractors, and Searchers",0.0
Female,20.0,"LGL-Title Examiners, Abstractors, and Searchers",0.0
Female,21.0,"LGL-Title Examiners, Abstractors, and Searchers",0.0
Female,22.0,"LGL-Title Examiners, Abstractors, and Searchers",0.0
Female,23.0,"LGL-Title Examiners, Abstractors, and Searchers",0.0
Female,24.0,"LGL-Title Examiners, Abstractors, and Searchers",0.0
Female,25.0,"LGL-Title Examiners, Abstractors, and Searchers",0.0
Female,26.0,"LGL-Title Examiners, Abstractors, and Searchers",0.0
Female,27.0,"LGL-Title Examiners, Abstractors, and Searchers",0.0
Female,28.0,"LGL-Title Examiners, Abstractors, and Searchers",0.0
Female,29.0,"LGL-Title Examiners, Abstractors, and Searchers",0.0
Female,30.0,"LGL-Title Examiners, Abstractors, and Searchers",207.0
Male,18.0,"LGL-Legal Support Workers, All Other",0.0
Male,19.0,"LGL-Legal Support Workers, All Other",0.0
Male,20.0,"LGL-Legal Support Workers, All Other",0.0
Male,21.0,"LGL-Legal Support Workers, All Other",0.0
Male,22.0,"LGL-Legal Support Workers, All Other",0.0
Male,23.0,"LGL-Legal Support Workers, All Other",0.0
Male,24.0,"LGL-Legal Support Workers, All Other",0.0
Male,25.0,"LGL-Legal Support Workers, All Other",0.0
Male,26.0,"LGL-Legal Support Workers, All Other",0.0
Male,27.0,"LGL-Legal Support Workers, All Other",0.0
Male,28.0,"LGL-Legal Support Workers, All Other",0.0
Male,29.0,"LGL-Legal Support Workers, All Other",0.0
Male,30.0,"LGL-Legal Support Workers, All Other",0.0
Female,18.0,"LGL-Legal Support Workers, All Other",0.0
Female,19.0,"LGL-Legal Support Workers, All Other",0.0
Female,20.0,"LGL-Legal Support Workers, All Other",0.0
Female,21.0,"LGL-Legal Support Workers, All Other",0.0
Female,22.0,"LGL-Legal Support Workers, All Other",0.0
Female,23.0,"LGL-Legal Support Workers, All Other",0.0
Female,24.0,"LGL-Legal Support Workers, All Other",0.0
Female,25.0,"LGL-Legal Support Workers, All Other",0.0
Female,26.0,"LGL-Legal Support Workers, All Other",0.0
Female,27.0,"LGL-Legal Support Workers, All Other",0.0
Female,28.0,"LGL-Legal Support Workers, All Other",0.0
Female,29.0,"LGL-Legal Support Workers, All Other",55.0
Female,30.0,"LGL-Legal Support Workers, All Other",0.0
Male,18.0,EDU-Postsecondary Teachers,0.0
Male,19.0,EDU-Postsecondary Teachers,0.0
Male,20.0,EDU-Postsecondary Teachers,599.0
Male,21.0,EDU-Postsecondary Teachers,341.0
Male,22.0,EDU-Postsecondary Teachers,0.0
Male,23.0,EDU-Postsecondary Teachers,519.0
Male,24.0,EDU-Postsecondary Teachers,318.0
Male,25.0,EDU-Postsecondary Teachers,537.0
Male,26.0,EDU-Postsecondary Teachers,85.0
Male,27.0,EDU-Postsecondary Teachers,70.0
Male,28.0,EDU-Postsecondary Teachers,195.0
Male,29.0,EDU-Postsecondary Teachers,387.0
Male,30.0,EDU-Postsecondary Teachers,143.0
Female,18.0,EDU-Postsecondary Teachers,54.0
Female,19.0,EDU-Postsecondary Teachers,158.0
Female,20.0,EDU-Postsecondary Teachers,0.0
Female,21.0,EDU-Postsecondary Teachers,91.0
Female,22.0,EDU-Postsecondary Teachers,577.0
Female,23.0,EDU-Postsecondary Teachers,454.0
Female,24.0,EDU-Postsecondary Teachers,281.0
Female,25.0,EDU-Postsecondary Teachers,186.0
Female,26.0,EDU-Postsecondary Teachers,367.0
Female,27.0,EDU-Postsecondary Teachers,286.0
Female,28.0,EDU-Postsecondary Teachers,203.0
Female,29.0,EDU-Postsecondary Teachers,345.0
Female,30.0,EDU-Postsecondary Teachers,163.0
Male,18.0,EDU-Preschool And Kindergarten Teachers,0.0
Male,19.0,EDU-Preschool And Kindergarten Teachers,0.0
Male,20.0,EDU-Preschool And Kindergarten Teachers,0.0
Male,21.0,EDU-Preschool And Kindergarten Teachers,0.0
Male,22.0,EDU-Preschool And Kindergarten Teachers,0.0
Male,23.0,EDU-Preschool And Kindergarten Teachers,186.0
Male,24.0,EDU-Preschool And Kindergarten Teachers,0.0
Male,25.0,EDU-Preschool And Kindergarten Teachers,0.0
Male,26.0,EDU-Preschool And Kindergarten Teachers,0.0
Male,27.0,EDU-Preschool And Kindergarten Teachers,77.0
Male,28.0,EDU-Preschool And Kindergarten Teachers,0.0
Male,29.0,EDU-Preschool And Kindergarten Teachers,56.0
Male,30.0,EDU-Preschool And Kindergarten Teachers,0.0
Female,18.0,EDU-Preschool And Kindergarten Teachers,508.0
Female,19.0,EDU-Preschool And Kindergarten Teachers,0.0
Female,20.0,EDU-Preschool And Kindergarten Teachers,409.0
Female,21.0,EDU-Preschool And Kindergarten Teachers,134.0
Female,22.0,EDU-Preschool And Kindergarten Teachers,0.0
Female,23.0,EDU-Preschool And Kindergarten Teachers,361.0
Female,24.0,EDU-Preschool And Kindergarten Teachers,80.0
Female,25.0,EDU-Preschool And Kindergarten Teachers,222.0
Female,26.0,EDU-Preschool And Kindergarten Teachers,202.0
Female,27.0,EDU-Preschool And Kindergarten Teachers,0.0
Female,28.0,EDU-Preschool And Kindergarten Teachers,84.0
Female,29.0,EDU-Preschool And Kindergarten Teachers,871.0
Female,30.0,EDU-Preschool And Kindergarten Teachers,682.0
Male,18.0,EDU-Elementary And Middle School Teachers,0.0
Male,19.0,EDU-Elementary And Middle School Teachers,0.0
Male,20.0,EDU-Elementary And Middle School Teachers,74.0
Male,21.0,EDU-Elementary And Middle School Teachers,142.0
Male,22.0,EDU-Elementary And Middle School Teachers,0.0
Male,23.0,EDU-Elementary And Middle School Teachers,493.0
Male,24.0,EDU-Elementary And Middle School Teachers,409.0
Male,25.0,EDU-Elementary And Middle School Teachers,114.0
Male,26.0,EDU-Elementary And Middle School Teachers,96.0
Male,27.0,EDU-Elementary And Middle School Teachers,273.0
Male,28.0,EDU-Elementary And Middle School Teachers,151.0
Male,29.0,EDU-Elementary And Middle School Teachers,282.0
Male,30.0,EDU-Elementary And Middle School Teachers,0.0
Female,18.0,EDU-Elementary And Middle School Teachers,0.0
Female,19.0,EDU-Elementary And Middle School Teachers,0.0
Female,20.0,EDU-Elementary And Middle School Teachers,106.0
Female,21.0,EDU-Elementary And Middle School Teachers,0.0
Female,22.0,EDU-Elementary And Middle School Teachers,155.0
Female,23.0,EDU-Elementary And Middle School Teachers,1571.0
Female,24.0,EDU-Elementary And Middle School Teachers,755.0
Female,25.0,EDU-Elementary And Middle School Teachers,695.0
Female,26.0,EDU-Elementary And Middle School Teachers,941.0
Female,27.0,EDU-Elementary And Middle School Teachers,958.0
Female,28.0,EDU-Elementary And Middle School Teachers,358.0
Female,29.0,EDU-Elementary And Middle School Teachers,1007.0
Female,30.0,EDU-Elementary And Middle School Teachers,565.0
Male,18.0,EDU-Secondary School Teachers,0.0
Male,19.0,EDU-Secondary School Teachers,0.0
Male,20.0,EDU-Secondary School Teachers,0.0
Male,21.0,EDU-Secondary School Teachers,0.0
Male,22.0,EDU-Secondary School Teachers,0.0
Male,23.0,EDU-Secondary School Teachers,0.0
Male,24.0,EDU-Secondary School Teachers,447.0
Male,25.0,EDU-Secondary School Teachers,0.0
Male,26.0,EDU-Secondary School Teachers,67.0
Male,27.0,EDU-Secondary School Teachers,0.0
Male,28.0,EDU-Secondary School Teachers,0.0
Male,29.0,EDU-Secondary School Teachers,412.0
Male,30.0,EDU-Secondary School Teachers,134.0
Female,18.0,EDU-Secondary School Teachers,0.0
Female,19.0,EDU-Secondary School Teachers,0.0
Female,20.0,EDU-Secondary School Teachers,0.0
Female,21.0,EDU-Secondary School Teachers,0.0
Female,22.0,EDU-Secondary School Teachers,69.0
Female,23.0,EDU-Secondary School Teachers,0.0
Female,24.0,EDU-Secondary School Teachers,67.0
Female,25.0,EDU-Secondary School Teachers,289.0
Female,26.0,EDU-Secondary School Teachers,176.0
Female,27.0,EDU-Secondary School Teachers,168.0
Female,28.0,EDU-Secondary School Teachers,225.0
Female,29.0,EDU-Secondary School Teachers,430.0
Female,30.0,EDU-Secondary School Teachers,118.0
Male,18.0,EDU-Special Education Teachers,0.0
Male,19.0,EDU-Special Education Teachers,0.0
Male,20.0,EDU-Special Education Teachers,0.0
Male,21.0,EDU-Special Education Teachers,0.0
Male,22.0,EDU-Special Education Teachers,0.0
Male,23.0,EDU-Special Education Teachers,0.0
Male,24.0,EDU-Special Education Teachers,108.0
Male,25.0,EDU-Special Education Teachers,0.0
Male,26.0,EDU-Special Education Teachers,0.0
Male,27.0,EDU-Special Education Teachers,0.0
Male,28.0,EDU-Special Education Teachers,60.0
Male,29.0,EDU-Special Education Teachers,0.0
Male,30.0,EDU-Special Education Teachers,0.0
Female,18.0,EDU-Special Education Teachers,0.0
Female,19.0,EDU-Special Education Teachers,0.0
Female,20.0,EDU-Special Education Teachers,0.0
Female,21.0,EDU-Special Education Teachers,0.0
Female,22.0,EDU-Special Education Teachers,75.0
Female,23.0,EDU-Special Education Teachers,424.0
Female,24.0,EDU-Special Education Teachers,562.0
Female,25.0,EDU-Special Education Teachers,0.0
Female,26.0,EDU-Special Education Teachers,0.0
Female,27.0,EDU-Special Education Teachers,211.0
Female,28.0,EDU-Special Education Teachers,0.0
Female,29.0,EDU-Special Education Teachers,57.0
Female,30.0,EDU-Special Education Teachers,114.0
Male,18.0,EDU-Tutors,0.0
Male,19.0,EDU-Tutors,53.0
Male,20.0,EDU-Tutors,0.0
Male,21.0,EDU-Tutors,0.0
Male,22.0,EDU-Tutors,0.0
Male,23.0,EDU-Tutors,0.0
Male,24.0,EDU-Tutors,164.0
Male,25.0,EDU-Tutors,0.0
Male,26.0,EDU-Tutors,0.0
Male,27.0,EDU-Tutors,0.0
Male,28.0,EDU-Tutors,0.0
Male,29.0,EDU-Tutors,0.0
Male,30.0,EDU-Tutors,0.0
Female,18.0,EDU-Tutors,118.0
Female,19.0,EDU-Tutors,285.0
Female,20.0,EDU-Tutors,287.0
Female,21.0,EDU-Tutors,473.0
Female,22.0,EDU-Tutors,109.0
Female,23.0,EDU-Tutors,161.0
Female,24.0,EDU-Tutors,152.0
Female,25.0,EDU-Tutors,401.0
Female,26.0,EDU-Tutors,78.0
Female,27.0,EDU-Tutors,0.0
Female,28.0,EDU-Tutors,0.0
Female,29.0,EDU-Tutors,0.0
Female,30.0,EDU-Tutors,0.0
Male,18.0,EDU-Other Teachers and Instructors,188.0
Male,19.0,EDU-Other Teachers and Instructors,45.0
Male,20.0,EDU-Other Teachers and Instructors,172.0
Male,21.0,EDU-Other Teachers and Instructors,394.0
Male,22.0,EDU-Other Teachers and Instructors,0.0
Male,23.0,EDU-Other Teachers and Instructors,92.0
Male,24.0,EDU-Other Teachers and Instructors,332.0
Male,25.0,EDU-Other Teachers and Instructors,0.0
Male,26.0,EDU-Other Teachers and Instructors,166.0
Male,27.0,EDU-Other Teachers and Instructors,85.0
Male,28.0,EDU-Other Teachers and Instructors,0.0
Male,29.0,EDU-Other Teachers and Instructors,0.0
Male,30.0,EDU-Other Teachers and Instructors,253.0
Female,18.0,EDU-Other Teachers and Instructors,187.0
Female,19.0,EDU-Other Teachers and Instructors,0.0
Female,20.0,EDU-Other Teachers and Instructors,759.0
Female,21.0,EDU-Other Teachers and Instructors,411.0
Female,22.0,EDU-Other Teachers and Instructors,0.0
Female,23.0,EDU-Other Teachers and Instructors,132.0
Female,24.0,EDU-Other Teachers and Instructors,128.0
Female,25.0,EDU-Other Teachers and Instructors,0.0
Female,26.0,EDU-Other Teachers and Instructors,73.0
Female,27.0,EDU-Other Teachers and Instructors,63.0
Female,28.0,EDU-Other Teachers and Instructors,133.0
Female,29.0,EDU-Other Teachers and Instructors,0.0
Female,30.0,EDU-Other Teachers and Instructors,0.0
Male,18.0,"EDU-Archivists, Curators, And Museum Technicians",0.0
Male,19.0,"EDU-Archivists, Curators, And Museum Technicians",0.0
Male,20.0,"EDU-Archivists, Curators, And Museum Technicians",0.0
Male,21.0,"EDU-Archivists, Curators, And Museum Technicians",0.0
Male,22.0,"EDU-Archivists, Curators, And Museum Technicians",0.0
Male,23.0,"EDU-Archivists, Curators, And Museum Technicians",0.0
Male,24.0,"EDU-Archivists, Curators, And Museum Technicians",0.0
Male,25.0,"EDU-Archivists, Curators, And Museum Technicians",0.0
Male,26.0,"EDU-Archivists, Curators, And Museum Technicians",0.0
Male,27.0,"EDU-Archivists, Curators, And Museum Technicians",0.0
Male,28.0,"EDU-Archivists, Curators, And Museum Technicians",0.0
Male,29.0,"EDU-Archivists, Curators, And Museum Technicians",0.0
Male,30.0,"EDU-Archivists, Curators, And Museum Technicians",0.0
Female,18.0,"EDU-Archivists, Curators, And Museum Technicians",0.0
Female,19.0,"EDU-Archivists, Curators, And Museum Technicians",0.0
Female,20.0,"EDU-Archivists, Curators, And Museum Technicians",0.0
Female,21.0,"EDU-Archivists, Curators, And Museum Technicians",116.0
Female,22.0,"EDU-Archivists, Curators, And Museum Technicians",0.0
Female,23.0,"EDU-Archivists, Curators, And Museum Technicians",0.0
Female,24.0,"EDU-Archivists, Curators, And Museum Technicians",0.0
Female,25.0,"EDU-Archivists, Curators, And Museum Technicians",0.0
Female,26.0,"EDU-Archivists, Curators, And Museum Technicians",129.0
Female,27.0,"EDU-Archivists, Curators, And Museum Technicians",0.0
Female,28.0,"EDU-Archivists, Curators, And Museum Technicians",0.0
Female,29.0,"EDU-Archivists, Curators, And Museum Technicians",0.0
Female,30.0,"EDU-Archivists, Curators, And Museum Technicians",0.0
Male,18.0,EDU-Librarians And Media Collections Specialists,0.0
Male,19.0,EDU-Librarians And Media Collections Specialists,0.0
Male,20.0,EDU-Librarians And Media Collections Specialists,0.0
Male,21.0,EDU-Librarians And Media Collections Specialists,0.0
Male,22.0,EDU-Librarians And Media Collections Specialists,0.0
Male,23.0,EDU-Librarians And Media Collections Specialists,0.0
Male,24.0,EDU-Librarians And Media Collections Specialists,0.0
Male,25.0,EDU-Librarians And Media Collections Specialists,56.0
Male,26.0,EDU-Librarians And Media Collections Specialists,73.0
Male,27.0,EDU-Librarians And Media Collections Specialists,0.0
Male,28.0,EDU-Librarians And Media Collections Specialists,0.0
Male,29.0,EDU-Librarians And Media Collections Specialists,0.0
Male,30.0,EDU-Librarians And Media Collections Specialists,0.0
Female,18.0,EDU-Librarians And Media Collections Specialists,563.0
Female,19.0,EDU-Librarians And Media Collections Specialists,943.0
Female,20.0,EDU-Librarians And Media Collections Specialists,0.0
Female,21.0,EDU-Librarians And Media Collections Specialists,0.0
Female,22.0,EDU-Librarians And Media Collections Specialists,0.0
Female,23.0,EDU-Librarians And Media Collections Specialists,0.0
Female,24.0,EDU-Librarians And Media Collections Specialists,0.0
Female,25.0,EDU-Librarians And Media Collections Specialists,0.0
Female,26.0,EDU-Librarians And Media Collections Specialists,145.0
Female,27.0,EDU-Librarians And Media Collections Specialists,132.0
Female,28.0,EDU-Librarians And Media Collections Specialists,164.0
Female,29.0,EDU-Librarians And Media Collections Specialists,0.0
Female,30.0,EDU-Librarians And Media Collections Specialists,0.0
Male,18.0,EDU-Library Technicians,0.0
Male,19.0,EDU-Library Technicians,0.0
Male,20.0,EDU-Library Technicians,0.0
Male,21.0,EDU-Library Technicians,0.0
Male,22.0,EDU-Library Technicians,0.0
Male,23.0,EDU-Library Technicians,0.0
Male,24.0,EDU-Library Technicians,0.0
Male,25.0,EDU-Library Technicians,0.0
Male,26.0,EDU-Library Technicians,0.0
Male,27.0,EDU-Library Technicians,0.0
Male,28.0,EDU-Library Technicians,0.0
Male,29.0,EDU-Library Technicians,0.0
Male,30.0,EDU-Library Technicians,0.0
Female,18.0,EDU-Library Technicians,0.0
Female,19.0,EDU-Library Technicians,0.0
Female,20.0,EDU-Library Technicians,0.0
Female,21.0,EDU-Library Technicians,0.0
Female,22.0,EDU-Library Technicians,0.0
Female,23.0,EDU-Library Technicians,0.0
Female,24.0,EDU-Library Technicians,153.0
Female,25.0,EDU-Library Technicians,0.0
Female,26.0,EDU-Library Technicians,81.0
Female,27.0,EDU-Library Technicians,0.0
Female,28.0,EDU-Library Technicians,66.0
Female,29.0,EDU-Library Technicians,0.0
Female,30.0,EDU-Library Technicians,0.0
Male,18.0,EDU-Teaching Assistants,208.0
Male,19.0,EDU-Teaching Assistants,556.0
Male,20.0,EDU-Teaching Assistants,803.0
Male,21.0,EDU-Teaching Assistants,912.0
Male,22.0,EDU-Teaching Assistants,510.0
Male,23.0,EDU-Teaching Assistants,263.0
Male,24.0,EDU-Teaching Assistants,37.0
Male,25.0,EDU-Teaching Assistants,427.0
Male,26.0,EDU-Teaching Assistants,152.0
Male,27.0,EDU-Teaching Assistants,261.0
Male,28.0,EDU-Teaching Assistants,26.0
Male,29.0,EDU-Teaching Assistants,158.0
Male,30.0,EDU-Teaching Assistants,0.0
Female,18.0,EDU-Teaching Assistants,520.0
Female,19.0,EDU-Teaching Assistants,693.0
Female,20.0,EDU-Teaching Assistants,1187.0
Female,21.0,EDU-Teaching Assistants,1087.0
Female,22.0,EDU-Teaching Assistants,815.0
Female,23.0,EDU-Teaching Assistants,949.0
Female,24.0,EDU-Teaching Assistants,915.0
Female,25.0,EDU-Teaching Assistants,687.0
Female,26.0,EDU-Teaching Assistants,516.0
Female,27.0,EDU-Teaching Assistants,277.0
Female,28.0,EDU-Teaching Assistants,936.0
Female,29.0,EDU-Teaching Assistants,220.0
Female,30.0,EDU-Teaching Assistants,307.0
Male,18.0,EDU-Other Educational Instruction and Library Workers,0.0
Male,19.0,EDU-Other Educational Instruction and Library Workers,0.0
Male,20.0,EDU-Other Educational Instruction and Library Workers,72.0
Male,21.0,EDU-Other Educational Instruction and Library Workers,76.0
Male,22.0,EDU-Other Educational Instruction and Library Workers,0.0
Male,23.0,EDU-Other Educational Instruction and Library Workers,117.0
Male,24.0,EDU-Other Educational Instruction and Library Workers,0.0
Male,25.0,EDU-Other Educational Instruction and Library Workers,0.0
Male,26.0,EDU-Other Educational Instruction and Library Workers,0.0
Male,27.0,EDU-Other Educational Instruction and Library Workers,0.0
Male,28.0,EDU-Other Educational Instruction and Library Workers,0.0
Male,29.0,EDU-Other Educational Instruction and Library Workers,0.0
Male,30.0,EDU-Other Educational Instruction and Library Workers,0.0
Female,18.0,EDU-Other Educational Instruction and Library Workers,0.0
Female,19.0,EDU-Other Educational Instruction and Library Workers,0.0
Female,20.0,EDU-Other Educational Instruction and Library Workers,0.0
Female,21.0,EDU-Other Educational Instruction and Library Workers,165.0
Female,22.0,EDU-Other Educational Instruction and Library Workers,0.0
Female,23.0,EDU-Other Educational Instruction and Library Workers,0.0
Female,24.0,EDU-Other Educational Instruction and Library Workers,114.0
Female,25.0,EDU-Other Educational Instruction and Library Workers,0.0
Female,26.0,EDU-Other Educational Instruction and Library Workers,0.0
Female,27.0,EDU-Other Educational Instruction and Library Workers,0.0
Female,28.0,EDU-Other Educational Instruction and Library Workers,0.0
Female,29.0,EDU-Other Educational Instruction and Library Workers,0.0
Female,30.0,EDU-Other Educational Instruction and Library Workers,0.0
Male,18.0,ENT-Artists And Related Workers,0.0
Male,19.0,ENT-Artists And Related Workers,0.0
Male,20.0,ENT-Artists And Related Workers,0.0
Male,21.0,ENT-Artists And Related Workers,0.0
Male,22.0,ENT-Artists And Related Workers,0.0
Male,23.0,ENT-Artists And Related Workers,52.0
Male,24.0,ENT-Artists And Related Workers,0.0
Male,25.0,ENT-Artists And Related Workers,0.0
Male,26.0,ENT-Artists And Related Workers,421.0
Male,27.0,ENT-Artists And Related Workers,0.0
Male,28.0,ENT-Artists And Related Workers,0.0
Male,29.0,ENT-Artists And Related Workers,0.0
Male,30.0,ENT-Artists And Related Workers,0.0
Female,18.0,ENT-Artists And Related Workers,0.0
Female,19.0,ENT-Artists And Related Workers,0.0
Female,20.0,ENT-Artists And Related Workers,236.0
Female,21.0,ENT-Artists And Related Workers,0.0
Female,22.0,ENT-Artists And Related Workers,226.0
Female,23.0,ENT-Artists And Related Workers,0.0
Female,24.0,ENT-Artists And Related Workers,0.0
Female,25.0,ENT-Artists And Related Workers,72.0
Female,26.0,ENT-Artists And Related Workers,0.0
Female,27.0,ENT-Artists And Related Workers,266.0
Female,28.0,ENT-Artists And Related Workers,96.0
Female,29.0,ENT-Artists And Related Workers,0.0
Female,30.0,ENT-Artists And Related Workers,0.0
Male,18.0,ENT-Commercial And Industrial Designers,0.0
Male,19.0,ENT-Commercial And Industrial Designers,0.0
Male,20.0,ENT-Commercial And Industrial Designers,0.0
Male,21.0,ENT-Commercial And Industrial Designers,0.0
Male,22.0,ENT-Commercial And Industrial Designers,0.0
Male,23.0,ENT-Commercial And Industrial Designers,0.0
Male,24.0,ENT-Commercial And Industrial Designers,0.0
Male,25.0,ENT-Commercial And Industrial Designers,0.0
Male,26.0,ENT-Commercial And Industrial Designers,0.0
Male,27.0,ENT-Commercial And Industrial Designers,0.0
Male,28.0,ENT-Commercial And Industrial Designers,0.0
Male,29.0,ENT-Commercial And Industrial Designers,0.0
Male,30.0,ENT-Commercial And Industrial Designers,0.0
Female,18.0,ENT-Commercial And Industrial Designers,0.0
Female,19.0,ENT-Commercial And Industrial Designers,0.0
Female,20.0,ENT-Commercial And Industrial Designers,0.0
Female,21.0,ENT-Commercial And Industrial Designers,0.0
Female,22.0,ENT-Commercial And Industrial Designers,0.0
Female,23.0,ENT-Commercial And Industrial Designers,0.0
Female,24.0,ENT-Commercial And Industrial Designers,0.0
Female,25.0,ENT-Commercial And Industrial Designers,0.0
Female,26.0,ENT-Commercial And Industrial Designers,0.0
Female,27.0,ENT-Commercial And Industrial Designers,0.0
Female,28.0,ENT-Commercial And Industrial Designers,0.0
Female,29.0,ENT-Commercial And Industrial Designers,0.0
Female,30.0,ENT-Commercial And Industrial Designers,0.0
Male,18.0,ENT-Fashion Designers,0.0
Male,19.0,ENT-Fashion Designers,0.0
Male,20.0,ENT-Fashion Designers,0.0
Male,21.0,ENT-Fashion Designers,0.0
Male,22.0,ENT-Fashion Designers,0.0
Male,23.0,ENT-Fashion Designers,0.0
Male,24.0,ENT-Fashion Designers,0.0
Male,25.0,ENT-Fashion Designers,0.0
Male,26.0,ENT-Fashion Designers,0.0
Male,27.0,ENT-Fashion Designers,0.0
Male,28.0,ENT-Fashion Designers,0.0
Male,29.0,ENT-Fashion Designers,0.0
Male,30.0,ENT-Fashion Designers,0.0
Female,18.0,ENT-Fashion Designers,0.0
Female,19.0,ENT-Fashion Designers,0.0
Female,20.0,ENT-Fashion Designers,0.0
Female,21.0,ENT-Fashion Designers,0.0
Female,22.0,ENT-Fashion Designers,0.0
Female,23.0,ENT-Fashion Designers,0.0
Female,24.0,ENT-Fashion Designers,0.0
Female,25.0,ENT-Fashion Designers,0.0
Female,26.0,ENT-Fashion Designers,0.0
Female,27.0,ENT-Fashion Designers,0.0
Female,28.0,ENT-Fashion Designers,331.0
Female,29.0,ENT-Fashion Designers,0.0
Female,30.0,ENT-Fashion Designers,0.0
Male,18.0,ENT-Floral Designers,86.0
Male,19.0,ENT-Floral Designers,0.0
Male,20.0,ENT-Floral Designers,0.0
Male,21.0,ENT-Floral Designers,0.0
Male,22.0,ENT-Floral Designers,0.0
Male,23.0,ENT-Floral Designers,0.0
Male,24.0,ENT-Floral Designers,0.0
Male,25.0,ENT-Floral Designers,0.0
Male,26.0,ENT-Floral Designers,0.0
Male,27.0,ENT-Floral Designers,0.0
Male,28.0,ENT-Floral Designers,0.0
Male,29.0,ENT-Floral Designers,0.0
Male,30.0,ENT-Floral Designers,0.0
Female,18.0,ENT-Floral Designers,0.0
Female,19.0,ENT-Floral Designers,0.0
Female,20.0,ENT-Floral Designers,0.0
Female,21.0,ENT-Floral Designers,0.0
Female,22.0,ENT-Floral Designers,0.0
Female,23.0,ENT-Floral Designers,0.0
Female,24.0,ENT-Floral Designers,0.0
Female,25.0,ENT-Floral Designers,0.0
Female,26.0,ENT-Floral Designers,0.0
Female,27.0,ENT-Floral Designers,0.0
Female,28.0,ENT-Floral Designers,0.0
Female,29.0,ENT-Floral Designers,0.0
Female,30.0,ENT-Floral Designers,0.0
Male,18.0,ENT-Graphic Designers,0.0
Male,19.0,ENT-Graphic Designers,0.0
Male,20.0,ENT-Graphic Designers,0.0
Male,21.0,ENT-Graphic Designers,0.0
Male,22.0,ENT-Graphic Designers,0.0
Male,23.0,ENT-Graphic Designers,0.0
Male,24.0,ENT-Graphic Designers,0.0
Male,25.0,ENT-Graphic Designers,0.0
Male,26.0,ENT-Graphic Designers,0.0
Male,27.0,ENT-Graphic Designers,0.0
Male,28.0,ENT-Graphic Designers,0.0
Male,29.0,ENT-Graphic Designers,0.0
Male,30.0,ENT-Graphic Designers,0.0
Female,18.0,ENT-Graphic Designers,0.0
Female,19.0,ENT-Graphic Designers,0.0
Female,20.0,ENT-Graphic Designers,0.0
Female,21.0,ENT-Graphic Designers,0.0
Female,22.0,ENT-Graphic Designers,0.0
Female,23.0,ENT-Graphic Designers,0.0
Female,24.0,ENT-Graphic Designers,0.0
Female,25.0,ENT-Graphic Designers,0.0
Female,26.0,ENT-Graphic Designers,0.0
Female,27.0,ENT-Graphic Designers,0.0
Female,28.0,ENT-Graphic Designers,0.0
Female,29.0,ENT-Graphic Designers,246.0
Female,30.0,ENT-Graphic Designers,60.0
Male,18.0,ENT-Interior Designers,0.0
Male,19.0,ENT-Interior Designers,0.0
Male,20.0,ENT-Interior Designers,0.0
Male,21.0,ENT-Interior Designers,0.0
Male,22.0,ENT-Interior Designers,0.0
Male,23.0,ENT-Interior Designers,0.0
Male,24.0,ENT-Interior Designers,0.0
Male,25.0,ENT-Interior Designers,0.0
Male,26.0,ENT-Interior Designers,0.0
Male,27.0,ENT-Interior Designers,0.0
Male,28.0,ENT-Interior Designers,0.0
Male,29.0,ENT-Interior Designers,0.0
Male,30.0,ENT-Interior Designers,0.0
Female,18.0,ENT-Interior Designers,0.0
Female,19.0,ENT-Interior Designers,0.0
Female,20.0,ENT-Interior Designers,0.0
Female,21.0,ENT-Interior Designers,0.0
Female,22.0,ENT-Interior Designers,0.0
Female,23.0,ENT-Interior Designers,0.0
Female,24.0,ENT-Interior Designers,0.0
Female,25.0,ENT-Interior Designers,0.0
Female,26.0,ENT-Interior Designers,0.0
Female,27.0,ENT-Interior Designers,0.0
Female,28.0,ENT-Interior Designers,0.0
Female,29.0,ENT-Interior Designers,0.0
Female,30.0,ENT-Interior Designers,132.0
Male,18.0,ENT-Merchandise Displayers And Window Trimmers,0.0
Male,19.0,ENT-Merchandise Displayers And Window Trimmers,0.0
Male,20.0,ENT-Merchandise Displayers And Window Trimmers,0.0
Male,21.0,ENT-Merchandise Displayers And Window Trimmers,0.0
Male,22.0,ENT-Merchandise Displayers And Window Trimmers,0.0
Male,23.0,ENT-Merchandise Displayers And Window Trimmers,0.0
Male,24.0,ENT-Merchandise Displayers And Window Trimmers,0.0
Male,25.0,ENT-Merchandise Displayers And Window Trimmers,0.0
Male,26.0,ENT-Merchandise Displayers And Window Trimmers,0.0
Male,27.0,ENT-Merchandise Displayers And Window Trimmers,0.0
Male,28.0,ENT-Merchandise Displayers And Window Trimmers,0.0
Male,29.0,ENT-Merchandise Displayers And Window Trimmers,0.0
Male,30.0,ENT-Merchandise Displayers And Window Trimmers,0.0
Female,18.0,ENT-Merchandise Displayers And Window Trimmers,0.0
Female,19.0,ENT-Merchandise Displayers And Window Trimmers,193.0
Female,20.0,ENT-Merchandise Displayers And Window Trimmers,0.0
Female,21.0,ENT-Merchandise Displayers And Window Trimmers,0.0
Female,22.0,ENT-Merchandise Displayers And Window Trimmers,0.0
Female,23.0,ENT-Merchandise Displayers And Window Trimmers,0.0
Female,24.0,ENT-Merchandise Displayers And Window Trimmers,0.0
Female,25.0,ENT-Merchandise Displayers And Window Trimmers,0.0
Female,26.0,ENT-Merchandise Displayers And Window Trimmers,0.0
Female,27.0,ENT-Merchandise Displayers And Window Trimmers,0.0
Female,28.0,ENT-Merchandise Displayers And Window Trimmers,0.0
Female,29.0,ENT-Merchandise Displayers And Window Trimmers,0.0
Female,30.0,ENT-Merchandise Displayers And Window Trimmers,0.0
Male,18.0,ENT-Other Designers,0.0
Male,19.0,ENT-Other Designers,0.0
Male,20.0,ENT-Other Designers,0.0
Male,21.0,ENT-Other Designers,0.0
Male,22.0,ENT-Other Designers,80.0
Male,23.0,ENT-Other Designers,0.0
Male,24.0,ENT-Other Designers,106.0
Male,25.0,ENT-Other Designers,271.0
Male,26.0,ENT-Other Designers,0.0
Male,27.0,ENT-Other Designers,116.0
Male,28.0,ENT-Other Designers,0.0
Male,29.0,ENT-Other Designers,0.0
Male,30.0,ENT-Other Designers,0.0
Female,18.0,ENT-Other Designers,0.0
Female,19.0,ENT-Other Designers,0.0
Female,20.0,ENT-Other Designers,0.0
Female,21.0,ENT-Other Designers,0.0
Female,22.0,ENT-Other Designers,0.0
Female,23.0,ENT-Other Designers,0.0
Female,24.0,ENT-Other Designers,286.0
Female,25.0,ENT-Other Designers,0.0
Female,26.0,ENT-Other Designers,139.0
Female,27.0,ENT-Other Designers,0.0
Female,28.0,ENT-Other Designers,0.0
Female,29.0,ENT-Other Designers,0.0
Female,30.0,ENT-Other Designers,0.0
Male,18.0,ENT-Actors,0.0
Male,19.0,ENT-Actors,0.0
Male,20.0,ENT-Actors,0.0
Male,21.0,ENT-Actors,0.0
Male,22.0,ENT-Actors,0.0
Male,23.0,ENT-Actors,0.0
Male,24.0,ENT-Actors,0.0
Male,25.0,ENT-Actors,0.0
Male,26.0,ENT-Actors,0.0
Male,27.0,ENT-Actors,0.0
Male,28.0,ENT-Actors,0.0
Male,29.0,ENT-Actors,0.0
Male,30.0,ENT-Actors,0.0
Female,18.0,ENT-Actors,0.0
Female,19.0,ENT-Actors,0.0
Female,20.0,ENT-Actors,0.0
Female,21.0,ENT-Actors,0.0
Female,22.0,ENT-Actors,0.0
Female,23.0,ENT-Actors,0.0
Female,24.0,ENT-Actors,0.0
Female,25.0,ENT-Actors,0.0
Female,26.0,ENT-Actors,0.0
Female,27.0,ENT-Actors,0.0
Female,28.0,ENT-Actors,0.0
Female,29.0,ENT-Actors,0.0
Female,30.0,ENT-Actors,0.0
Male,18.0,ENT-Producers And Directors,0.0
Male,19.0,ENT-Producers And Directors,0.0
Male,20.0,ENT-Producers And Directors,0.0
Male,21.0,ENT-Producers And Directors,0.0
Male,22.0,ENT-Producers And Directors,0.0
Male,23.0,ENT-Producers And Directors,0.0
Male,24.0,ENT-Producers And Directors,0.0
Male,25.0,ENT-Producers And Directors,98.0
Male,26.0,ENT-Producers And Directors,0.0
Male,27.0,ENT-Producers And Directors,0.0
Male,28.0,ENT-Producers And Directors,0.0
Male,29.0,ENT-Producers And Directors,123.0
Male,30.0,ENT-Producers And Directors,0.0
Female,18.0,ENT-Producers And Directors,153.0
Female,19.0,ENT-Producers And Directors,271.0
Female,20.0,ENT-Producers And Directors,0.0
Female,21.0,ENT-Producers And Directors,0.0
Female,22.0,ENT-Producers And Directors,0.0
Female,23.0,ENT-Producers And Directors,334.0
Female,24.0,ENT-Producers And Directors,77.0
Female,25.0,ENT-Producers And Directors,0.0
Female,26.0,ENT-Producers And Directors,0.0
Female,27.0,ENT-Producers And Directors,0.0
Female,28.0,ENT-Producers And Directors,0.0
Female,29.0,ENT-Producers And Directors,51.0
Female,30.0,ENT-Producers And Directors,152.0
Male,18.0,ENT-Athletes and Sports Competitors,0.0
Male,19.0,ENT-Athletes and Sports Competitors,0.0
Male,20.0,ENT-Athletes and Sports Competitors,0.0
Male,21.0,ENT-Athletes and Sports Competitors,118.0
Male,22.0,ENT-Athletes and Sports Competitors,0.0
Male,23.0,ENT-Athletes and Sports Competitors,0.0
Male,24.0,ENT-Athletes and Sports Competitors,0.0
Male,25.0,ENT-Athletes and Sports Competitors,0.0
Male,26.0,ENT-Athletes and Sports Competitors,0.0
Male,27.0,ENT-Athletes and Sports Competitors,0.0
Male,28.0,ENT-Athletes and Sports Competitors,0.0
Male,29.0,ENT-Athletes and Sports Competitors,0.0
Male,30.0,ENT-Athletes and Sports Competitors,0.0
Female,18.0,ENT-Athletes and Sports Competitors,0.0
Female,19.0,ENT-Athletes and Sports Competitors,0.0
Female,20.0,ENT-Athletes and Sports Competitors,0.0
Female,21.0,ENT-Athletes and Sports Competitors,0.0
Female,22.0,ENT-Athletes and Sports Competitors,0.0
Female,23.0,ENT-Athletes and Sports Competitors,0.0
Female,24.0,ENT-Athletes and Sports Competitors,0.0
Female,25.0,ENT-Athletes and Sports Competitors,0.0
Female,26.0,ENT-Athletes and Sports Competitors,0.0
Female,27.0,ENT-Athletes and Sports Competitors,0.0
Female,28.0,ENT-Athletes and Sports Competitors,0.0
Female,29.0,ENT-Athletes and Sports Competitors,0.0
Female,30.0,ENT-Athletes and Sports Competitors,0.0
Male,18.0,ENT-Coaches and Scouts,78.0
Male,19.0,ENT-Coaches and Scouts,99.0
Male,20.0,ENT-Coaches and Scouts,73.0
Male,21.0,ENT-Coaches and Scouts,0.0
Male,22.0,ENT-Coaches and Scouts,21.0
Male,23.0,ENT-Coaches and Scouts,0.0
Male,24.0,ENT-Coaches and Scouts,773.0
Male,25.0,ENT-Coaches and Scouts,183.0
Male,26.0,ENT-Coaches and Scouts,0.0
Male,27.0,ENT-Coaches and Scouts,0.0
Male,28.0,ENT-Coaches and Scouts,0.0
Male,29.0,ENT-Coaches and Scouts,0.0
Male,30.0,ENT-Coaches and Scouts,54.0
Female,18.0,ENT-Coaches and Scouts,0.0
Female,19.0,ENT-Coaches and Scouts,28.0
Female,20.0,ENT-Coaches and Scouts,873.0
Female,21.0,ENT-Coaches and Scouts,479.0
Female,22.0,ENT-Coaches and Scouts,53.0
Female,23.0,ENT-Coaches and Scouts,484.0
Female,24.0,ENT-Coaches and Scouts,66.0
Female,25.0,ENT-Coaches and Scouts,0.0
Female,26.0,ENT-Coaches and Scouts,0.0
Female,27.0,ENT-Coaches and Scouts,0.0
Female,28.0,ENT-Coaches and Scouts,0.0
Female,29.0,ENT-Coaches and Scouts,0.0
Female,30.0,ENT-Coaches and Scouts,63.0
Male,18.0,"ENT-Umpires, Referees, And Other Sports Officials",0.0
Male,19.0,"ENT-Umpires, Referees, And Other Sports Officials",0.0
Male,20.0,"ENT-Umpires, Referees, And Other Sports Officials",0.0
Male,21.0,"ENT-Umpires, Referees, And Other Sports Officials",0.0
Male,22.0,"ENT-Umpires, Referees, And Other Sports Officials",0.0
Male,23.0,"ENT-Umpires, Referees, And Other Sports Officials",0.0
Male,24.0,"ENT-Umpires, Referees, And Other Sports Officials",154.0
Male,25.0,"ENT-Umpires, Referees, And Other Sports Officials",0.0
Male,26.0,"ENT-Umpires, Referees, And Other Sports Officials",0.0
Male,27.0,"ENT-Umpires, Referees, And Other Sports Officials",0.0
Male,28.0,"ENT-Umpires, Referees, And Other Sports Officials",206.0
Male,29.0,"ENT-Umpires, Referees, And Other Sports Officials",0.0
Male,30.0,"ENT-Umpires, Referees, And Other Sports Officials",0.0
Female,18.0,"ENT-Umpires, Referees, And Other Sports Officials",0.0
Female,19.0,"ENT-Umpires, Referees, And Other Sports Officials",0.0
Female,20.0,"ENT-Umpires, Referees, And Other Sports Officials",0.0
Female,21.0,"ENT-Umpires, Referees, And Other Sports Officials",0.0
Female,22.0,"ENT-Umpires, Referees, And Other Sports Officials",0.0
Female,23.0,"ENT-Umpires, Referees, And Other Sports Officials",0.0
Female,24.0,"ENT-Umpires, Referees, And Other Sports Officials",0.0
Female,25.0,"ENT-Umpires, Referees, And Other Sports Officials",0.0
Female,26.0,"ENT-Umpires, Referees, And Other Sports Officials",0.0
Female,27.0,"ENT-Umpires, Referees, And Other Sports Officials",0.0
Female,28.0,"ENT-Umpires, Referees, And Other Sports Officials",0.0
Female,29.0,"ENT-Umpires, Referees, And Other Sports Officials",0.0
Female,30.0,"ENT-Umpires, Referees, And Other Sports Officials",0.0
Male,18.0,ENT-Dancers And Choreographers,0.0
Male,19.0,ENT-Dancers And Choreographers,0.0
Male,20.0,ENT-Dancers And Choreographers,0.0
Male,21.0,ENT-Dancers And Choreographers,0.0
Male,22.0,ENT-Dancers And Choreographers,0.0
Male,23.0,ENT-Dancers And Choreographers,0.0
Male,24.0,ENT-Dancers And Choreographers,0.0
Male,25.0,ENT-Dancers And Choreographers,0.0
Male,26.0,ENT-Dancers And Choreographers,0.0
Male,27.0,ENT-Dancers And Choreographers,0.0
Male,28.0,ENT-Dancers And Choreographers,0.0
Male,29.0,ENT-Dancers And Choreographers,0.0
Male,30.0,ENT-Dancers And Choreographers,0.0
Female,18.0,ENT-Dancers And Choreographers,0.0
Female,19.0,ENT-Dancers And Choreographers,88.0
Female,20.0,ENT-Dancers And Choreographers,0.0
Female,21.0,ENT-Dancers And Choreographers,0.0
Female,22.0,ENT-Dancers And Choreographers,0.0
Female,23.0,ENT-Dancers And Choreographers,0.0
Female,24.0,ENT-Dancers And Choreographers,0.0
Female,25.0,ENT-Dancers And Choreographers,0.0
Female,26.0,ENT-Dancers And Choreographers,0.0
Female,27.0,ENT-Dancers And Choreographers,0.0
Female,28.0,ENT-Dancers And Choreographers,134.0
Female,29.0,ENT-Dancers And Choreographers,0.0
Female,30.0,ENT-Dancers And Choreographers,0.0
Male,18.0,ENT-Music Directors and Composers,0.0
Male,19.0,ENT-Music Directors and Composers,0.0
Male,20.0,ENT-Music Directors and Composers,0.0
Male,21.0,ENT-Music Directors and Composers,0.0
Male,22.0,ENT-Music Directors and Composers,0.0
Male,23.0,ENT-Music Directors and Composers,0.0
Male,24.0,ENT-Music Directors and Composers,0.0
Male,25.0,ENT-Music Directors and Composers,0.0
Male,26.0,ENT-Music Directors and Composers,0.0
Male,27.0,ENT-Music Directors and Composers,0.0
Male,28.0,ENT-Music Directors and Composers,0.0
Male,29.0,ENT-Music Directors and Composers,0.0
Male,30.0,ENT-Music Directors and Composers,0.0
Female,18.0,ENT-Music Directors and Composers,0.0
Female,19.0,ENT-Music Directors and Composers,0.0
Female,20.0,ENT-Music Directors and Composers,0.0
Female,21.0,ENT-Music Directors and Composers,0.0
Female,22.0,ENT-Music Directors and Composers,0.0
Female,23.0,ENT-Music Directors and Composers,0.0
Female,24.0,ENT-Music Directors and Composers,0.0
Female,25.0,ENT-Music Directors and Composers,0.0
Female,26.0,ENT-Music Directors and Composers,0.0
Female,27.0,ENT-Music Directors and Composers,0.0
Female,28.0,ENT-Music Directors and Composers,0.0
Female,29.0,ENT-Music Directors and Composers,0.0
Female,30.0,ENT-Music Directors and Composers,0.0
Male,18.0,ENT-Musicians and Singers,0.0
Male,19.0,ENT-Musicians and Singers,0.0
Male,20.0,ENT-Musicians and Singers,0.0
Male,21.0,ENT-Musicians and Singers,0.0
Male,22.0,ENT-Musicians and Singers,0.0
Male,23.0,ENT-Musicians and Singers,0.0
Male,24.0,ENT-Musicians and Singers,0.0
Male,25.0,ENT-Musicians and Singers,0.0
Male,26.0,ENT-Musicians and Singers,0.0
Male,27.0,ENT-Musicians and Singers,0.0
Male,28.0,ENT-Musicians and Singers,0.0
Male,29.0,ENT-Musicians and Singers,0.0
Male,30.0,ENT-Musicians and Singers,623.0
Female,18.0,ENT-Musicians and Singers,0.0
Female,19.0,ENT-Musicians and Singers,0.0
Female,20.0,ENT-Musicians and Singers,0.0
Female,21.0,ENT-Musicians and Singers,0.0
Female,22.0,ENT-Musicians and Singers,0.0
Female,23.0,ENT-Musicians and Singers,0.0
Female,24.0,ENT-Musicians and Singers,0.0
Female,25.0,ENT-Musicians and Singers,0.0
Female,26.0,ENT-Musicians and Singers,0.0
Female,27.0,ENT-Musicians and Singers,0.0
Female,28.0,ENT-Musicians and Singers,0.0
Female,29.0,ENT-Musicians and Singers,0.0
Female,30.0,ENT-Musicians and Singers,0.0
Male,18.0,"ENT-Disc Jockeys, Except Radio",0.0
Male,19.0,"ENT-Disc Jockeys, Except Radio",0.0
Male,20.0,"ENT-Disc Jockeys, Except Radio",0.0
Male,21.0,"ENT-Disc Jockeys, Except Radio",0.0
Male,22.0,"ENT-Disc Jockeys, Except Radio",0.0
Male,23.0,"ENT-Disc Jockeys, Except Radio",0.0
Male,24.0,"ENT-Disc Jockeys, Except Radio",0.0
Male,25.0,"ENT-Disc Jockeys, Except Radio",0.0
Male,26.0,"ENT-Disc Jockeys, Except Radio",0.0
Male,27.0,"ENT-Disc Jockeys, Except Radio",0.0
Male,28.0,"ENT-Disc Jockeys, Except Radio",0.0
Male,29.0,"ENT-Disc Jockeys, Except Radio",0.0
Male,30.0,"ENT-Disc Jockeys, Except Radio",0.0
Female,18.0,"ENT-Disc Jockeys, Except Radio",0.0
Female,19.0,"ENT-Disc Jockeys, Except Radio",0.0
Female,20.0,"ENT-Disc Jockeys, Except Radio",0.0
Female,21.0,"ENT-Disc Jockeys, Except Radio",0.0
Female,22.0,"ENT-Disc Jockeys, Except Radio",0.0
Female,23.0,"ENT-Disc Jockeys, Except Radio",0.0
Female,24.0,"ENT-Disc Jockeys, Except Radio",0.0
Female,25.0,"ENT-Disc Jockeys, Except Radio",0.0
Female,26.0,"ENT-Disc Jockeys, Except Radio",0.0
Female,27.0,"ENT-Disc Jockeys, Except Radio",0.0
Female,28.0,"ENT-Disc Jockeys, Except Radio",0.0
Female,29.0,"ENT-Disc Jockeys, Except Radio",0.0
Female,30.0,"ENT-Disc Jockeys, Except Radio",0.0
Male,18.0,"ENT-Entertainers And Performers, Sports and Related Workers, All Other",0.0
Male,19.0,"ENT-Entertainers And Performers, Sports and Related Workers, All Other",0.0
Male,20.0,"ENT-Entertainers And Performers, Sports and Related Workers, All Other",0.0
Male,21.0,"ENT-Entertainers And Performers, Sports and Related Workers, All Other",0.0
Male,22.0,"ENT-Entertainers And Performers, Sports and Related Workers, All Other",0.0
Male,23.0,"ENT-Entertainers And Performers, Sports and Related Workers, All Other",0.0
Male,24.0,"ENT-Entertainers And Performers, Sports and Related Workers, All Other",0.0
Male,25.0,"ENT-Entertainers And Performers, Sports and Related Workers, All Other",0.0
Male,26.0,"ENT-Entertainers And Performers, Sports and Related Workers, All Other",0.0
Male,27.0,"ENT-Entertainers And Performers, Sports and Related Workers, All Other",0.0
Male,28.0,"ENT-Entertainers And Performers, Sports and Related Workers, All Other",0.0
Male,29.0,"ENT-Entertainers And Performers, Sports and Related Workers, All Other",0.0
Male,30.0,"ENT-Entertainers And Performers, Sports and Related Workers, All Other",0.0
Female,18.0,"ENT-Entertainers And Performers, Sports and Related Workers, All Other",0.0
Female,19.0,"ENT-Entertainers And Performers, Sports and Related Workers, All Other",0.0
Female,20.0,"ENT-Entertainers And Performers, Sports and Related Workers, All Other",0.0
Female,21.0,"ENT-Entertainers And Performers, Sports and Related Workers, All Other",0.0
Female,22.0,"ENT-Entertainers And Performers, Sports and Related Workers, All Other",0.0
Female,23.0,"ENT-Entertainers And Performers, Sports and Related Workers, All Other",0.0
Female,24.0,"ENT-Entertainers And Performers, Sports and Related Workers, All Other",0.0
Female,25.0,"ENT-Entertainers And Performers, Sports and Related Workers, All Other",0.0
Female,26.0,"ENT-Entertainers And Performers, Sports and Related Workers, All Other",0.0
Female,27.0,"ENT-Entertainers And Performers, Sports and Related Workers, All Other",0.0
Female,28.0,"ENT-Entertainers And Performers, Sports and Related Workers, All Other",0.0
Female,29.0,"ENT-Entertainers And Performers, Sports and Related Workers, All Other",0.0
Female,30.0,"ENT-Entertainers And Performers, Sports and Related Workers, All Other",0.0
Male,18.0,ENT-Broadcast Announcers And Radio Disc Jockeys,0.0
Male,19.0,ENT-Broadcast Announcers And Radio Disc Jockeys,0.0
Male,20.0,ENT-Broadcast Announcers And Radio Disc Jockeys,0.0
Male,21.0,ENT-Broadcast Announcers And Radio Disc Jockeys,0.0
Male,22.0,ENT-Broadcast Announcers And Radio Disc Jockeys,0.0
Male,23.0,ENT-Broadcast Announcers And Radio Disc Jockeys,0.0
Male,24.0,ENT-Broadcast Announcers And Radio Disc Jockeys,0.0
Male,25.0,ENT-Broadcast Announcers And Radio Disc Jockeys,0.0
Male,26.0,ENT-Broadcast Announcers And Radio Disc Jockeys,0.0
Male,27.0,ENT-Broadcast Announcers And Radio Disc Jockeys,0.0
Male,28.0,ENT-Broadcast Announcers And Radio Disc Jockeys,0.0
Male,29.0,ENT-Broadcast Announcers And Radio Disc Jockeys,0.0
Male,30.0,ENT-Broadcast Announcers And Radio Disc Jockeys,0.0
Female,18.0,ENT-Broadcast Announcers And Radio Disc Jockeys,0.0
Female,19.0,ENT-Broadcast Announcers And Radio Disc Jockeys,0.0
Female,20.0,ENT-Broadcast Announcers And Radio Disc Jockeys,0.0
Female,21.0,ENT-Broadcast Announcers And Radio Disc Jockeys,0.0
Female,22.0,ENT-Broadcast Announcers And Radio Disc Jockeys,0.0
Female,23.0,ENT-Broadcast Announcers And Radio Disc Jockeys,0.0
Female,24.0,ENT-Broadcast Announcers And Radio Disc Jockeys,0.0
Female,25.0,ENT-Broadcast Announcers And Radio Disc Jockeys,0.0
Female,26.0,ENT-Broadcast Announcers And Radio Disc Jockeys,0.0
Female,27.0,ENT-Broadcast Announcers And Radio Disc Jockeys,0.0
Female,28.0,ENT-Broadcast Announcers And Radio Disc Jockeys,0.0
Female,29.0,ENT-Broadcast Announcers And Radio Disc Jockeys,0.0
Female,30.0,ENT-Broadcast Announcers And Radio Disc Jockeys,0.0
Male,18.0,"ENT-News Analysts, Reporters, And Journalists",0.0
Male,19.0,"ENT-News Analysts, Reporters, And Journalists",0.0
Male,20.0,"ENT-News Analysts, Reporters, And Journalists",0.0
Male,21.0,"ENT-News Analysts, Reporters, And Journalists",0.0
Male,22.0,"ENT-News Analysts, Reporters, And Journalists",0.0
Male,23.0,"ENT-News Analysts, Reporters, And Journalists",0.0
Male,24.0,"ENT-News Analysts, Reporters, And Journalists",0.0
Male,25.0,"ENT-News Analysts, Reporters, And Journalists",0.0
Male,26.0,"ENT-News Analysts, Reporters, And Journalists",0.0
Male,27.0,"ENT-News Analysts, Reporters, And Journalists",0.0
Male,28.0,"ENT-News Analysts, Reporters, And Journalists",0.0
Male,29.0,"ENT-News Analysts, Reporters, And Journalists",0.0
Male,30.0,"ENT-News Analysts, Reporters, And Journalists",0.0
Female,18.0,"ENT-News Analysts, Reporters, And Journalists",0.0
Female,19.0,"ENT-News Analysts, Reporters, And Journalists",0.0
Female,20.0,"ENT-News Analysts, Reporters, And Journalists",41.0
Female,21.0,"ENT-News Analysts, Reporters, And Journalists",0.0
Female,22.0,"ENT-News Analysts, Reporters, And Journalists",0.0
Female,23.0,"ENT-News Analysts, Reporters, And Journalists",0.0
Female,24.0,"ENT-News Analysts, Reporters, And Journalists",0.0
Female,25.0,"ENT-News Analysts, Reporters, And Journalists",0.0
Female,26.0,"ENT-News Analysts, Reporters, And Journalists",0.0
Female,27.0,"ENT-News Analysts, Reporters, And Journalists",0.0
Female,28.0,"ENT-News Analysts, Reporters, And Journalists",0.0
Female,29.0,"ENT-News Analysts, Reporters, And Journalists",0.0
Female,30.0,"ENT-News Analysts, Reporters, And Journalists",0.0
Male,18.0,ENT-Public Relations Specialists,0.0
Male,19.0,ENT-Public Relations Specialists,0.0
Male,20.0,ENT-Public Relations Specialists,0.0
Male,21.0,ENT-Public Relations Specialists,0.0
Male,22.0,ENT-Public Relations Specialists,0.0
Male,23.0,ENT-Public Relations Specialists,0.0
Male,24.0,ENT-Public Relations Specialists,0.0
Male,25.0,ENT-Public Relations Specialists,0.0
Male,26.0,ENT-Public Relations Specialists,0.0
Male,27.0,ENT-Public Relations Specialists,0.0
Male,28.0,ENT-Public Relations Specialists,0.0
Male,29.0,ENT-Public Relations Specialists,0.0
Male,30.0,ENT-Public Relations Specialists,0.0
Female,18.0,ENT-Public Relations Specialists,0.0
Female,19.0,ENT-Public Relations Specialists,0.0
Female,20.0,ENT-Public Relations Specialists,0.0
Female,21.0,ENT-Public Relations Specialists,0.0
Female,22.0,ENT-Public Relations Specialists,0.0
Female,23.0,ENT-Public Relations Specialists,257.0
Female,24.0,ENT-Public Relations Specialists,0.0
Female,25.0,ENT-Public Relations Specialists,138.0
Female,26.0,ENT-Public Relations Specialists,0.0
Female,27.0,ENT-Public Relations Specialists,0.0
Female,28.0,ENT-Public Relations Specialists,0.0
Female,29.0,ENT-Public Relations Specialists,0.0
Female,30.0,ENT-Public Relations Specialists,0.0
Male,18.0,ENT-Editors,0.0
Male,19.0,ENT-Editors,0.0
Male,20.0,ENT-Editors,0.0
Male,21.0,ENT-Editors,0.0
Male,22.0,ENT-Editors,0.0
Male,23.0,ENT-Editors,0.0
Male,24.0,ENT-Editors,0.0
Male,25.0,ENT-Editors,0.0
Male,26.0,ENT-Editors,0.0
Male,27.0,ENT-Editors,0.0
Male,28.0,ENT-Editors,0.0
Male,29.0,ENT-Editors,0.0
Male,30.0,ENT-Editors,0.0
Female,18.0,ENT-Editors,0.0
Female,19.0,ENT-Editors,0.0
Female,20.0,ENT-Editors,0.0
Female,21.0,ENT-Editors,0.0
Female,22.0,ENT-Editors,0.0
Female,23.0,ENT-Editors,0.0
Female,24.0,ENT-Editors,0.0
Female,25.0,ENT-Editors,0.0
Female,26.0,ENT-Editors,0.0
Female,27.0,ENT-Editors,0.0
Female,28.0,ENT-Editors,0.0
Female,29.0,ENT-Editors,168.0
Female,30.0,ENT-Editors,0.0
Male,18.0,ENT-Technical Writers,0.0
Male,19.0,ENT-Technical Writers,0.0
Male,20.0,ENT-Technical Writers,0.0
Male,21.0,ENT-Technical Writers,0.0
Male,22.0,ENT-Technical Writers,0.0
Male,23.0,ENT-Technical Writers,0.0
Male,24.0,ENT-Technical Writers,0.0
Male,25.0,ENT-Technical Writers,0.0
Male,26.0,ENT-Technical Writers,0.0
Male,27.0,ENT-Technical Writers,174.0
Male,28.0,ENT-Technical Writers,0.0
Male,29.0,ENT-Technical Writers,0.0
Male,30.0,ENT-Technical Writers,0.0
Female,18.0,ENT-Technical Writers,0.0
Female,19.0,ENT-Technical Writers,0.0
Female,20.0,ENT-Technical Writers,0.0
Female,21.0,ENT-Technical Writers,0.0
Female,22.0,ENT-Technical Writers,0.0
Female,23.0,ENT-Technical Writers,0.0
Female,24.0,ENT-Technical Writers,0.0
Female,25.0,ENT-Technical Writers,0.0
Female,26.0,ENT-Technical Writers,0.0
Female,27.0,ENT-Technical Writers,0.0
Female,28.0,ENT-Technical Writers,0.0
Female,29.0,ENT-Technical Writers,0.0
Female,30.0,ENT-Technical Writers,0.0
Male,18.0,ENT-Writers And Authors,0.0
Male,19.0,ENT-Writers And Authors,0.0
Male,20.0,ENT-Writers And Authors,0.0
Male,21.0,ENT-Writers And Authors,0.0
Male,22.0,ENT-Writers And Authors,0.0
Male,23.0,ENT-Writers And Authors,82.0
Male,24.0,ENT-Writers And Authors,126.0
Male,25.0,ENT-Writers And Authors,0.0
Male,26.0,ENT-Writers And Authors,0.0
Male,27.0,ENT-Writers And Authors,0.0
Male,28.0,ENT-Writers And Authors,0.0
Male,29.0,ENT-Writers And Authors,0.0
Male,30.0,ENT-Writers And Authors,0.0
Female,18.0,ENT-Writers And Authors,0.0
Female,19.0,ENT-Writers And Authors,0.0
Female,20.0,ENT-Writers And Authors,195.0
Female,21.0,ENT-Writers And Authors,22.0
Female,22.0,ENT-Writers And Authors,110.0
Female,23.0,ENT-Writers And Authors,355.0
Female,24.0,ENT-Writers And Authors,149.0
Female,25.0,ENT-Writers And Authors,0.0
Female,26.0,ENT-Writers And Authors,107.0
Female,27.0,ENT-Writers And Authors,126.0
Female,28.0,ENT-Writers And Authors,0.0
Female,29.0,ENT-Writers And Authors,0.0
Female,30.0,ENT-Writers And Authors,0.0
Male,18.0,ENT-Interpreters and Translators,0.0
Male,19.0,ENT-Interpreters and Translators,0.0
Male,20.0,ENT-Interpreters and Translators,0.0
Male,21.0,ENT-Interpreters and Translators,0.0
Male,22.0,ENT-Interpreters and Translators,0.0
Male,23.0,ENT-Interpreters and Translators,0.0
Male,24.0,ENT-Interpreters and Translators,0.0
Male,25.0,ENT-Interpreters and Translators,0.0
Male,26.0,ENT-Interpreters and Translators,0.0
Male,27.0,ENT-Interpreters and Translators,0.0
Male,28.0,ENT-Interpreters and Translators,0.0
Male,29.0,ENT-Interpreters and Translators,0.0
Male,30.0,ENT-Interpreters and Translators,0.0
Female,18.0,ENT-Interpreters and Translators,0.0
Female,19.0,ENT-Interpreters and Translators,0.0
Female,20.0,ENT-Interpreters and Translators,0.0
Female,21.0,ENT-Interpreters and Translators,0.0
Female,22.0,ENT-Interpreters and Translators,0.0
Female,23.0,ENT-Interpreters and Translators,0.0
Female,24.0,ENT-Interpreters and Translators,0.0
Female,25.0,ENT-Interpreters and Translators,0.0
Female,26.0,ENT-Interpreters and Translators,0.0
Female,27.0,ENT-Interpreters and Translators,0.0
Female,28.0,ENT-Interpreters and Translators,0.0
Female,29.0,ENT-Interpreters and Translators,0.0
Female,30.0,ENT-Interpreters and Translators,0.0
Male,18.0,ENT-Court Reporters and Simultaneous Captioners,0.0
Male,19.0,ENT-Court Reporters and Simultaneous Captioners,0.0
Male,20.0,ENT-Court Reporters and Simultaneous Captioners,0.0
Male,21.0,ENT-Court Reporters and Simultaneous Captioners,0.0
Male,22.0,ENT-Court Reporters and Simultaneous Captioners,0.0
Male,23.0,ENT-Court Reporters and Simultaneous Captioners,0.0
Male,24.0,ENT-Court Reporters and Simultaneous Captioners,0.0
Male,25.0,ENT-Court Reporters and Simultaneous Captioners,139.0
Male,26.0,ENT-Court Reporters and Simultaneous Captioners,0.0
Male,27.0,ENT-Court Reporters and Simultaneous Captioners,0.0
Male,28.0,ENT-Court Reporters and Simultaneous Captioners,0.0
Male,29.0,ENT-Court Reporters and Simultaneous Captioners,0.0
Male,30.0,ENT-Court Reporters and Simultaneous Captioners,0.0
Female,18.0,ENT-Court Reporters and Simultaneous Captioners,0.0
Female,19.0,ENT-Court Reporters and Simultaneous Captioners,0.0
Female,20.0,ENT-Court Reporters and Simultaneous Captioners,0.0
Female,21.0,ENT-Court Reporters and Simultaneous Captioners,0.0
Female,22.0,ENT-Court Reporters and Simultaneous Captioners,0.0
Female,23.0,ENT-Court Reporters and Simultaneous Captioners,0.0
Female,24.0,ENT-Court Reporters and Simultaneous Captioners,0.0
Female,25.0,ENT-Court Reporters and Simultaneous Captioners,0.0
Female,26.0,ENT-Court Reporters and Simultaneous Captioners,0.0
Female,27.0,ENT-Court Reporters and Simultaneous Captioners,0.0
Female,28.0,ENT-Court Reporters and Simultaneous Captioners,0.0
Female,29.0,ENT-Court Reporters and Simultaneous Captioners,0.0
Female,30.0,ENT-Court Reporters and Simultaneous Captioners,0.0
Male,18.0,"ENT-Media And Communication Workers, All Other",0.0
Male,19.0,"ENT-Media And Communication Workers, All Other",0.0
Male,20.0,"ENT-Media And Communication Workers, All Other",0.0
Male,21.0,"ENT-Media And Communication Workers, All Other",0.0
Male,22.0,"ENT-Media And Communication Workers, All Other",0.0
Male,23.0,"ENT-Media And Communication Workers, All Other",0.0
Male,24.0,"ENT-Media And Communication Workers, All Other",0.0
Male,25.0,"ENT-Media And Communication Workers, All Other",0.0
Male,26.0,"ENT-Media And Communication Workers, All Other",0.0
Male,27.0,"ENT-Media And Communication Workers, All Other",0.0
Male,28.0,"ENT-Media And Communication Workers, All Other",0.0
Male,29.0,"ENT-Media And Communication Workers, All Other",0.0
Male,30.0,"ENT-Media And Communication Workers, All Other",0.0
Female,18.0,"ENT-Media And Communication Workers, All Other",0.0
Female,19.0,"ENT-Media And Communication Workers, All Other",0.0
Female,20.0,"ENT-Media And Communication Workers, All Other",0.0
Female,21.0,"ENT-Media And Communication Workers, All Other",0.0
Female,22.0,"ENT-Media And Communication Workers, All Other",0.0
Female,23.0,"ENT-Media And Communication Workers, All Other",0.0
Female,24.0,"ENT-Media And Communication Workers, All Other",0.0
Female,25.0,"ENT-Media And Communication Workers, All Other",0.0
Female,26.0,"ENT-Media And Communication Workers, All Other",0.0
Female,27.0,"ENT-Media And Communication Workers, All Other",0.0
Female,28.0,"ENT-Media And Communication Workers, All Other",0.0
Female,29.0,"ENT-Media And Communication Workers, All Other",0.0
Female,30.0,"ENT-Media And Communication Workers, All Other",0.0
Male,18.0,ENT-Other Media And Communication Equipment Workers,0.0
Male,19.0,ENT-Other Media And Communication Equipment Workers,0.0
Male,20.0,ENT-Other Media And Communication Equipment Workers,0.0
Male,21.0,ENT-Other Media And Communication Equipment Workers,0.0
Male,22.0,ENT-Other Media And Communication Equipment Workers,39.0
Male,23.0,ENT-Other Media And Communication Equipment Workers,0.0
Male,24.0,ENT-Other Media And Communication Equipment Workers,0.0
Male,25.0,ENT-Other Media And Communication Equipment Workers,0.0
Male,26.0,ENT-Other Media And Communication Equipment Workers,106.0
Male,27.0,ENT-Other Media And Communication Equipment Workers,0.0
Male,28.0,ENT-Other Media And Communication Equipment Workers,57.0
Male,29.0,ENT-Other Media And Communication Equipment Workers,0.0
Male,30.0,ENT-Other Media And Communication Equipment Workers,37.0
Female,18.0,ENT-Other Media And Communication Equipment Workers,0.0
Female,19.0,ENT-Other Media And Communication Equipment Workers,0.0
Female,20.0,ENT-Other Media And Communication Equipment Workers,0.0
Female,21.0,ENT-Other Media And Communication Equipment Workers,0.0
Female,22.0,ENT-Other Media And Communication Equipment Workers,84.0
Female,23.0,ENT-Other Media And Communication Equipment Workers,0.0
Female,24.0,ENT-Other Media And Communication Equipment Workers,0.0
Female,25.0,ENT-Other Media And Communication Equipment Workers,0.0
Female,26.0,ENT-Other Media And Communication Equipment Workers,0.0
Female,27.0,ENT-Other Media And Communication Equipment Workers,0.0
Female,28.0,ENT-Other Media And Communication Equipment Workers,0.0
Female,29.0,ENT-Other Media And Communication Equipment Workers,0.0
Female,30.0,ENT-Other Media And Communication Equipment Workers,0.0
Male,18.0,ENT-Photographers,0.0
Male,19.0,ENT-Photographers,0.0
Male,20.0,ENT-Photographers,0.0
Male,21.0,ENT-Photographers,0.0
Male,22.0,ENT-Photographers,0.0
Male,23.0,ENT-Photographers,0.0
Male,24.0,ENT-Photographers,0.0
Male,25.0,ENT-Photographers,0.0
Male,26.0,ENT-Photographers,41.0
Male,27.0,ENT-Photographers,63.0
Male,28.0,ENT-Photographers,0.0
Male,29.0,ENT-Photographers,0.0
Male,30.0,ENT-Photographers,0.0
Female,18.0,ENT-Photographers,0.0
Female,19.0,ENT-Photographers,0.0
Female,20.0,ENT-Photographers,0.0
Female,21.0,ENT-Photographers,0.0
Female,22.0,ENT-Photographers,0.0
Female,23.0,ENT-Photographers,373.0
Female,24.0,ENT-Photographers,0.0
Female,25.0,ENT-Photographers,0.0
Female,26.0,ENT-Photographers,0.0
Female,27.0,ENT-Photographers,0.0
Female,28.0,ENT-Photographers,0.0
Female,29.0,ENT-Photographers,164.0
Female,30.0,ENT-Photographers,151.0
Male,18.0,"ENT-Television, Video, And Film Camera Operators And Editors",0.0
Male,19.0,"ENT-Television, Video, And Film Camera Operators And Editors",0.0
Male,20.0,"ENT-Television, Video, And Film Camera Operators And Editors",0.0
Male,21.0,"ENT-Television, Video, And Film Camera Operators And Editors",0.0
Male,22.0,"ENT-Television, Video, And Film Camera Operators And Editors",89.0
Male,23.0,"ENT-Television, Video, And Film Camera Operators And Editors",0.0
Male,24.0,"ENT-Television, Video, And Film Camera Operators And Editors",88.0
Male,25.0,"ENT-Television, Video, And Film Camera Operators And Editors",76.0
Male,26.0,"ENT-Television, Video, And Film Camera Operators And Editors",90.0
Male,27.0,"ENT-Television, Video, And Film Camera Operators And Editors",129.0
Male,28.0,"ENT-Television, Video, And Film Camera Operators And Editors",331.0
Male,29.0,"ENT-Television, Video, And Film Camera Operators And Editors",0.0
Male,30.0,"ENT-Television, Video, And Film Camera Operators And Editors",164.0
Female,18.0,"ENT-Television, Video, And Film Camera Operators And Editors",0.0
Female,19.0,"ENT-Television, Video, And Film Camera Operators And Editors",0.0
Female,20.0,"ENT-Television, Video, And Film Camera Operators And Editors",86.0
Female,21.0,"ENT-Television, Video, And Film Camera Operators And Editors",0.0
Female,22.0,"ENT-Television, Video, And Film Camera Operators And Editors",0.0
Female,23.0,"ENT-Television, Video, And Film Camera Operators And Editors",0.0
Female,24.0,"ENT-Television, Video, And Film Camera Operators And Editors",212.0
Female,25.0,"ENT-Television, Video, And Film Camera Operators And Editors",0.0
Female,26.0,"ENT-Television, Video, And Film Camera Operators And Editors",0.0
Female,27.0,"ENT-Television, Video, And Film Camera Operators And Editors",0.0
Female,28.0,"ENT-Television, Video, And Film Camera Operators And Editors",0.0
Female,29.0,"ENT-Television, Video, And Film Camera Operators And Editors",0.0
Female,30.0,"ENT-Television, Video, And Film Camera Operators And Editors",0.0
Male,18.0,MED-Chiropractors,0.0
Male,19.0,MED-Chiropractors,0.0
Male,20.0,MED-Chiropractors,0.0
Male,21.0,MED-Chiropractors,0.0
Male,22.0,MED-Chiropractors,0.0
Male,23.0,MED-Chiropractors,0.0
Male,24.0,MED-Chiropractors,0.0
Male,25.0,MED-Chiropractors,0.0
Male,26.0,MED-Chiropractors,0.0
Male,27.0,MED-Chiropractors,0.0
Male,28.0,MED-Chiropractors,0.0
Male,29.0,MED-Chiropractors,0.0
Male,30.0,MED-Chiropractors,0.0
Female,18.0,MED-Chiropractors,0.0
Female,19.0,MED-Chiropractors,0.0
Female,20.0,MED-Chiropractors,0.0
Female,21.0,MED-Chiropractors,0.0
Female,22.0,MED-Chiropractors,0.0
Female,23.0,MED-Chiropractors,0.0
Female,24.0,MED-Chiropractors,0.0
Female,25.0,MED-Chiropractors,0.0
Female,26.0,MED-Chiropractors,0.0
Female,27.0,MED-Chiropractors,0.0
Female,28.0,MED-Chiropractors,0.0
Female,29.0,MED-Chiropractors,0.0
Female,30.0,MED-Chiropractors,0.0
Male,18.0,MED-Dentists,0.0
Male,19.0,MED-Dentists,0.0
Male,20.0,MED-Dentists,0.0
Male,21.0,MED-Dentists,0.0
Male,22.0,MED-Dentists,0.0
Male,23.0,MED-Dentists,0.0
Male,24.0,MED-Dentists,0.0
Male,25.0,MED-Dentists,0.0
Male,26.0,MED-Dentists,0.0
Male,27.0,MED-Dentists,76.0
Male,28.0,MED-Dentists,0.0
Male,29.0,MED-Dentists,0.0
Male,30.0,MED-Dentists,0.0
Female,18.0,MED-Dentists,0.0
Female,19.0,MED-Dentists,0.0
Female,20.0,MED-Dentists,0.0
Female,21.0,MED-Dentists,0.0
Female,22.0,MED-Dentists,0.0
Female,23.0,MED-Dentists,0.0
Female,24.0,MED-Dentists,0.0
Female,25.0,MED-Dentists,0.0
Female,26.0,MED-Dentists,0.0
Female,27.0,MED-Dentists,0.0
Female,28.0,MED-Dentists,0.0
Female,29.0,MED-Dentists,55.0
Female,30.0,MED-Dentists,0.0
Male,18.0,MED-Dietitians And Nutritionists,0.0
Male,19.0,MED-Dietitians And Nutritionists,0.0
Male,20.0,MED-Dietitians And Nutritionists,93.0
Male,21.0,MED-Dietitians And Nutritionists,0.0
Male,22.0,MED-Dietitians And Nutritionists,70.0
Male,23.0,MED-Dietitians And Nutritionists,0.0
Male,24.0,MED-Dietitians And Nutritionists,0.0
Male,25.0,MED-Dietitians And Nutritionists,0.0
Male,26.0,MED-Dietitians And Nutritionists,0.0
Male,27.0,MED-Dietitians And Nutritionists,0.0
Male,28.0,MED-Dietitians And Nutritionists,0.0
Male,29.0,MED-Dietitians And Nutritionists,0.0
Male,30.0,MED-Dietitians And Nutritionists,0.0
Female,18.0,MED-Dietitians And Nutritionists,0.0
Female,19.0,MED-Dietitians And Nutritionists,0.0
Female,20.0,MED-Dietitians And Nutritionists,0.0
Female,21.0,MED-Dietitians And Nutritionists,0.0
Female,22.0,MED-Dietitians And Nutritionists,0.0
Female,23.0,MED-Dietitians And Nutritionists,0.0
Female,24.0,MED-Dietitians And Nutritionists,0.0
Female,25.0,MED-Dietitians And Nutritionists,0.0
Female,26.0,MED-Dietitians And Nutritionists,145.0
Female,27.0,MED-Dietitians And Nutritionists,0.0
Female,28.0,MED-Dietitians And Nutritionists,0.0
Female,29.0,MED-Dietitians And Nutritionists,0.0
Female,30.0,MED-Dietitians And Nutritionists,0.0
Male,18.0,MED-Optometrists,0.0
Male,19.0,MED-Optometrists,0.0
Male,20.0,MED-Optometrists,0.0
Male,21.0,MED-Optometrists,0.0
Male,22.0,MED-Optometrists,0.0
Male,23.0,MED-Optometrists,0.0
Male,24.0,MED-Optometrists,0.0
Male,25.0,MED-Optometrists,0.0
Male,26.0,MED-Optometrists,0.0
Male,27.0,MED-Optometrists,0.0
Male,28.0,MED-Optometrists,0.0
Male,29.0,MED-Optometrists,0.0
Male,30.0,MED-Optometrists,0.0
Female,18.0,MED-Optometrists,0.0
Female,19.0,MED-Optometrists,0.0
Female,20.0,MED-Optometrists,0.0
Female,21.0,MED-Optometrists,0.0
Female,22.0,MED-Optometrists,0.0
Female,23.0,MED-Optometrists,0.0
Female,24.0,MED-Optometrists,0.0
Female,25.0,MED-Optometrists,0.0
Female,26.0,MED-Optometrists,0.0
Female,27.0,MED-Optometrists,0.0
Female,28.0,MED-Optometrists,0.0
Female,29.0,MED-Optometrists,0.0
Female,30.0,MED-Optometrists,0.0
Male,18.0,MED-Pharmacists,0.0
Male,19.0,MED-Pharmacists,0.0
Male,20.0,MED-Pharmacists,0.0
Male,21.0,MED-Pharmacists,0.0
Male,22.0,MED-Pharmacists,0.0
Male,23.0,MED-Pharmacists,0.0
Male,24.0,MED-Pharmacists,117.0
Male,25.0,MED-Pharmacists,64.0
Male,26.0,MED-Pharmacists,0.0
Male,27.0,MED-Pharmacists,0.0
Male,28.0,MED-Pharmacists,226.0
Male,29.0,MED-Pharmacists,0.0
Male,30.0,MED-Pharmacists,278.0
Female,18.0,MED-Pharmacists,0.0
Female,19.0,MED-Pharmacists,0.0
Female,20.0,MED-Pharmacists,0.0
Female,21.0,MED-Pharmacists,0.0
Female,22.0,MED-Pharmacists,0.0
Female,23.0,MED-Pharmacists,0.0
Female,24.0,MED-Pharmacists,0.0
Female,25.0,MED-Pharmacists,142.0
Female,26.0,MED-Pharmacists,0.0
Female,27.0,MED-Pharmacists,188.0
Female,28.0,MED-Pharmacists,38.0
Female,29.0,MED-Pharmacists,0.0
Female,30.0,MED-Pharmacists,0.0
Male,18.0,MED-Physicians,0.0
Male,19.0,MED-Physicians,0.0
Male,20.0,MED-Physicians,0.0
Male,21.0,MED-Physicians,0.0
Male,22.0,MED-Physicians,0.0
Male,23.0,MED-Physicians,0.0
Male,24.0,MED-Physicians,0.0
Male,25.0,MED-Physicians,0.0
Male,26.0,MED-Physicians,0.0
Male,27.0,MED-Physicians,65.0
Male,28.0,MED-Physicians,0.0
Male,29.0,MED-Physicians,145.0
Male,30.0,MED-Physicians,321.0
Female,18.0,MED-Physicians,0.0
Female,19.0,MED-Physicians,0.0
Female,20.0,MED-Physicians,0.0
Female,21.0,MED-Physicians,0.0
Female,22.0,MED-Physicians,0.0
Female,23.0,MED-Physicians,0.0
Female,24.0,MED-Physicians,72.0
Female,25.0,MED-Physicians,0.0
Female,26.0,MED-Physicians,43.0
Female,27.0,MED-Physicians,0.0
Female,28.0,MED-Physicians,74.0
Female,29.0,MED-Physicians,121.0
Female,30.0,MED-Physicians,93.0
Male,18.0,MED-Surgeons,0.0
Male,19.0,MED-Surgeons,0.0
Male,20.0,MED-Surgeons,0.0
Male,21.0,MED-Surgeons,0.0
Male,22.0,MED-Surgeons,0.0
Male,23.0,MED-Surgeons,0.0
Male,24.0,MED-Surgeons,0.0
Male,25.0,MED-Surgeons,0.0
Male,26.0,MED-Surgeons,0.0
Male,27.0,MED-Surgeons,0.0
Male,28.0,MED-Surgeons,0.0
Male,29.0,MED-Surgeons,0.0
Male,30.0,MED-Surgeons,0.0
Female,18.0,MED-Surgeons,0.0
Female,19.0,MED-Surgeons,0.0
Female,20.0,MED-Surgeons,0.0
Female,21.0,MED-Surgeons,0.0
Female,22.0,MED-Surgeons,0.0
Female,23.0,MED-Surgeons,0.0
Female,24.0,MED-Surgeons,0.0
Female,25.0,MED-Surgeons,0.0
Female,26.0,MED-Surgeons,0.0
Female,27.0,MED-Surgeons,0.0
Female,28.0,MED-Surgeons,0.0
Female,29.0,MED-Surgeons,0.0
Female,30.0,MED-Surgeons,0.0
Male,18.0,MED-Physician Assistants,0.0
Male,19.0,MED-Physician Assistants,0.0
Male,20.0,MED-Physician Assistants,0.0
Male,21.0,MED-Physician Assistants,0.0
Male,22.0,MED-Physician Assistants,0.0
Male,23.0,MED-Physician Assistants,0.0
Male,24.0,MED-Physician Assistants,0.0
Male,25.0,MED-Physician Assistants,0.0
Male,26.0,MED-Physician Assistants,125.0
Male,27.0,MED-Physician Assistants,0.0
Male,28.0,MED-Physician Assistants,0.0
Male,29.0,MED-Physician Assistants,0.0
Male,30.0,MED-Physician Assistants,0.0
Female,18.0,MED-Physician Assistants,0.0
Female,19.0,MED-Physician Assistants,0.0
Female,20.0,MED-Physician Assistants,0.0
Female,21.0,MED-Physician Assistants,0.0
Female,22.0,MED-Physician Assistants,0.0
Female,23.0,MED-Physician Assistants,0.0
Female,24.0,MED-Physician Assistants,0.0
Female,25.0,MED-Physician Assistants,0.0
Female,26.0,MED-Physician Assistants,84.0
Female,27.0,MED-Physician Assistants,0.0
Female,28.0,MED-Physician Assistants,0.0
Female,29.0,MED-Physician Assistants,585.0
Female,30.0,MED-Physician Assistants,46.0
Male,18.0,MED-Podiatrists,0.0
Male,19.0,MED-Podiatrists,0.0
Male,20.0,MED-Podiatrists,0.0
Male,21.0,MED-Podiatrists,0.0
Male,22.0,MED-Podiatrists,0.0
Male,23.0,MED-Podiatrists,0.0
Male,24.0,MED-Podiatrists,0.0
Male,25.0,MED-Podiatrists,0.0
Male,26.0,MED-Podiatrists,0.0
Male,27.0,MED-Podiatrists,0.0
Male,28.0,MED-Podiatrists,0.0
Male,29.0,MED-Podiatrists,0.0
Male,30.0,MED-Podiatrists,0.0
Female,18.0,MED-Podiatrists,0.0
Female,19.0,MED-Podiatrists,0.0
Female,20.0,MED-Podiatrists,0.0
Female,21.0,MED-Podiatrists,0.0
Female,22.0,MED-Podiatrists,0.0
Female,23.0,MED-Podiatrists,0.0
Female,24.0,MED-Podiatrists,0.0
Female,25.0,MED-Podiatrists,0.0
Female,26.0,MED-Podiatrists,0.0
Female,27.0,MED-Podiatrists,0.0
Female,28.0,MED-Podiatrists,0.0
Female,29.0,MED-Podiatrists,0.0
Female,30.0,MED-Podiatrists,0.0
Male,18.0,MED-Audiologists,0.0
Male,19.0,MED-Audiologists,0.0
Male,20.0,MED-Audiologists,0.0
Male,21.0,MED-Audiologists,0.0
Male,22.0,MED-Audiologists,0.0
Male,23.0,MED-Audiologists,0.0
Male,24.0,MED-Audiologists,0.0
Male,25.0,MED-Audiologists,0.0
Male,26.0,MED-Audiologists,0.0
Male,27.0,MED-Audiologists,0.0
Male,28.0,MED-Audiologists,0.0
Male,29.0,MED-Audiologists,0.0
Male,30.0,MED-Audiologists,0.0
Female,18.0,MED-Audiologists,0.0
Female,19.0,MED-Audiologists,0.0
Female,20.0,MED-Audiologists,0.0
Female,21.0,MED-Audiologists,0.0
Female,22.0,MED-Audiologists,0.0
Female,23.0,MED-Audiologists,0.0
Female,24.0,MED-Audiologists,0.0
Female,25.0,MED-Audiologists,0.0
Female,26.0,MED-Audiologists,0.0
Female,27.0,MED-Audiologists,0.0
Female,28.0,MED-Audiologists,0.0
Female,29.0,MED-Audiologists,0.0
Female,30.0,MED-Audiologists,0.0
Male,18.0,MED-Occupational Therapists,0.0
Male,19.0,MED-Occupational Therapists,0.0
Male,20.0,MED-Occupational Therapists,0.0
Male,21.0,MED-Occupational Therapists,0.0
Male,22.0,MED-Occupational Therapists,0.0
Male,23.0,MED-Occupational Therapists,0.0
Male,24.0,MED-Occupational Therapists,0.0
Male,25.0,MED-Occupational Therapists,0.0
Male,26.0,MED-Occupational Therapists,0.0
Male,27.0,MED-Occupational Therapists,0.0
Male,28.0,MED-Occupational Therapists,0.0
Male,29.0,MED-Occupational Therapists,0.0
Male,30.0,MED-Occupational Therapists,0.0
Female,18.0,MED-Occupational Therapists,0.0
Female,19.0,MED-Occupational Therapists,0.0
Female,20.0,MED-Occupational Therapists,72.0
Female,21.0,MED-Occupational Therapists,0.0
Female,22.0,MED-Occupational Therapists,0.0
Female,23.0,MED-Occupational Therapists,0.0
Female,24.0,MED-Occupational Therapists,67.0
Female,25.0,MED-Occupational Therapists,0.0
Female,26.0,MED-Occupational Therapists,52.0
Female,27.0,MED-Occupational Therapists,144.0
Female,28.0,MED-Occupational Therapists,145.0
Female,29.0,MED-Occupational Therapists,0.0
Female,30.0,MED-Occupational Therapists,0.0
Male,18.0,MED-Physical Therapists,0.0
Male,19.0,MED-Physical Therapists,0.0
Male,20.0,MED-Physical Therapists,0.0
Male,21.0,MED-Physical Therapists,0.0
Male,22.0,MED-Physical Therapists,0.0
Male,23.0,MED-Physical Therapists,0.0
Male,24.0,MED-Physical Therapists,0.0
Male,25.0,MED-Physical Therapists,0.0
Male,26.0,MED-Physical Therapists,0.0
Male,27.0,MED-Physical Therapists,0.0
Male,28.0,MED-Physical Therapists,188.0
Male,29.0,MED-Physical Therapists,116.0
Male,30.0,MED-Physical Therapists,0.0
Female,18.0,MED-Physical Therapists,0.0
Female,19.0,MED-Physical Therapists,0.0
Female,20.0,MED-Physical Therapists,0.0
Female,21.0,MED-Physical Therapists,0.0
Female,22.0,MED-Physical Therapists,0.0
Female,23.0,MED-Physical Therapists,84.0
Female,24.0,MED-Physical Therapists,0.0
Female,25.0,MED-Physical Therapists,0.0
Female,26.0,MED-Physical Therapists,0.0
Female,27.0,MED-Physical Therapists,0.0
Female,28.0,MED-Physical Therapists,134.0
Female,29.0,MED-Physical Therapists,208.0
Female,30.0,MED-Physical Therapists,93.0
Male,18.0,MED-Radiation Therapists,0.0
Male,19.0,MED-Radiation Therapists,0.0
Male,20.0,MED-Radiation Therapists,0.0
Male,21.0,MED-Radiation Therapists,0.0
Male,22.0,MED-Radiation Therapists,0.0
Male,23.0,MED-Radiation Therapists,0.0
Male,24.0,MED-Radiation Therapists,0.0
Male,25.0,MED-Radiation Therapists,0.0
Male,26.0,MED-Radiation Therapists,0.0
Male,27.0,MED-Radiation Therapists,0.0
Male,28.0,MED-Radiation Therapists,0.0
Male,29.0,MED-Radiation Therapists,0.0
Male,30.0,MED-Radiation Therapists,0.0
Female,18.0,MED-Radiation Therapists,0.0
Female,19.0,MED-Radiation Therapists,0.0
Female,20.0,MED-Radiation Therapists,0.0
Female,21.0,MED-Radiation Therapists,0.0
Female,22.0,MED-Radiation Therapists,0.0
Female,23.0,MED-Radiation Therapists,0.0
Female,24.0,MED-Radiation Therapists,0.0
Female,25.0,MED-Radiation Therapists,0.0
Female,26.0,MED-Radiation Therapists,0.0
Female,27.0,MED-Radiation Therapists,0.0
Female,28.0,MED-Radiation Therapists,0.0
Female,29.0,MED-Radiation Therapists,0.0
Female,30.0,MED-Radiation Therapists,0.0
Male,18.0,MED-Recreational Therapists,0.0
Male,19.0,MED-Recreational Therapists,0.0
Male,20.0,MED-Recreational Therapists,0.0
Male,21.0,MED-Recreational Therapists,0.0
Male,22.0,MED-Recreational Therapists,0.0
Male,23.0,MED-Recreational Therapists,0.0
Male,24.0,MED-Recreational Therapists,0.0
Male,25.0,MED-Recreational Therapists,0.0
Male,26.0,MED-Recreational Therapists,0.0
Male,27.0,MED-Recreational Therapists,0.0
Male,28.0,MED-Recreational Therapists,0.0
Male,29.0,MED-Recreational Therapists,0.0
Male,30.0,MED-Recreational Therapists,0.0
Female,18.0,MED-Recreational Therapists,0.0
Female,19.0,MED-Recreational Therapists,0.0
Female,20.0,MED-Recreational Therapists,0.0
Female,21.0,MED-Recreational Therapists,0.0
Female,22.0,MED-Recreational Therapists,0.0
Female,23.0,MED-Recreational Therapists,0.0
Female,24.0,MED-Recreational Therapists,0.0
Female,25.0,MED-Recreational Therapists,0.0
Female,26.0,MED-Recreational Therapists,0.0
Female,27.0,MED-Recreational Therapists,0.0
Female,28.0,MED-Recreational Therapists,0.0
Female,29.0,MED-Recreational Therapists,0.0
Female,30.0,MED-Recreational Therapists,0.0
Male,18.0,MED-Respiratory Therapists,0.0
Male,19.0,MED-Respiratory Therapists,0.0
Male,20.0,MED-Respiratory Therapists,0.0
Male,21.0,MED-Respiratory Therapists,0.0
Male,22.0,MED-Respiratory Therapists,0.0
Male,23.0,MED-Respiratory Therapists,0.0
Male,24.0,MED-Respiratory Therapists,0.0
Male,25.0,MED-Respiratory Therapists,30.0
Male,26.0,MED-Respiratory Therapists,0.0
Male,27.0,MED-Respiratory Therapists,0.0
Male,28.0,MED-Respiratory Therapists,0.0
Male,29.0,MED-Respiratory Therapists,0.0
Male,30.0,MED-Respiratory Therapists,0.0
Female,18.0,MED-Respiratory Therapists,0.0
Female,19.0,MED-Respiratory Therapists,0.0
Female,20.0,MED-Respiratory Therapists,0.0
Female,21.0,MED-Respiratory Therapists,0.0
Female,22.0,MED-Respiratory Therapists,0.0
Female,23.0,MED-Respiratory Therapists,0.0
Female,24.0,MED-Respiratory Therapists,0.0
Female,25.0,MED-Respiratory Therapists,0.0
Female,26.0,MED-Respiratory Therapists,0.0
Female,27.0,MED-Respiratory Therapists,0.0
Female,28.0,MED-Respiratory Therapists,0.0
Female,29.0,MED-Respiratory Therapists,0.0
Female,30.0,MED-Respiratory Therapists,101.0
Male,18.0,MED-Speech-Language Pathologists,0.0
Male,19.0,MED-Speech-Language Pathologists,0.0
Male,20.0,MED-Speech-Language Pathologists,0.0
Male,21.0,MED-Speech-Language Pathologists,0.0
Male,22.0,MED-Speech-Language Pathologists,0.0
Male,23.0,MED-Speech-Language Pathologists,0.0
Male,24.0,MED-Speech-Language Pathologists,0.0
Male,25.0,MED-Speech-Language Pathologists,0.0
Male,26.0,MED-Speech-Language Pathologists,0.0
Male,27.0,MED-Speech-Language Pathologists,0.0
Male,28.0,MED-Speech-Language Pathologists,0.0
Male,29.0,MED-Speech-Language Pathologists,0.0
Male,30.0,MED-Speech-Language Pathologists,0.0
Female,18.0,MED-Speech-Language Pathologists,0.0
Female,19.0,MED-Speech-Language Pathologists,0.0
Female,20.0,MED-Speech-Language Pathologists,0.0
Female,21.0,MED-Speech-Language Pathologists,0.0
Female,22.0,MED-Speech-Language Pathologists,0.0
Female,23.0,MED-Speech-Language Pathologists,381.0
Female,24.0,MED-Speech-Language Pathologists,0.0
Female,25.0,MED-Speech-Language Pathologists,86.0
Female,26.0,MED-Speech-Language Pathologists,0.0
Female,27.0,MED-Speech-Language Pathologists,0.0
Female,28.0,MED-Speech-Language Pathologists,0.0
Female,29.0,MED-Speech-Language Pathologists,0.0
Female,30.0,MED-Speech-Language Pathologists,98.0
Male,18.0,MED-Other Therapists,0.0
Male,19.0,MED-Other Therapists,0.0
Male,20.0,MED-Other Therapists,0.0
Male,21.0,MED-Other Therapists,0.0
Male,22.0,MED-Other Therapists,0.0
Male,23.0,MED-Other Therapists,0.0
Male,24.0,MED-Other Therapists,0.0
Male,25.0,MED-Other Therapists,0.0
Male,26.0,MED-Other Therapists,0.0
Male,27.0,MED-Other Therapists,0.0
Male,28.0,MED-Other Therapists,0.0
Male,29.0,MED-Other Therapists,56.0
Male,30.0,MED-Other Therapists,188.0
Female,18.0,MED-Other Therapists,0.0
Female,19.0,MED-Other Therapists,0.0
Female,20.0,MED-Other Therapists,0.0
Female,21.0,MED-Other Therapists,0.0
Female,22.0,MED-Other Therapists,966.0
Female,23.0,MED-Other Therapists,246.0
Female,24.0,MED-Other Therapists,0.0
Female,25.0,MED-Other Therapists,0.0
Female,26.0,MED-Other Therapists,50.0
Female,27.0,MED-Other Therapists,1030.0
Female,28.0,MED-Other Therapists,106.0
Female,29.0,MED-Other Therapists,88.0
Female,30.0,MED-Other Therapists,57.0
Male,18.0,MED-Veterinarians,0.0
Male,19.0,MED-Veterinarians,0.0
Male,20.0,MED-Veterinarians,0.0
Male,21.0,MED-Veterinarians,0.0
Male,22.0,MED-Veterinarians,0.0
Male,23.0,MED-Veterinarians,0.0
Male,24.0,MED-Veterinarians,0.0
Male,25.0,MED-Veterinarians,0.0
Male,26.0,MED-Veterinarians,0.0
Male,27.0,MED-Veterinarians,0.0
Male,28.0,MED-Veterinarians,0.0
Male,29.0,MED-Veterinarians,0.0
Male,30.0,MED-Veterinarians,0.0
Female,18.0,MED-Veterinarians,0.0
Female,19.0,MED-Veterinarians,0.0
Female,20.0,MED-Veterinarians,0.0
Female,21.0,MED-Veterinarians,0.0
Female,22.0,MED-Veterinarians,0.0
Female,23.0,MED-Veterinarians,0.0
Female,24.0,MED-Veterinarians,0.0
Female,25.0,MED-Veterinarians,0.0
Female,26.0,MED-Veterinarians,0.0
Female,27.0,MED-Veterinarians,0.0
Female,28.0,MED-Veterinarians,0.0
Female,29.0,MED-Veterinarians,0.0
Female,30.0,MED-Veterinarians,0.0
Male,18.0,MED-Registered Nurses,0.0
Male,19.0,MED-Registered Nurses,0.0
Male,20.0,MED-Registered Nurses,0.0
Male,21.0,MED-Registered Nurses,71.0
Male,22.0,MED-Registered Nurses,161.0
Male,23.0,MED-Registered Nurses,0.0
Male,24.0,MED-Registered Nurses,421.0
Male,25.0,MED-Registered Nurses,434.0
Male,26.0,MED-Registered Nurses,136.0
Male,27.0,MED-Registered Nurses,50.0
Male,28.0,MED-Registered Nurses,56.0
Male,29.0,MED-Registered Nurses,23.0
Male,30.0,MED-Registered Nurses,66.0
Female,18.0,MED-Registered Nurses,0.0
Female,19.0,MED-Registered Nurses,0.0
Female,20.0,MED-Registered Nurses,231.0
Female,21.0,MED-Registered Nurses,40.0
Female,22.0,MED-Registered Nurses,343.0
Female,23.0,MED-Registered Nurses,234.0
Female,24.0,MED-Registered Nurses,1570.0
Female,25.0,MED-Registered Nurses,537.0
Female,26.0,MED-Registered Nurses,1249.0
Female,27.0,MED-Registered Nurses,965.0
Female,28.0,MED-Registered Nurses,877.0
Female,29.0,MED-Registered Nurses,942.0
Female,30.0,MED-Registered Nurses,718.0
Male,18.0,MED-Nurse Anesthetists,0.0
Male,19.0,MED-Nurse Anesthetists,0.0
Male,20.0,MED-Nurse Anesthetists,0.0
Male,21.0,MED-Nurse Anesthetists,0.0
Male,22.0,MED-Nurse Anesthetists,0.0
Male,23.0,MED-Nurse Anesthetists,0.0
Male,24.0,MED-Nurse Anesthetists,0.0
Male,25.0,MED-Nurse Anesthetists,0.0
Male,26.0,MED-Nurse Anesthetists,0.0
Male,27.0,MED-Nurse Anesthetists,0.0
Male,28.0,MED-Nurse Anesthetists,0.0
Male,29.0,MED-Nurse Anesthetists,0.0
Male,30.0,MED-Nurse Anesthetists,0.0
Female,18.0,MED-Nurse Anesthetists,0.0
Female,19.0,MED-Nurse Anesthetists,0.0
Female,20.0,MED-Nurse Anesthetists,0.0
Female,21.0,MED-Nurse Anesthetists,0.0
Female,22.0,MED-Nurse Anesthetists,0.0
Female,23.0,MED-Nurse Anesthetists,0.0
Female,24.0,MED-Nurse Anesthetists,0.0
Female,25.0,MED-Nurse Anesthetists,0.0
Female,26.0,MED-Nurse Anesthetists,0.0
Female,27.0,MED-Nurse Anesthetists,0.0
Female,28.0,MED-Nurse Anesthetists,0.0
Female,29.0,MED-Nurse Anesthetists,0.0
Female,30.0,MED-Nurse Anesthetists,0.0
Male,18.0,"MED-Nurse Practitioners, And Nurse Midwives",0.0
Male,19.0,"MED-Nurse Practitioners, And Nurse Midwives",0.0
Male,20.0,"MED-Nurse Practitioners, And Nurse Midwives",0.0
Male,21.0,"MED-Nurse Practitioners, And Nurse Midwives",0.0
Male,22.0,"MED-Nurse Practitioners, And Nurse Midwives",0.0
Male,23.0,"MED-Nurse Practitioners, And Nurse Midwives",0.0
Male,24.0,"MED-Nurse Practitioners, And Nurse Midwives",0.0
Male,25.0,"MED-Nurse Practitioners, And Nurse Midwives",0.0
Male,26.0,"MED-Nurse Practitioners, And Nurse Midwives",0.0
Male,27.0,"MED-Nurse Practitioners, And Nurse Midwives",0.0
Male,28.0,"MED-Nurse Practitioners, And Nurse Midwives",0.0
Male,29.0,"MED-Nurse Practitioners, And Nurse Midwives",0.0
Male,30.0,"MED-Nurse Practitioners, And Nurse Midwives",0.0
Female,18.0,"MED-Nurse Practitioners, And Nurse Midwives",0.0
Female,19.0,"MED-Nurse Practitioners, And Nurse Midwives",0.0
Female,20.0,"MED-Nurse Practitioners, And Nurse Midwives",0.0
Female,21.0,"MED-Nurse Practitioners, And Nurse Midwives",0.0
Female,22.0,"MED-Nurse Practitioners, And Nurse Midwives",0.0
Female,23.0,"MED-Nurse Practitioners, And Nurse Midwives",0.0
Female,24.0,"MED-Nurse Practitioners, And Nurse Midwives",0.0
Female,25.0,"MED-Nurse Practitioners, And Nurse Midwives",572.0
Female,26.0,"MED-Nurse Practitioners, And Nurse Midwives",154.0
Female,27.0,"MED-Nurse Practitioners, And Nurse Midwives",0.0
Female,28.0,"MED-Nurse Practitioners, And Nurse Midwives",0.0
Female,29.0,"MED-Nurse Practitioners, And Nurse Midwives",103.0
Female,30.0,"MED-Nurse Practitioners, And Nurse Midwives",213.0
Male,18.0,MED-Acupuncturists,0.0
Male,19.0,MED-Acupuncturists,0.0
Male,20.0,MED-Acupuncturists,0.0
Male,21.0,MED-Acupuncturists,0.0
Male,22.0,MED-Acupuncturists,0.0
Male,23.0,MED-Acupuncturists,0.0
Male,24.0,MED-Acupuncturists,0.0
Male,25.0,MED-Acupuncturists,0.0
Male,26.0,MED-Acupuncturists,0.0
Male,27.0,MED-Acupuncturists,0.0
Male,28.0,MED-Acupuncturists,0.0
Male,29.0,MED-Acupuncturists,0.0
Male,30.0,MED-Acupuncturists,0.0
Female,18.0,MED-Acupuncturists,0.0
Female,19.0,MED-Acupuncturists,0.0
Female,20.0,MED-Acupuncturists,0.0
Female,21.0,MED-Acupuncturists,0.0
Female,22.0,MED-Acupuncturists,0.0
Female,23.0,MED-Acupuncturists,0.0
Female,24.0,MED-Acupuncturists,0.0
Female,25.0,MED-Acupuncturists,0.0
Female,26.0,MED-Acupuncturists,0.0
Female,27.0,MED-Acupuncturists,0.0
Female,28.0,MED-Acupuncturists,0.0
Female,29.0,MED-Acupuncturists,0.0
Female,30.0,MED-Acupuncturists,0.0
Male,18.0,"MED-Healthcare Diagnosing Or Treating Practitioners, All Other",0.0
Male,19.0,"MED-Healthcare Diagnosing Or Treating Practitioners, All Other",0.0
Male,20.0,"MED-Healthcare Diagnosing Or Treating Practitioners, All Other",0.0
Male,21.0,"MED-Healthcare Diagnosing Or Treating Practitioners, All Other",0.0
Male,22.0,"MED-Healthcare Diagnosing Or Treating Practitioners, All Other",0.0
Male,23.0,"MED-Healthcare Diagnosing Or Treating Practitioners, All Other",0.0
Male,24.0,"MED-Healthcare Diagnosing Or Treating Practitioners, All Other",0.0
Male,25.0,"MED-Healthcare Diagnosing Or Treating Practitioners, All Other",0.0
Male,26.0,"MED-Healthcare Diagnosing Or Treating Practitioners, All Other",0.0
Male,27.0,"MED-Healthcare Diagnosing Or Treating Practitioners, All Other",0.0
Male,28.0,"MED-Healthcare Diagnosing Or Treating Practitioners, All Other",0.0
Male,29.0,"MED-Healthcare Diagnosing Or Treating Practitioners, All Other",0.0
Male,30.0,"MED-Healthcare Diagnosing Or Treating Practitioners, All Other",0.0
Female,18.0,"MED-Healthcare Diagnosing Or Treating Practitioners, All Other",0.0
Female,19.0,"MED-Healthcare Diagnosing Or Treating Practitioners, All Other",0.0
Female,20.0,"MED-Healthcare Diagnosing Or Treating Practitioners, All Other",0.0
Female,21.0,"MED-Healthcare Diagnosing Or Treating Practitioners, All Other",0.0
Female,22.0,"MED-Healthcare Diagnosing Or Treating Practitioners, All Other",0.0
Female,23.0,"MED-Healthcare Diagnosing Or Treating Practitioners, All Other",0.0
Female,24.0,"MED-Healthcare Diagnosing Or Treating Practitioners, All Other",0.0
Female,25.0,"MED-Healthcare Diagnosing Or Treating Practitioners, All Other",0.0
Female,26.0,"MED-Healthcare Diagnosing Or Treating Practitioners, All Other",0.0
Female,27.0,"MED-Healthcare Diagnosing Or Treating Practitioners, All Other",0.0
Female,28.0,"MED-Healthcare Diagnosing Or Treating Practitioners, All Other",0.0
Female,29.0,"MED-Healthcare Diagnosing Or Treating Practitioners, All Other",0.0
Female,30.0,"MED-Healthcare Diagnosing Or Treating Practitioners, All Other",0.0
Male,18.0,MED-Clinical Laboratory Technologists And Technicians,0.0
Male,19.0,MED-Clinical Laboratory Technologists And Technicians,0.0
Male,20.0,MED-Clinical Laboratory Technologists And Technicians,0.0
Male,21.0,MED-Clinical Laboratory Technologists And Technicians,213.0
Male,22.0,MED-Clinical Laboratory Technologists And Technicians,35.0
Male,23.0,MED-Clinical Laboratory Technologists And Technicians,33.0
Male,24.0,MED-Clinical Laboratory Technologists And Technicians,0.0
Male,25.0,MED-Clinical Laboratory Technologists And Technicians,0.0
Male,26.0,MED-Clinical Laboratory Technologists And Technicians,0.0
Male,27.0,MED-Clinical Laboratory Technologists And Technicians,0.0
Male,28.0,MED-Clinical Laboratory Technologists And Technicians,0.0
Male,29.0,MED-Clinical Laboratory Technologists And Technicians,0.0
Male,30.0,MED-Clinical Laboratory Technologists And Technicians,0.0
Female,18.0,MED-Clinical Laboratory Technologists And Technicians,0.0
Female,19.0,MED-Clinical Laboratory Technologists And Technicians,0.0
Female,20.0,MED-Clinical Laboratory Technologists And Technicians,63.0
Female,21.0,MED-Clinical Laboratory Technologists And Technicians,71.0
Female,22.0,MED-Clinical Laboratory Technologists And Technicians,128.0
Female,23.0,MED-Clinical Laboratory Technologists And Technicians,252.0
Female,24.0,MED-Clinical Laboratory Technologists And Technicians,0.0
Female,25.0,MED-Clinical Laboratory Technologists And Technicians,0.0
Female,26.0,MED-Clinical Laboratory Technologists And Technicians,92.0
Female,27.0,MED-Clinical Laboratory Technologists And Technicians,112.0
Female,28.0,MED-Clinical Laboratory Technologists And Technicians,274.0
Female,29.0,MED-Clinical Laboratory Technologists And Technicians,0.0
Female,30.0,MED-Clinical Laboratory Technologists And Technicians,56.0
Male,18.0,MED-Dental Hygienists,0.0
Male,19.0,MED-Dental Hygienists,0.0
Male,20.0,MED-Dental Hygienists,0.0
Male,21.0,MED-Dental Hygienists,0.0
Male,22.0,MED-Dental Hygienists,0.0
Male,23.0,MED-Dental Hygienists,0.0
Male,24.0,MED-Dental Hygienists,0.0
Male,25.0,MED-Dental Hygienists,0.0
Male,26.0,MED-Dental Hygienists,0.0
Male,27.0,MED-Dental Hygienists,0.0
Male,28.0,MED-Dental Hygienists,0.0
Male,29.0,MED-Dental Hygienists,0.0
Male,30.0,MED-Dental Hygienists,0.0
Female,18.0,MED-Dental Hygienists,0.0
Female,19.0,MED-Dental Hygienists,0.0
Female,20.0,MED-Dental Hygienists,0.0
Female,21.0,MED-Dental Hygienists,0.0
Female,22.0,MED-Dental Hygienists,0.0
Female,23.0,MED-Dental Hygienists,0.0
Female,24.0,MED-Dental Hygienists,0.0
Female,25.0,MED-Dental Hygienists,46.0
Female,26.0,MED-Dental Hygienists,100.0
Female,27.0,MED-Dental Hygienists,71.0
Female,28.0,MED-Dental Hygienists,48.0
Female,29.0,MED-Dental Hygienists,179.0
Female,30.0,MED-Dental Hygienists,53.0
Male,18.0,MED-Cardiovascular Technologists and Technicians,0.0
Male,19.0,MED-Cardiovascular Technologists and Technicians,0.0
Male,20.0,MED-Cardiovascular Technologists and Technicians,0.0
Male,21.0,MED-Cardiovascular Technologists and Technicians,0.0
Male,22.0,MED-Cardiovascular Technologists and Technicians,0.0
Male,23.0,MED-Cardiovascular Technologists and Technicians,0.0
Male,24.0,MED-Cardiovascular Technologists and Technicians,0.0
Male,25.0,MED-Cardiovascular Technologists and Technicians,47.0
Male,26.0,MED-Cardiovascular Technologists and Technicians,0.0
Male,27.0,MED-Cardiovascular Technologists and Technicians,0.0
Male,28.0,MED-Cardiovascular Technologists and Technicians,0.0
Male,29.0,MED-Cardiovascular Technologists and Technicians,0.0
Male,30.0,MED-Cardiovascular Technologists and Technicians,0.0
Female,18.0,MED-Cardiovascular Technologists and Technicians,0.0
Female,19.0,MED-Cardiovascular Technologists and Technicians,0.0
Female,20.0,MED-Cardiovascular Technologists and Technicians,0.0
Female,21.0,MED-Cardiovascular Technologists and Technicians,0.0
Female,22.0,MED-Cardiovascular Technologists and Technicians,0.0
Female,23.0,MED-Cardiovascular Technologists and Technicians,0.0
Female,24.0,MED-Cardiovascular Technologists and Technicians,0.0
Female,25.0,MED-Cardiovascular Technologists and Technicians,0.0
Female,26.0,MED-Cardiovascular Technologists and Technicians,0.0
Female,27.0,MED-Cardiovascular Technologists and Technicians,47.0
Female,28.0,MED-Cardiovascular Technologists and Technicians,0.0
Female,29.0,MED-Cardiovascular Technologists and Technicians,0.0
Female,30.0,MED-Cardiovascular Technologists and Technicians,0.0
Male,18.0,MED-Diagnostic Medical Sonographers,0.0
Male,19.0,MED-Diagnostic Medical Sonographers,0.0
Male,20.0,MED-Diagnostic Medical Sonographers,0.0
Male,21.0,MED-Diagnostic Medical Sonographers,0.0
Male,22.0,MED-Diagnostic Medical Sonographers,0.0
Male,23.0,MED-Diagnostic Medical Sonographers,0.0
Male,24.0,MED-Diagnostic Medical Sonographers,0.0
Male,25.0,MED-Diagnostic Medical Sonographers,0.0
Male,26.0,MED-Diagnostic Medical Sonographers,0.0
Male,27.0,MED-Diagnostic Medical Sonographers,0.0
Male,28.0,MED-Diagnostic Medical Sonographers,0.0
Male,29.0,MED-Diagnostic Medical Sonographers,0.0
Male,30.0,MED-Diagnostic Medical Sonographers,0.0
Female,18.0,MED-Diagnostic Medical Sonographers,0.0
Female,19.0,MED-Diagnostic Medical Sonographers,0.0
Female,20.0,MED-Diagnostic Medical Sonographers,0.0
Female,21.0,MED-Diagnostic Medical Sonographers,0.0
Female,22.0,MED-Diagnostic Medical Sonographers,0.0
Female,23.0,MED-Diagnostic Medical Sonographers,0.0
Female,24.0,MED-Diagnostic Medical Sonographers,0.0
Female,25.0,MED-Diagnostic Medical Sonographers,36.0
Female,26.0,MED-Diagnostic Medical Sonographers,0.0
Female,27.0,MED-Diagnostic Medical Sonographers,0.0
Female,28.0,MED-Diagnostic Medical Sonographers,0.0
Female,29.0,MED-Diagnostic Medical Sonographers,0.0
Female,30.0,MED-Diagnostic Medical Sonographers,0.0
Male,18.0,MED-Radiologic Technologists And Technicians,0.0
Male,19.0,MED-Radiologic Technologists And Technicians,0.0
Male,20.0,MED-Radiologic Technologists And Technicians,0.0
Male,21.0,MED-Radiologic Technologists And Technicians,0.0
Male,22.0,MED-Radiologic Technologists And Technicians,0.0
Male,23.0,MED-Radiologic Technologists And Technicians,0.0
Male,24.0,MED-Radiologic Technologists And Technicians,0.0
Male,25.0,MED-Radiologic Technologists And Technicians,0.0
Male,26.0,MED-Radiologic Technologists And Technicians,0.0
Male,27.0,MED-Radiologic Technologists And Technicians,0.0
Male,28.0,MED-Radiologic Technologists And Technicians,0.0
Male,29.0,MED-Radiologic Technologists And Technicians,0.0
Male,30.0,MED-Radiologic Technologists And Technicians,0.0
Female,18.0,MED-Radiologic Technologists And Technicians,0.0
Female,19.0,MED-Radiologic Technologists And Technicians,0.0
Female,20.0,MED-Radiologic Technologists And Technicians,0.0
Female,21.0,MED-Radiologic Technologists And Technicians,0.0
Female,22.0,MED-Radiologic Technologists And Technicians,0.0
Female,23.0,MED-Radiologic Technologists And Technicians,0.0
Female,24.0,MED-Radiologic Technologists And Technicians,0.0
Female,25.0,MED-Radiologic Technologists And Technicians,67.0
Female,26.0,MED-Radiologic Technologists And Technicians,0.0
Female,27.0,MED-Radiologic Technologists And Technicians,51.0
Female,28.0,MED-Radiologic Technologists And Technicians,0.0
Female,29.0,MED-Radiologic Technologists And Technicians,0.0
Female,30.0,MED-Radiologic Technologists And Technicians,0.0
Male,18.0,MED-Magnetic Resonance Imaging Technologists,0.0
Male,19.0,MED-Magnetic Resonance Imaging Technologists,0.0
Male,20.0,MED-Magnetic Resonance Imaging Technologists,0.0
Male,21.0,MED-Magnetic Resonance Imaging Technologists,0.0
Male,22.0,MED-Magnetic Resonance Imaging Technologists,0.0
Male,23.0,MED-Magnetic Resonance Imaging Technologists,0.0
Male,24.0,MED-Magnetic Resonance Imaging Technologists,0.0
Male,25.0,MED-Magnetic Resonance Imaging Technologists,0.0
Male,26.0,MED-Magnetic Resonance Imaging Technologists,0.0
Male,27.0,MED-Magnetic Resonance Imaging Technologists,0.0
Male,28.0,MED-Magnetic Resonance Imaging Technologists,0.0
Male,29.0,MED-Magnetic Resonance Imaging Technologists,0.0
Male,30.0,MED-Magnetic Resonance Imaging Technologists,0.0
Female,18.0,MED-Magnetic Resonance Imaging Technologists,0.0
Female,19.0,MED-Magnetic Resonance Imaging Technologists,0.0
Female,20.0,MED-Magnetic Resonance Imaging Technologists,0.0
Female,21.0,MED-Magnetic Resonance Imaging Technologists,0.0
Female,22.0,MED-Magnetic Resonance Imaging Technologists,0.0
Female,23.0,MED-Magnetic Resonance Imaging Technologists,0.0
Female,24.0,MED-Magnetic Resonance Imaging Technologists,67.0
Female,25.0,MED-Magnetic Resonance Imaging Technologists,62.0
Female,26.0,MED-Magnetic Resonance Imaging Technologists,0.0
Female,27.0,MED-Magnetic Resonance Imaging Technologists,0.0
Female,28.0,MED-Magnetic Resonance Imaging Technologists,0.0
Female,29.0,MED-Magnetic Resonance Imaging Technologists,0.0
Female,30.0,MED-Magnetic Resonance Imaging Technologists,0.0
Male,18.0,MED-Nuclear Medicine Technologists and Medical Dosimetrists,0.0
Male,19.0,MED-Nuclear Medicine Technologists and Medical Dosimetrists,0.0
Male,20.0,MED-Nuclear Medicine Technologists and Medical Dosimetrists,0.0
Male,21.0,MED-Nuclear Medicine Technologists and Medical Dosimetrists,0.0
Male,22.0,MED-Nuclear Medicine Technologists and Medical Dosimetrists,0.0
Male,23.0,MED-Nuclear Medicine Technologists and Medical Dosimetrists,0.0
Male,24.0,MED-Nuclear Medicine Technologists and Medical Dosimetrists,0.0
Male,25.0,MED-Nuclear Medicine Technologists and Medical Dosimetrists,0.0
Male,26.0,MED-Nuclear Medicine Technologists and Medical Dosimetrists,0.0
Male,27.0,MED-Nuclear Medicine Technologists and Medical Dosimetrists,0.0
Male,28.0,MED-Nuclear Medicine Technologists and Medical Dosimetrists,0.0
Male,29.0,MED-Nuclear Medicine Technologists and Medical Dosimetrists,0.0
Male,30.0,MED-Nuclear Medicine Technologists and Medical Dosimetrists,0.0
Female,18.0,MED-Nuclear Medicine Technologists and Medical Dosimetrists,0.0
Female,19.0,MED-Nuclear Medicine Technologists and Medical Dosimetrists,0.0
Female,20.0,MED-Nuclear Medicine Technologists and Medical Dosimetrists,0.0
Female,21.0,MED-Nuclear Medicine Technologists and Medical Dosimetrists,0.0
Female,22.0,MED-Nuclear Medicine Technologists and Medical Dosimetrists,0.0
Female,23.0,MED-Nuclear Medicine Technologists and Medical Dosimetrists,0.0
Female,24.0,MED-Nuclear Medicine Technologists and Medical Dosimetrists,0.0
Female,25.0,MED-Nuclear Medicine Technologists and Medical Dosimetrists,0.0
Female,26.0,MED-Nuclear Medicine Technologists and Medical Dosimetrists,0.0
Female,27.0,MED-Nuclear Medicine Technologists and Medical Dosimetrists,0.0
Female,28.0,MED-Nuclear Medicine Technologists and Medical Dosimetrists,0.0
Female,29.0,MED-Nuclear Medicine Technologists and Medical Dosimetrists,0.0
Female,30.0,MED-Nuclear Medicine Technologists and Medical Dosimetrists,0.0
Male,18.0,MED-Emergency Medical Technicians,344.0
Male,19.0,MED-Emergency Medical Technicians,174.0
Male,20.0,MED-Emergency Medical Technicians,0.0
Male,21.0,MED-Emergency Medical Technicians,0.0
Male,22.0,MED-Emergency Medical Technicians,43.0
Male,23.0,MED-Emergency Medical Technicians,0.0
Male,24.0,MED-Emergency Medical Technicians,0.0
Male,25.0,MED-Emergency Medical Technicians,0.0
Male,26.0,MED-Emergency Medical Technicians,103.0
Male,27.0,MED-Emergency Medical Technicians,144.0
Male,28.0,MED-Emergency Medical Technicians,101.0
Male,29.0,MED-Emergency Medical Technicians,0.0
Male,30.0,MED-Emergency Medical Technicians,0.0
Female,18.0,MED-Emergency Medical Technicians,0.0
Female,19.0,MED-Emergency Medical Technicians,192.0
Female,20.0,MED-Emergency Medical Technicians,0.0
Female,21.0,MED-Emergency Medical Technicians,0.0
Female,22.0,MED-Emergency Medical Technicians,0.0
Female,23.0,MED-Emergency Medical Technicians,0.0
Female,24.0,MED-Emergency Medical Technicians,0.0
Female,25.0,MED-Emergency Medical Technicians,134.0
Female,26.0,MED-Emergency Medical Technicians,0.0
Female,27.0,MED-Emergency Medical Technicians,0.0
Female,28.0,MED-Emergency Medical Technicians,60.0
Female,29.0,MED-Emergency Medical Technicians,120.0
Female,30.0,MED-Emergency Medical Technicians,0.0
Male,18.0,MED-Paramedics,0.0
Male,19.0,MED-Paramedics,0.0
Male,20.0,MED-Paramedics,0.0
Male,21.0,MED-Paramedics,0.0
Male,22.0,MED-Paramedics,0.0
Male,23.0,MED-Paramedics,0.0
Male,24.0,MED-Paramedics,80.0
Male,25.0,MED-Paramedics,0.0
Male,26.0,MED-Paramedics,205.0
Male,27.0,MED-Paramedics,0.0
Male,28.0,MED-Paramedics,0.0
Male,29.0,MED-Paramedics,0.0
Male,30.0,MED-Paramedics,113.0
Female,18.0,MED-Paramedics,0.0
Female,19.0,MED-Paramedics,0.0
Female,20.0,MED-Paramedics,0.0
Female,21.0,MED-Paramedics,0.0
Female,22.0,MED-Paramedics,0.0
Female,23.0,MED-Paramedics,0.0
Female,24.0,MED-Paramedics,0.0
Female,25.0,MED-Paramedics,0.0
Female,26.0,MED-Paramedics,0.0
Female,27.0,MED-Paramedics,0.0
Female,28.0,MED-Paramedics,0.0
Female,29.0,MED-Paramedics,0.0
Female,30.0,MED-Paramedics,45.0
Male,18.0,MED-Pharmacy Technicians,0.0
Male,19.0,MED-Pharmacy Technicians,0.0
Male,20.0,MED-Pharmacy Technicians,0.0
Male,21.0,MED-Pharmacy Technicians,0.0
Male,22.0,MED-Pharmacy Technicians,244.0
Male,23.0,MED-Pharmacy Technicians,0.0
Male,24.0,MED-Pharmacy Technicians,199.0
Male,25.0,MED-Pharmacy Technicians,157.0
Male,26.0,MED-Pharmacy Technicians,0.0
Male,27.0,MED-Pharmacy Technicians,0.0
Male,28.0,MED-Pharmacy Technicians,43.0
Male,29.0,MED-Pharmacy Technicians,0.0
Male,30.0,MED-Pharmacy Technicians,0.0
Female,18.0,MED-Pharmacy Technicians,0.0
Female,19.0,MED-Pharmacy Technicians,179.0
Female,20.0,MED-Pharmacy Technicians,0.0
Female,21.0,MED-Pharmacy Technicians,194.0
Female,22.0,MED-Pharmacy Technicians,34.0
Female,23.0,MED-Pharmacy Technicians,379.0
Female,24.0,MED-Pharmacy Technicians,0.0
Female,25.0,MED-Pharmacy Technicians,95.0
Female,26.0,MED-Pharmacy Technicians,0.0
Female,27.0,MED-Pharmacy Technicians,413.0
Female,28.0,MED-Pharmacy Technicians,201.0
Female,29.0,MED-Pharmacy Technicians,0.0
Female,30.0,MED-Pharmacy Technicians,0.0
Male,18.0,MED-Psychiatric Technicians,0.0
Male,19.0,MED-Psychiatric Technicians,0.0
Male,20.0,MED-Psychiatric Technicians,0.0
Male,21.0,MED-Psychiatric Technicians,0.0
Male,22.0,MED-Psychiatric Technicians,0.0
Male,23.0,MED-Psychiatric Technicians,93.0
Male,24.0,MED-Psychiatric Technicians,0.0
Male,25.0,MED-Psychiatric Technicians,0.0
Male,26.0,MED-Psychiatric Technicians,0.0
Male,27.0,MED-Psychiatric Technicians,0.0
Male,28.0,MED-Psychiatric Technicians,0.0
Male,29.0,MED-Psychiatric Technicians,0.0
Male,30.0,MED-Psychiatric Technicians,0.0
Female,18.0,MED-Psychiatric Technicians,0.0
Female,19.0,MED-Psychiatric Technicians,0.0
Female,20.0,MED-Psychiatric Technicians,0.0
Female,21.0,MED-Psychiatric Technicians,0.0
Female,22.0,MED-Psychiatric Technicians,481.0
Female,23.0,MED-Psychiatric Technicians,0.0
Female,24.0,MED-Psychiatric Technicians,0.0
Female,25.0,MED-Psychiatric Technicians,77.0
Female,26.0,MED-Psychiatric Technicians,0.0
Female,27.0,MED-Psychiatric Technicians,0.0
Female,28.0,MED-Psychiatric Technicians,46.0
Female,29.0,MED-Psychiatric Technicians,34.0
Female,30.0,MED-Psychiatric Technicians,0.0
Male,18.0,MED-Surgical Technologists,0.0
Male,19.0,MED-Surgical Technologists,0.0
Male,20.0,MED-Surgical Technologists,0.0
Male,21.0,MED-Surgical Technologists,0.0
Male,22.0,MED-Surgical Technologists,0.0
Male,23.0,MED-Surgical Technologists,0.0
Male,24.0,MED-Surgical Technologists,0.0
Male,25.0,MED-Surgical Technologists,0.0
Male,26.0,MED-Surgical Technologists,0.0
Male,27.0,MED-Surgical Technologists,0.0
Male,28.0,MED-Surgical Technologists,0.0
Male,29.0,MED-Surgical Technologists,0.0
Male,30.0,MED-Surgical Technologists,59.0
Female,18.0,MED-Surgical Technologists,0.0
Female,19.0,MED-Surgical Technologists,0.0
Female,20.0,MED-Surgical Technologists,0.0
Female,21.0,MED-Surgical Technologists,0.0
Female,22.0,MED-Surgical Technologists,0.0
Female,23.0,MED-Surgical Technologists,0.0
Female,24.0,MED-Surgical Technologists,0.0
Female,25.0,MED-Surgical Technologists,0.0
Female,26.0,MED-Surgical Technologists,0.0
Female,27.0,MED-Surgical Technologists,0.0
Female,28.0,MED-Surgical Technologists,0.0
Female,29.0,MED-Surgical Technologists,0.0
Female,30.0,MED-Surgical Technologists,0.0
Male,18.0,MED-Veterinary Technologists and Technicians,0.0
Male,19.0,MED-Veterinary Technologists and Technicians,0.0
Male,20.0,MED-Veterinary Technologists and Technicians,0.0
Male,21.0,MED-Veterinary Technologists and Technicians,0.0
Male,22.0,MED-Veterinary Technologists and Technicians,0.0
Male,23.0,MED-Veterinary Technologists and Technicians,0.0
Male,24.0,MED-Veterinary Technologists and Technicians,0.0
Male,25.0,MED-Veterinary Technologists and Technicians,113.0
Male,26.0,MED-Veterinary Technologists and Technicians,0.0
Male,27.0,MED-Veterinary Technologists and Technicians,0.0
Male,28.0,MED-Veterinary Technologists and Technicians,0.0
Male,29.0,MED-Veterinary Technologists and Technicians,0.0
Male,30.0,MED-Veterinary Technologists and Technicians,0.0
Female,18.0,MED-Veterinary Technologists and Technicians,186.0
Female,19.0,MED-Veterinary Technologists and Technicians,0.0
Female,20.0,MED-Veterinary Technologists and Technicians,272.0
Female,21.0,MED-Veterinary Technologists and Technicians,0.0
Female,22.0,MED-Veterinary Technologists and Technicians,0.0
Female,23.0,MED-Veterinary Technologists and Technicians,0.0
Female,24.0,MED-Veterinary Technologists and Technicians,338.0
Female,25.0,MED-Veterinary Technologists and Technicians,267.0
Female,26.0,MED-Veterinary Technologists and Technicians,64.0
Female,27.0,MED-Veterinary Technologists and Technicians,157.0
Female,28.0,MED-Veterinary Technologists and Technicians,241.0
Female,29.0,MED-Veterinary Technologists and Technicians,63.0
Female,30.0,MED-Veterinary Technologists and Technicians,204.0
Male,18.0,MED-Dietetic Technicians And Ophthalmic Medical Technicians,0.0
Male,19.0,MED-Dietetic Technicians And Ophthalmic Medical Technicians,0.0
Male,20.0,MED-Dietetic Technicians And Ophthalmic Medical Technicians,89.0
Male,21.0,MED-Dietetic Technicians And Ophthalmic Medical Technicians,0.0
Male,22.0,MED-Dietetic Technicians And Ophthalmic Medical Technicians,0.0
Male,23.0,MED-Dietetic Technicians And Ophthalmic Medical Technicians,0.0
Male,24.0,MED-Dietetic Technicians And Ophthalmic Medical Technicians,0.0
Male,25.0,MED-Dietetic Technicians And Ophthalmic Medical Technicians,0.0
Male,26.0,MED-Dietetic Technicians And Ophthalmic Medical Technicians,0.0
Male,27.0,MED-Dietetic Technicians And Ophthalmic Medical Technicians,0.0
Male,28.0,MED-Dietetic Technicians And Ophthalmic Medical Technicians,0.0
Male,29.0,MED-Dietetic Technicians And Ophthalmic Medical Technicians,0.0
Male,30.0,MED-Dietetic Technicians And Ophthalmic Medical Technicians,0.0
Female,18.0,MED-Dietetic Technicians And Ophthalmic Medical Technicians,0.0
Female,19.0,MED-Dietetic Technicians And Ophthalmic Medical Technicians,0.0
Female,20.0,MED-Dietetic Technicians And Ophthalmic Medical Technicians,0.0
Female,21.0,MED-Dietetic Technicians And Ophthalmic Medical Technicians,0.0
Female,22.0,MED-Dietetic Technicians And Ophthalmic Medical Technicians,0.0
Female,23.0,MED-Dietetic Technicians And Ophthalmic Medical Technicians,0.0
Female,24.0,MED-Dietetic Technicians And Ophthalmic Medical Technicians,0.0
Female,25.0,MED-Dietetic Technicians And Ophthalmic Medical Technicians,0.0
Female,26.0,MED-Dietetic Technicians And Ophthalmic Medical Technicians,0.0
Female,27.0,MED-Dietetic Technicians And Ophthalmic Medical Technicians,0.0
Female,28.0,MED-Dietetic Technicians And Ophthalmic Medical Technicians,0.0
Female,29.0,MED-Dietetic Technicians And Ophthalmic Medical Technicians,0.0
Female,30.0,MED-Dietetic Technicians And Ophthalmic Medical Technicians,0.0
Male,18.0,MED-Licensed Practical And Licensed Vocational Nurses,0.0
Male,19.0,MED-Licensed Practical And Licensed Vocational Nurses,0.0
Male,20.0,MED-Licensed Practical And Licensed Vocational Nurses,0.0
Male,21.0,MED-Licensed Practical And Licensed Vocational Nurses,0.0
Male,22.0,MED-Licensed Practical And Licensed Vocational Nurses,0.0
Male,23.0,MED-Licensed Practical And Licensed Vocational Nurses,478.0
Male,24.0,MED-Licensed Practical And Licensed Vocational Nurses,0.0
Male,25.0,MED-Licensed Practical And Licensed Vocational Nurses,0.0
Male,26.0,MED-Licensed Practical And Licensed Vocational Nurses,0.0
Male,27.0,MED-Licensed Practical And Licensed Vocational Nurses,0.0
Male,28.0,MED-Licensed Practical And Licensed Vocational Nurses,0.0
Male,29.0,MED-Licensed Practical And Licensed Vocational Nurses,91.0
Male,30.0,MED-Licensed Practical And Licensed Vocational Nurses,0.0
Female,18.0,MED-Licensed Practical And Licensed Vocational Nurses,0.0
Female,19.0,MED-Licensed Practical And Licensed Vocational Nurses,0.0
Female,20.0,MED-Licensed Practical And Licensed Vocational Nurses,242.0
Female,21.0,MED-Licensed Practical And Licensed Vocational Nurses,98.0
Female,22.0,MED-Licensed Practical And Licensed Vocational Nurses,82.0
Female,23.0,MED-Licensed Practical And Licensed Vocational Nurses,0.0
Female,24.0,MED-Licensed Practical And Licensed Vocational Nurses,0.0
Female,25.0,MED-Licensed Practical And Licensed Vocational Nurses,0.0
Female,26.0,MED-Licensed Practical And Licensed Vocational Nurses,233.0
Female,27.0,MED-Licensed Practical And Licensed Vocational Nurses,64.0
Female,28.0,MED-Licensed Practical And Licensed Vocational Nurses,0.0
Female,29.0,MED-Licensed Practical And Licensed Vocational Nurses,0.0
Female,30.0,MED-Licensed Practical And Licensed Vocational Nurses,31.0
Male,18.0,MED-Medical Records Specialists,0.0
Male,19.0,MED-Medical Records Specialists,0.0
Male,20.0,MED-Medical Records Specialists,0.0
Male,21.0,MED-Medical Records Specialists,0.0
Male,22.0,MED-Medical Records Specialists,0.0
Male,23.0,MED-Medical Records Specialists,0.0
Male,24.0,MED-Medical Records Specialists,0.0
Male,25.0,MED-Medical Records Specialists,0.0
Male,26.0,MED-Medical Records Specialists,0.0
Male,27.0,MED-Medical Records Specialists,0.0
Male,28.0,MED-Medical Records Specialists,0.0
Male,29.0,MED-Medical Records Specialists,0.0
Male,30.0,MED-Medical Records Specialists,0.0
Female,18.0,MED-Medical Records Specialists,0.0
Female,19.0,MED-Medical Records Specialists,0.0
Female,20.0,MED-Medical Records Specialists,0.0
Female,21.0,MED-Medical Records Specialists,0.0
Female,22.0,MED-Medical Records Specialists,0.0
Female,23.0,MED-Medical Records Specialists,0.0
Female,24.0,MED-Medical Records Specialists,0.0
Female,25.0,MED-Medical Records Specialists,69.0
Female,26.0,MED-Medical Records Specialists,0.0
Female,27.0,MED-Medical Records Specialists,0.0
Female,28.0,MED-Medical Records Specialists,59.0
Female,29.0,MED-Medical Records Specialists,249.0
Female,30.0,MED-Medical Records Specialists,0.0
Male,18.0,"MED-Opticians, Dispensing",0.0
Male,19.0,"MED-Opticians, Dispensing",0.0
Male,20.0,"MED-Opticians, Dispensing",0.0
Male,21.0,"MED-Opticians, Dispensing",0.0
Male,22.0,"MED-Opticians, Dispensing",0.0
Male,23.0,"MED-Opticians, Dispensing",0.0
Male,24.0,"MED-Opticians, Dispensing",0.0
Male,25.0,"MED-Opticians, Dispensing",0.0
Male,26.0,"MED-Opticians, Dispensing",0.0
Male,27.0,"MED-Opticians, Dispensing",0.0
Male,28.0,"MED-Opticians, Dispensing",0.0
Male,29.0,"MED-Opticians, Dispensing",0.0
Male,30.0,"MED-Opticians, Dispensing",0.0
Female,18.0,"MED-Opticians, Dispensing",0.0
Female,19.0,"MED-Opticians, Dispensing",0.0
Female,20.0,"MED-Opticians, Dispensing",0.0
Female,21.0,"MED-Opticians, Dispensing",0.0
Female,22.0,"MED-Opticians, Dispensing",0.0
Female,23.0,"MED-Opticians, Dispensing",0.0
Female,24.0,"MED-Opticians, Dispensing",0.0
Female,25.0,"MED-Opticians, Dispensing",0.0
Female,26.0,"MED-Opticians, Dispensing",0.0
Female,27.0,"MED-Opticians, Dispensing",0.0
Female,28.0,"MED-Opticians, Dispensing",0.0
Female,29.0,"MED-Opticians, Dispensing",0.0
Female,30.0,"MED-Opticians, Dispensing",0.0
Male,18.0,MED-Miscellaneous Health Technologists and Technicians,0.0
Male,19.0,MED-Miscellaneous Health Technologists and Technicians,260.0
Male,20.0,MED-Miscellaneous Health Technologists and Technicians,0.0
Male,21.0,MED-Miscellaneous Health Technologists and Technicians,0.0
Male,22.0,MED-Miscellaneous Health Technologists and Technicians,0.0
Male,23.0,MED-Miscellaneous Health Technologists and Technicians,0.0
Male,24.0,MED-Miscellaneous Health Technologists and Technicians,0.0
Male,25.0,MED-Miscellaneous Health Technologists and Technicians,0.0
Male,26.0,MED-Miscellaneous Health Technologists and Technicians,106.0
Male,27.0,MED-Miscellaneous Health Technologists and Technicians,0.0
Male,28.0,MED-Miscellaneous Health Technologists and Technicians,0.0
Male,29.0,MED-Miscellaneous Health Technologists and Technicians,0.0
Male,30.0,MED-Miscellaneous Health Technologists and Technicians,0.0
Female,18.0,MED-Miscellaneous Health Technologists and Technicians,0.0
Female,19.0,MED-Miscellaneous Health Technologists and Technicians,0.0
Female,20.0,MED-Miscellaneous Health Technologists and Technicians,0.0
Female,21.0,MED-Miscellaneous Health Technologists and Technicians,0.0
Female,22.0,MED-Miscellaneous Health Technologists and Technicians,0.0
Female,23.0,MED-Miscellaneous Health Technologists and Technicians,90.0
Female,24.0,MED-Miscellaneous Health Technologists and Technicians,0.0
Female,25.0,MED-Miscellaneous Health Technologists and Technicians,0.0
Female,26.0,MED-Miscellaneous Health Technologists and Technicians,0.0
Female,27.0,MED-Miscellaneous Health Technologists and Technicians,0.0
Female,28.0,MED-Miscellaneous Health Technologists and Technicians,0.0
Female,29.0,MED-Miscellaneous Health Technologists and Technicians,0.0
Female,30.0,MED-Miscellaneous Health Technologists and Technicians,0.0
Male,18.0,MED-Other Healthcare Practitioners and Technical Occupations,0.0
Male,19.0,MED-Other Healthcare Practitioners and Technical Occupations,0.0
Male,20.0,MED-Other Healthcare Practitioners and Technical Occupations,0.0
Male,21.0,MED-Other Healthcare Practitioners and Technical Occupations,0.0
Male,22.0,MED-Other Healthcare Practitioners and Technical Occupations,0.0
Male,23.0,MED-Other Healthcare Practitioners and Technical Occupations,0.0
Male,24.0,MED-Other Healthcare Practitioners and Technical Occupations,0.0
Male,25.0,MED-Other Healthcare Practitioners and Technical Occupations,0.0
Male,26.0,MED-Other Healthcare Practitioners and Technical Occupations,0.0
Male,27.0,MED-Other Healthcare Practitioners and Technical Occupations,0.0
Male,28.0,MED-Other Healthcare Practitioners and Technical Occupations,0.0
Male,29.0,MED-Other Healthcare Practitioners and Technical Occupations,0.0
Male,30.0,MED-Other Healthcare Practitioners and Technical Occupations,0.0
Female,18.0,MED-Other Healthcare Practitioners and Technical Occupations,0.0
Female,19.0,MED-Other Healthcare Practitioners and Technical Occupations,0.0
Female,20.0,MED-Other Healthcare Practitioners and Technical Occupations,0.0
Female,21.0,MED-Other Healthcare Practitioners and Technical Occupations,0.0
Female,22.0,MED-Other Healthcare Practitioners and Technical Occupations,0.0
Female,23.0,MED-Other Healthcare Practitioners and Technical Occupations,0.0
Female,24.0,MED-Other Healthcare Practitioners and Technical Occupations,0.0
Female,25.0,MED-Other Healthcare Practitioners and Technical Occupations,0.0
Female,26.0,MED-Other Healthcare Practitioners and Technical Occupations,41.0
Female,27.0,MED-Other Healthcare Practitioners and Technical Occupations,0.0
Female,28.0,MED-Other Healthcare Practitioners and Technical Occupations,32.0
Female,29.0,MED-Other Healthcare Practitioners and Technical Occupations,0.0
Female,30.0,MED-Other Healthcare Practitioners and Technical Occupations,0.0
Male,18.0,HLS-Home Health Aides,0.0
Male,19.0,HLS-Home Health Aides,0.0
Male,20.0,HLS-Home Health Aides,200.0
Male,21.0,HLS-Home Health Aides,0.0
Male,22.0,HLS-Home Health Aides,0.0
Male,23.0,HLS-Home Health Aides,0.0
Male,24.0,HLS-Home Health Aides,0.0
Male,25.0,HLS-Home Health Aides,0.0
Male,26.0,HLS-Home Health Aides,0.0
Male,27.0,HLS-Home Health Aides,0.0
Male,28.0,HLS-Home Health Aides,0.0
Male,29.0,HLS-Home Health Aides,0.0
Male,30.0,HLS-Home Health Aides,0.0
Female,18.0,HLS-Home Health Aides,0.0
Female,19.0,HLS-Home Health Aides,0.0
Female,20.0,HLS-Home Health Aides,0.0
Female,21.0,HLS-Home Health Aides,0.0
Female,22.0,HLS-Home Health Aides,0.0
Female,23.0,HLS-Home Health Aides,0.0
Female,24.0,HLS-Home Health Aides,0.0
Female,25.0,HLS-Home Health Aides,0.0
Female,26.0,HLS-Home Health Aides,171.0
Female,27.0,HLS-Home Health Aides,0.0
Female,28.0,HLS-Home Health Aides,125.0
Female,29.0,HLS-Home Health Aides,143.0
Female,30.0,HLS-Home Health Aides,0.0
Male,18.0,HLS-Personal Care Aides,0.0
Male,19.0,HLS-Personal Care Aides,0.0
Male,20.0,HLS-Personal Care Aides,0.0
Male,21.0,HLS-Personal Care Aides,0.0
Male,22.0,HLS-Personal Care Aides,0.0
Male,23.0,HLS-Personal Care Aides,0.0
Male,24.0,HLS-Personal Care Aides,504.0
Male,25.0,HLS-Personal Care Aides,100.0
Male,26.0,HLS-Personal Care Aides,0.0
Male,27.0,HLS-Personal Care Aides,0.0
Male,28.0,HLS-Personal Care Aides,0.0
Male,29.0,HLS-Personal Care Aides,0.0
Male,30.0,HLS-Personal Care Aides,54.0
Female,18.0,HLS-Personal Care Aides,0.0
Female,19.0,HLS-Personal Care Aides,0.0
Female,20.0,HLS-Personal Care Aides,378.0
Female,21.0,HLS-Personal Care Aides,528.0
Female,22.0,HLS-Personal Care Aides,51.0
Female,23.0,HLS-Personal Care Aides,408.0
Female,24.0,HLS-Personal Care Aides,427.0
Female,25.0,HLS-Personal Care Aides,241.0
Female,26.0,HLS-Personal Care Aides,1046.0
Female,27.0,HLS-Personal Care Aides,267.0
Female,28.0,HLS-Personal Care Aides,172.0
Female,29.0,HLS-Personal Care Aides,361.0
Female,30.0,HLS-Personal Care Aides,0.0
Male,18.0,HLS-Nursing Assistants,32.0
Male,19.0,HLS-Nursing Assistants,96.0
Male,20.0,HLS-Nursing Assistants,0.0
Male,21.0,HLS-Nursing Assistants,0.0
Male,22.0,HLS-Nursing Assistants,0.0
Male,23.0,HLS-Nursing Assistants,0.0
Male,24.0,HLS-Nursing Assistants,0.0
Male,25.0,HLS-Nursing Assistants,81.0
Male,26.0,HLS-Nursing Assistants,0.0
Male,27.0,HLS-Nursing Assistants,0.0
Male,28.0,HLS-Nursing Assistants,0.0
Male,29.0,HLS-Nursing Assistants,207.0
Male,30.0,HLS-Nursing Assistants,0.0
Female,18.0,HLS-Nursing Assistants,91.0
Female,19.0,HLS-Nursing Assistants,0.0
Female,20.0,HLS-Nursing Assistants,0.0
Female,21.0,HLS-Nursing Assistants,349.0
Female,22.0,HLS-Nursing Assistants,316.0
Female,23.0,HLS-Nursing Assistants,0.0
Female,24.0,HLS-Nursing Assistants,636.0
Female,25.0,HLS-Nursing Assistants,0.0
Female,26.0,HLS-Nursing Assistants,689.0
Female,27.0,HLS-Nursing Assistants,307.0
Female,28.0,HLS-Nursing Assistants,0.0
Female,29.0,HLS-Nursing Assistants,938.0
Female,30.0,HLS-Nursing Assistants,469.0
Male,18.0,HLS-Orderlies and Psychiatric Aides,0.0
Male,19.0,HLS-Orderlies and Psychiatric Aides,0.0
Male,20.0,HLS-Orderlies and Psychiatric Aides,0.0
Male,21.0,HLS-Orderlies and Psychiatric Aides,0.0
Male,22.0,HLS-Orderlies and Psychiatric Aides,51.0
Male,23.0,HLS-Orderlies and Psychiatric Aides,412.0
Male,24.0,HLS-Orderlies and Psychiatric Aides,0.0
Male,25.0,HLS-Orderlies and Psychiatric Aides,0.0
Male,26.0,HLS-Orderlies and Psychiatric Aides,0.0
Male,27.0,HLS-Orderlies and Psychiatric Aides,164.0
Male,28.0,HLS-Orderlies and Psychiatric Aides,0.0
Male,29.0,HLS-Orderlies and Psychiatric Aides,0.0
Male,30.0,HLS-Orderlies and Psychiatric Aides,0.0
Female,18.0,HLS-Orderlies and Psychiatric Aides,0.0
Female,19.0,HLS-Orderlies and Psychiatric Aides,0.0
Female,20.0,HLS-Orderlies and Psychiatric Aides,0.0
Female,21.0,HLS-Orderlies and Psychiatric Aides,0.0
Female,22.0,HLS-Orderlies and Psychiatric Aides,0.0
Female,23.0,HLS-Orderlies and Psychiatric Aides,0.0
Female,24.0,HLS-Orderlies and Psychiatric Aides,0.0
Female,25.0,HLS-Orderlies and Psychiatric Aides,0.0
Female,26.0,HLS-Orderlies and Psychiatric Aides,0.0
Female,27.0,HLS-Orderlies and Psychiatric Aides,0.0
Female,28.0,HLS-Orderlies and Psychiatric Aides,0.0
Female,29.0,HLS-Orderlies and Psychiatric Aides,0.0
Female,30.0,HLS-Orderlies and Psychiatric Aides,0.0
Male,18.0,HLS-Occupational Therapy Assistants And Aides,0.0
Male,19.0,HLS-Occupational Therapy Assistants And Aides,0.0
Male,20.0,HLS-Occupational Therapy Assistants And Aides,0.0
Male,21.0,HLS-Occupational Therapy Assistants And Aides,0.0
Male,22.0,HLS-Occupational Therapy Assistants And Aides,0.0
Male,23.0,HLS-Occupational Therapy Assistants And Aides,0.0
Male,24.0,HLS-Occupational Therapy Assistants And Aides,0.0
Male,25.0,HLS-Occupational Therapy Assistants And Aides,0.0
Male,26.0,HLS-Occupational Therapy Assistants And Aides,0.0
Male,27.0,HLS-Occupational Therapy Assistants And Aides,0.0
Male,28.0,HLS-Occupational Therapy Assistants And Aides,0.0
Male,29.0,HLS-Occupational Therapy Assistants And Aides,0.0
Male,30.0,HLS-Occupational Therapy Assistants And Aides,0.0
Female,18.0,HLS-Occupational Therapy Assistants And Aides,0.0
Female,19.0,HLS-Occupational Therapy Assistants And Aides,0.0
Female,20.0,HLS-Occupational Therapy Assistants And Aides,0.0
Female,21.0,HLS-Occupational Therapy Assistants And Aides,220.0
Female,22.0,HLS-Occupational Therapy Assistants And Aides,80.0
Female,23.0,HLS-Occupational Therapy Assistants And Aides,94.0
Female,24.0,HLS-Occupational Therapy Assistants And Aides,0.0
Female,25.0,HLS-Occupational Therapy Assistants And Aides,0.0
Female,26.0,HLS-Occupational Therapy Assistants And Aides,0.0
Female,27.0,HLS-Occupational Therapy Assistants And Aides,0.0
Female,28.0,HLS-Occupational Therapy Assistants And Aides,369.0
Female,29.0,HLS-Occupational Therapy Assistants And Aides,0.0
Female,30.0,HLS-Occupational Therapy Assistants And Aides,0.0
Male,18.0,HLS-Physical Therapist Assistants And Aides,0.0
Male,19.0,HLS-Physical Therapist Assistants And Aides,0.0
Male,20.0,HLS-Physical Therapist Assistants And Aides,0.0
Male,21.0,HLS-Physical Therapist Assistants And Aides,0.0
Male,22.0,HLS-Physical Therapist Assistants And Aides,0.0
Male,23.0,HLS-Physical Therapist Assistants And Aides,0.0
Male,24.0,HLS-Physical Therapist Assistants And Aides,0.0
Male,25.0,HLS-Physical Therapist Assistants And Aides,0.0
Male,26.0,HLS-Physical Therapist Assistants And Aides,0.0
Male,27.0,HLS-Physical Therapist Assistants And Aides,0.0
Male,28.0,HLS-Physical Therapist Assistants And Aides,0.0
Male,29.0,HLS-Physical Therapist Assistants And Aides,0.0
Male,30.0,HLS-Physical Therapist Assistants And Aides,0.0
Female,18.0,HLS-Physical Therapist Assistants And Aides,128.0
Female,19.0,HLS-Physical Therapist Assistants And Aides,159.0
Female,20.0,HLS-Physical Therapist Assistants And Aides,105.0
Female,21.0,HLS-Physical Therapist Assistants And Aides,0.0
Female,22.0,HLS-Physical Therapist Assistants And Aides,0.0
Female,23.0,HLS-Physical Therapist Assistants And Aides,0.0
Female,24.0,HLS-Physical Therapist Assistants And Aides,93.0
Female,25.0,HLS-Physical Therapist Assistants And Aides,36.0
Female,26.0,HLS-Physical Therapist Assistants And Aides,0.0
Female,27.0,HLS-Physical Therapist Assistants And Aides,0.0
Female,28.0,HLS-Physical Therapist Assistants And Aides,0.0
Female,29.0,HLS-Physical Therapist Assistants And Aides,0.0
Female,30.0,HLS-Physical Therapist Assistants And Aides,50.0
Male,18.0,HLS-Massage Therapists,0.0
Male,19.0,HLS-Massage Therapists,0.0
Male,20.0,HLS-Massage Therapists,0.0
Male,21.0,HLS-Massage Therapists,0.0
Male,22.0,HLS-Massage Therapists,0.0
Male,23.0,HLS-Massage Therapists,0.0
Male,24.0,HLS-Massage Therapists,0.0
Male,25.0,HLS-Massage Therapists,0.0
Male,26.0,HLS-Massage Therapists,82.0
Male,27.0,HLS-Massage Therapists,0.0
Male,28.0,HLS-Massage Therapists,0.0
Male,29.0,HLS-Massage Therapists,0.0
Male,30.0,HLS-Massage Therapists,0.0
Female,18.0,HLS-Massage Therapists,0.0
Female,19.0,HLS-Massage Therapists,0.0
Female,20.0,HLS-Massage Therapists,0.0
Female,21.0,HLS-Massage Therapists,0.0
Female,22.0,HLS-Massage Therapists,0.0
Female,23.0,HLS-Massage Therapists,0.0
Female,24.0,HLS-Massage Therapists,0.0
Female,25.0,HLS-Massage Therapists,0.0
Female,26.0,HLS-Massage Therapists,0.0
Female,27.0,HLS-Massage Therapists,0.0
Female,28.0,HLS-Massage Therapists,0.0
Female,29.0,HLS-Massage Therapists,0.0
Female,30.0,HLS-Massage Therapists,145.0
Male,18.0,HLS-Dental Assistants,0.0
Male,19.0,HLS-Dental Assistants,0.0
Male,20.0,HLS-Dental Assistants,0.0
Male,21.0,HLS-Dental Assistants,0.0
Male,22.0,HLS-Dental Assistants,0.0
Male,23.0,HLS-Dental Assistants,0.0
Male,24.0,HLS-Dental Assistants,0.0
Male,25.0,HLS-Dental Assistants,95.0
Male,26.0,HLS-Dental Assistants,0.0
Male,27.0,HLS-Dental Assistants,0.0
Male,28.0,HLS-Dental Assistants,0.0
Male,29.0,HLS-Dental Assistants,0.0
Male,30.0,HLS-Dental Assistants,0.0
Female,18.0,HLS-Dental Assistants,0.0
Female,19.0,HLS-Dental Assistants,0.0
Female,20.0,HLS-Dental Assistants,0.0
Female,21.0,HLS-Dental Assistants,0.0
Female,22.0,HLS-Dental Assistants,0.0
Female,23.0,HLS-Dental Assistants,0.0
Female,24.0,HLS-Dental Assistants,0.0
Female,25.0,HLS-Dental Assistants,0.0
Female,26.0,HLS-Dental Assistants,165.0
Female,27.0,HLS-Dental Assistants,0.0
Female,28.0,HLS-Dental Assistants,189.0
Female,29.0,HLS-Dental Assistants,0.0
Female,30.0,HLS-Dental Assistants,99.0
Male,18.0,HLS-Medical Assistants,0.0
Male,19.0,HLS-Medical Assistants,0.0
Male,20.0,HLS-Medical Assistants,0.0
Male,21.0,HLS-Medical Assistants,0.0
Male,22.0,HLS-Medical Assistants,0.0
Male,23.0,HLS-Medical Assistants,44.0
Male,24.0,HLS-Medical Assistants,164.0
Male,25.0,HLS-Medical Assistants,0.0
Male,26.0,HLS-Medical Assistants,0.0
Male,27.0,HLS-Medical Assistants,182.0
Male,28.0,HLS-Medical Assistants,0.0
Male,29.0,HLS-Medical Assistants,0.0
Male,30.0,HLS-Medical Assistants,0.0
Female,18.0,HLS-Medical Assistants,0.0
Female,19.0,HLS-Medical Assistants,0.0
Female,20.0,HLS-Medical Assistants,0.0
Female,21.0,HLS-Medical Assistants,521.0
Female,22.0,HLS-Medical Assistants,584.0
Female,23.0,HLS-Medical Assistants,309.0
Female,24.0,HLS-Medical Assistants,110.0
Female,25.0,HLS-Medical Assistants,662.0
Female,26.0,HLS-Medical Assistants,584.0
Female,27.0,HLS-Medical Assistants,546.0
Female,28.0,HLS-Medical Assistants,311.0
Female,29.0,HLS-Medical Assistants,435.0
Female,30.0,HLS-Medical Assistants,350.0
Male,18.0,HLS-Medical Transcriptionists,0.0
Male,19.0,HLS-Medical Transcriptionists,0.0
Male,20.0,HLS-Medical Transcriptionists,0.0
Male,21.0,HLS-Medical Transcriptionists,0.0
Male,22.0,HLS-Medical Transcriptionists,0.0
Male,23.0,HLS-Medical Transcriptionists,0.0
Male,24.0,HLS-Medical Transcriptionists,0.0
Male,25.0,HLS-Medical Transcriptionists,0.0
Male,26.0,HLS-Medical Transcriptionists,89.0
Male,27.0,HLS-Medical Transcriptionists,0.0
Male,28.0,HLS-Medical Transcriptionists,0.0
Male,29.0,HLS-Medical Transcriptionists,0.0
Male,30.0,HLS-Medical Transcriptionists,0.0
Female,18.0,HLS-Medical Transcriptionists,0.0
Female,19.0,HLS-Medical Transcriptionists,0.0
Female,20.0,HLS-Medical Transcriptionists,0.0
Female,21.0,HLS-Medical Transcriptionists,0.0
Female,22.0,HLS-Medical Transcriptionists,0.0
Female,23.0,HLS-Medical Transcriptionists,0.0
Female,24.0,HLS-Medical Transcriptionists,0.0
Female,25.0,HLS-Medical Transcriptionists,0.0
Female,26.0,HLS-Medical Transcriptionists,0.0
Female,27.0,HLS-Medical Transcriptionists,0.0
Female,28.0,HLS-Medical Transcriptionists,0.0
Female,29.0,HLS-Medical Transcriptionists,0.0
Female,30.0,HLS-Medical Transcriptionists,0.0
Male,18.0,HLS-Pharmacy Aides,0.0
Male,19.0,HLS-Pharmacy Aides,0.0
Male,20.0,HLS-Pharmacy Aides,0.0
Male,21.0,HLS-Pharmacy Aides,0.0
Male,22.0,HLS-Pharmacy Aides,0.0
Male,23.0,HLS-Pharmacy Aides,0.0
Male,24.0,HLS-Pharmacy Aides,0.0
Male,25.0,HLS-Pharmacy Aides,0.0
Male,26.0,HLS-Pharmacy Aides,0.0
Male,27.0,HLS-Pharmacy Aides,0.0
Male,28.0,HLS-Pharmacy Aides,0.0
Male,29.0,HLS-Pharmacy Aides,0.0
Male,30.0,HLS-Pharmacy Aides,0.0
Female,18.0,HLS-Pharmacy Aides,0.0
Female,19.0,HLS-Pharmacy Aides,0.0
Female,20.0,HLS-Pharmacy Aides,0.0
Female,21.0,HLS-Pharmacy Aides,0.0
Female,22.0,HLS-Pharmacy Aides,0.0
Female,23.0,HLS-Pharmacy Aides,0.0
Female,24.0,HLS-Pharmacy Aides,0.0
Female,25.0,HLS-Pharmacy Aides,0.0
Female,26.0,HLS-Pharmacy Aides,0.0
Female,27.0,HLS-Pharmacy Aides,0.0
Female,28.0,HLS-Pharmacy Aides,0.0
Female,29.0,HLS-Pharmacy Aides,0.0
Female,30.0,HLS-Pharmacy Aides,0.0
Male,18.0,HLS-Veterinary Assistants And Laboratory Animal Caretakers,0.0
Male,19.0,HLS-Veterinary Assistants And Laboratory Animal Caretakers,0.0
Male,20.0,HLS-Veterinary Assistants And Laboratory Animal Caretakers,0.0
Male,21.0,HLS-Veterinary Assistants And Laboratory Animal Caretakers,0.0
Male,22.0,HLS-Veterinary Assistants And Laboratory Animal Caretakers,0.0
Male,23.0,HLS-Veterinary Assistants And Laboratory Animal Caretakers,0.0
Male,24.0,HLS-Veterinary Assistants And Laboratory Animal Caretakers,0.0
Male,25.0,HLS-Veterinary Assistants And Laboratory Animal Caretakers,0.0
Male,26.0,HLS-Veterinary Assistants And Laboratory Animal Caretakers,0.0
Male,27.0,HLS-Veterinary Assistants And Laboratory Animal Caretakers,0.0
Male,28.0,HLS-Veterinary Assistants And Laboratory Animal Caretakers,0.0
Male,29.0,HLS-Veterinary Assistants And Laboratory Animal Caretakers,0.0
Male,30.0,HLS-Veterinary Assistants And Laboratory Animal Caretakers,0.0
Female,18.0,HLS-Veterinary Assistants And Laboratory Animal Caretakers,0.0
Female,19.0,HLS-Veterinary Assistants And Laboratory Animal Caretakers,0.0
Female,20.0,HLS-Veterinary Assistants And Laboratory Animal Caretakers,0.0
Female,21.0,HLS-Veterinary Assistants And Laboratory Animal Caretakers,34.0
Female,22.0,HLS-Veterinary Assistants And Laboratory Animal Caretakers,0.0
Female,23.0,HLS-Veterinary Assistants And Laboratory Animal Caretakers,0.0
Female,24.0,HLS-Veterinary Assistants And Laboratory Animal Caretakers,162.0
Female,25.0,HLS-Veterinary Assistants And Laboratory Animal Caretakers,0.0
Female,26.0,HLS-Veterinary Assistants And Laboratory Animal Caretakers,0.0
Female,27.0,HLS-Veterinary Assistants And Laboratory Animal Caretakers,0.0
Female,28.0,HLS-Veterinary Assistants And Laboratory Animal Caretakers,0.0
Female,29.0,HLS-Veterinary Assistants And Laboratory Animal Caretakers,0.0
Female,30.0,HLS-Veterinary Assistants And Laboratory Animal Caretakers,0.0
Male,18.0,HLS-Phlebotomists,0.0
Male,19.0,HLS-Phlebotomists,0.0
Male,20.0,HLS-Phlebotomists,0.0
Male,21.0,HLS-Phlebotomists,0.0
Male,22.0,HLS-Phlebotomists,0.0
Male,23.0,HLS-Phlebotomists,0.0
Male,24.0,HLS-Phlebotomists,0.0
Male,25.0,HLS-Phlebotomists,0.0
Male,26.0,HLS-Phlebotomists,0.0
Male,27.0,HLS-Phlebotomists,68.0
Male,28.0,HLS-Phlebotomists,0.0
Male,29.0,HLS-Phlebotomists,0.0
Male,30.0,HLS-Phlebotomists,0.0
Female,18.0,HLS-Phlebotomists,0.0
Female,19.0,HLS-Phlebotomists,0.0
Female,20.0,HLS-Phlebotomists,0.0
Female,21.0,HLS-Phlebotomists,0.0
Female,22.0,HLS-Phlebotomists,0.0
Female,23.0,HLS-Phlebotomists,47.0
Female,24.0,HLS-Phlebotomists,0.0
Female,25.0,HLS-Phlebotomists,127.0
Female,26.0,HLS-Phlebotomists,0.0
Female,27.0,HLS-Phlebotomists,0.0
Female,28.0,HLS-Phlebotomists,0.0
Female,29.0,HLS-Phlebotomists,0.0
Female,30.0,HLS-Phlebotomists,61.0
Male,18.0,HLS-Other Healthcare Support Workers,0.0
Male,19.0,HLS-Other Healthcare Support Workers,0.0
Male,20.0,HLS-Other Healthcare Support Workers,0.0
Male,21.0,HLS-Other Healthcare Support Workers,86.0
Male,22.0,HLS-Other Healthcare Support Workers,0.0
Male,23.0,HLS-Other Healthcare Support Workers,0.0
Male,24.0,HLS-Other Healthcare Support Workers,0.0
Male,25.0,HLS-Other Healthcare Support Workers,70.0
Male,26.0,HLS-Other Healthcare Support Workers,104.0
Male,27.0,HLS-Other Healthcare Support Workers,28.0
Male,28.0,HLS-Other Healthcare Support Workers,138.0
Male,29.0,HLS-Other Healthcare Support Workers,0.0
Male,30.0,HLS-Other Healthcare Support Workers,0.0
Female,18.0,HLS-Other Healthcare Support Workers,0.0
Female,19.0,HLS-Other Healthcare Support Workers,0.0
Female,20.0,HLS-Other Healthcare Support Workers,0.0
Female,21.0,HLS-Other Healthcare Support Workers,0.0
Female,22.0,HLS-Other Healthcare Support Workers,0.0
Female,23.0,HLS-Other Healthcare Support Workers,0.0
Female,24.0,HLS-Other Healthcare Support Workers,0.0
Female,25.0,HLS-Other Healthcare Support Workers,62.0
Female,26.0,HLS-Other Healthcare Support Workers,75.0
Female,27.0,HLS-Other Healthcare Support Workers,0.0
Female,28.0,HLS-Other Healthcare Support Workers,125.0
Female,29.0,HLS-Other Healthcare Support Workers,69.0
Female,30.0,HLS-Other Healthcare Support Workers,151.0
Male,18.0,PRT-First-Line Supervisors Of Correctional Officers,0.0
Male,19.0,PRT-First-Line Supervisors Of Correctional Officers,0.0
Male,20.0,PRT-First-Line Supervisors Of Correctional Officers,0.0
Male,21.0,PRT-First-Line Supervisors Of Correctional Officers,0.0
Male,22.0,PRT-First-Line Supervisors Of Correctional Officers,0.0
Male,23.0,PRT-First-Line Supervisors Of Correctional Officers,0.0
Male,24.0,PRT-First-Line Supervisors Of Correctional Officers,0.0
Male,25.0,PRT-First-Line Supervisors Of Correctional Officers,0.0
Male,26.0,PRT-First-Line Supervisors Of Correctional Officers,0.0
Male,27.0,PRT-First-Line Supervisors Of Correctional Officers,0.0
Male,28.0,PRT-First-Line Supervisors Of Correctional Officers,0.0
Male,29.0,PRT-First-Line Supervisors Of Correctional Officers,0.0
Male,30.0,PRT-First-Line Supervisors Of Correctional Officers,0.0
Female,18.0,PRT-First-Line Supervisors Of Correctional Officers,0.0
Female,19.0,PRT-First-Line Supervisors Of Correctional Officers,0.0
Female,20.0,PRT-First-Line Supervisors Of Correctional Officers,0.0
Female,21.0,PRT-First-Line Supervisors Of Correctional Officers,0.0
Female,22.0,PRT-First-Line Supervisors Of Correctional Officers,0.0
Female,23.0,PRT-First-Line Supervisors Of Correctional Officers,0.0
Female,24.0,PRT-First-Line Supervisors Of Correctional Officers,0.0
Female,25.0,PRT-First-Line Supervisors Of Correctional Officers,0.0
Female,26.0,PRT-First-Line Supervisors Of Correctional Officers,0.0
Female,27.0,PRT-First-Line Supervisors Of Correctional Officers,0.0
Female,28.0,PRT-First-Line Supervisors Of Correctional Officers,0.0
Female,29.0,PRT-First-Line Supervisors Of Correctional Officers,0.0
Female,30.0,PRT-First-Line Supervisors Of Correctional Officers,0.0
Male,18.0,PRT-First-Line Supervisors Of Police And Detectives,0.0
Male,19.0,PRT-First-Line Supervisors Of Police And Detectives,0.0
Male,20.0,PRT-First-Line Supervisors Of Police And Detectives,197.0
Male,21.0,PRT-First-Line Supervisors Of Police And Detectives,0.0
Male,22.0,PRT-First-Line Supervisors Of Police And Detectives,0.0
Male,23.0,PRT-First-Line Supervisors Of Police And Detectives,0.0
Male,24.0,PRT-First-Line Supervisors Of Police And Detectives,0.0
Male,25.0,PRT-First-Line Supervisors Of Police And Detectives,0.0
Male,26.0,PRT-First-Line Supervisors Of Police And Detectives,0.0
Male,27.0,PRT-First-Line Supervisors Of Police And Detectives,0.0
Male,28.0,PRT-First-Line Supervisors Of Police And Detectives,0.0
Male,29.0,PRT-First-Line Supervisors Of Police And Detectives,0.0
Male,30.0,PRT-First-Line Supervisors Of Police And Detectives,0.0
Female,18.0,PRT-First-Line Supervisors Of Police And Detectives,0.0
Female,19.0,PRT-First-Line Supervisors Of Police And Detectives,0.0
Female,20.0,PRT-First-Line Supervisors Of Police And Detectives,0.0
Female,21.0,PRT-First-Line Supervisors Of Police And Detectives,0.0
Female,22.0,PRT-First-Line Supervisors Of Police And Detectives,0.0
Female,23.0,PRT-First-Line Supervisors Of Police And Detectives,0.0
Female,24.0,PRT-First-Line Supervisors Of Police And Detectives,0.0
Female,25.0,PRT-First-Line Supervisors Of Police And Detectives,0.0
Female,26.0,PRT-First-Line Supervisors Of Police And Detectives,0.0
Female,27.0,PRT-First-Line Supervisors Of Police And Detectives,0.0
Female,28.0,PRT-First-Line Supervisors Of Police And Detectives,0.0
Female,29.0,PRT-First-Line Supervisors Of Police And Detectives,0.0
Female,30.0,PRT-First-Line Supervisors Of Police And Detectives,0.0
Male,18.0,PRT-First-Line Supervisors Of Firefighting And Prevention Workers,0.0
Male,19.0,PRT-First-Line Supervisors Of Firefighting And Prevention Workers,0.0
Male,20.0,PRT-First-Line Supervisors Of Firefighting And Prevention Workers,0.0
Male,21.0,PRT-First-Line Supervisors Of Firefighting And Prevention Workers,0.0
Male,22.0,PRT-First-Line Supervisors Of Firefighting And Prevention Workers,0.0
Male,23.0,PRT-First-Line Supervisors Of Firefighting And Prevention Workers,0.0
Male,24.0,PRT-First-Line Supervisors Of Firefighting And Prevention Workers,0.0
Male,25.0,PRT-First-Line Supervisors Of Firefighting And Prevention Workers,0.0
Male,26.0,PRT-First-Line Supervisors Of Firefighting And Prevention Workers,0.0
Male,27.0,PRT-First-Line Supervisors Of Firefighting And Prevention Workers,0.0
Male,28.0,PRT-First-Line Supervisors Of Firefighting And Prevention Workers,0.0
Male,29.0,PRT-First-Line Supervisors Of Firefighting And Prevention Workers,0.0
Male,30.0,PRT-First-Line Supervisors Of Firefighting And Prevention Workers,0.0
Female,18.0,PRT-First-Line Supervisors Of Firefighting And Prevention Workers,0.0
Female,19.0,PRT-First-Line Supervisors Of Firefighting And Prevention Workers,0.0
Female,20.0,PRT-First-Line Supervisors Of Firefighting And Prevention Workers,0.0
Female,21.0,PRT-First-Line Supervisors Of Firefighting And Prevention Workers,0.0
Female,22.0,PRT-First-Line Supervisors Of Firefighting And Prevention Workers,0.0
Female,23.0,PRT-First-Line Supervisors Of Firefighting And Prevention Workers,0.0
Female,24.0,PRT-First-Line Supervisors Of Firefighting And Prevention Workers,0.0
Female,25.0,PRT-First-Line Supervisors Of Firefighting And Prevention Workers,0.0
Female,26.0,PRT-First-Line Supervisors Of Firefighting And Prevention Workers,0.0
Female,27.0,PRT-First-Line Supervisors Of Firefighting And Prevention Workers,0.0
Female,28.0,PRT-First-Line Supervisors Of Firefighting And Prevention Workers,0.0
Female,29.0,PRT-First-Line Supervisors Of Firefighting And Prevention Workers,0.0
Female,30.0,PRT-First-Line Supervisors Of Firefighting And Prevention Workers,0.0
Male,18.0,"PRT-Miscellaneous First-Line Supervisors, Protective Service Workers",0.0
Male,19.0,"PRT-Miscellaneous First-Line Supervisors, Protective Service Workers",0.0
Male,20.0,"PRT-Miscellaneous First-Line Supervisors, Protective Service Workers",0.0
Male,21.0,"PRT-Miscellaneous First-Line Supervisors, Protective Service Workers",0.0
Male,22.0,"PRT-Miscellaneous First-Line Supervisors, Protective Service Workers",0.0
Male,23.0,"PRT-Miscellaneous First-Line Supervisors, Protective Service Workers",0.0
Male,24.0,"PRT-Miscellaneous First-Line Supervisors, Protective Service Workers",0.0
Male,25.0,"PRT-Miscellaneous First-Line Supervisors, Protective Service Workers",0.0
Male,26.0,"PRT-Miscellaneous First-Line Supervisors, Protective Service Workers",0.0
Male,27.0,"PRT-Miscellaneous First-Line Supervisors, Protective Service Workers",0.0
Male,28.0,"PRT-Miscellaneous First-Line Supervisors, Protective Service Workers",0.0
Male,29.0,"PRT-Miscellaneous First-Line Supervisors, Protective Service Workers",0.0
Male,30.0,"PRT-Miscellaneous First-Line Supervisors, Protective Service Workers",0.0
Female,18.0,"PRT-Miscellaneous First-Line Supervisors, Protective Service Workers",0.0
Female,19.0,"PRT-Miscellaneous First-Line Supervisors, Protective Service Workers",0.0
Female,20.0,"PRT-Miscellaneous First-Line Supervisors, Protective Service Workers",0.0
Female,21.0,"PRT-Miscellaneous First-Line Supervisors, Protective Service Workers",0.0
Female,22.0,"PRT-Miscellaneous First-Line Supervisors, Protective Service Workers",0.0
Female,23.0,"PRT-Miscellaneous First-Line Supervisors, Protective Service Workers",0.0
Female,24.0,"PRT-Miscellaneous First-Line Supervisors, Protective Service Workers",0.0
Female,25.0,"PRT-Miscellaneous First-Line Supervisors, Protective Service Workers",0.0
Female,26.0,"PRT-Miscellaneous First-Line Supervisors, Protective Service Workers",0.0
Female,27.0,"PRT-Miscellaneous First-Line Supervisors, Protective Service Workers",0.0
Female,28.0,"PRT-Miscellaneous First-Line Supervisors, Protective Service Workers",0.0
Female,29.0,"PRT-Miscellaneous First-Line Supervisors, Protective Service Workers",0.0
Female,30.0,"PRT-Miscellaneous First-Line Supervisors, Protective Service Workers",0.0
Male,18.0,PRT-Firefighters,0.0
Male,19.0,PRT-Firefighters,0.0
Male,20.0,PRT-Firefighters,0.0
Male,21.0,PRT-Firefighters,0.0
Male,22.0,PRT-Firefighters,0.0
Male,23.0,PRT-Firefighters,0.0
Male,24.0,PRT-Firefighters,0.0
Male,25.0,PRT-Firefighters,0.0
Male,26.0,PRT-Firefighters,0.0
Male,27.0,PRT-Firefighters,0.0
Male,28.0,PRT-Firefighters,0.0
Male,29.0,PRT-Firefighters,119.0
Male,30.0,PRT-Firefighters,0.0
Female,18.0,PRT-Firefighters,0.0
Female,19.0,PRT-Firefighters,0.0
Female,20.0,PRT-Firefighters,0.0
Female,21.0,PRT-Firefighters,0.0
Female,22.0,PRT-Firefighters,0.0
Female,23.0,PRT-Firefighters,0.0
Female,24.0,PRT-Firefighters,0.0
Female,25.0,PRT-Firefighters,0.0
Female,26.0,PRT-Firefighters,0.0
Female,27.0,PRT-Firefighters,0.0
Female,28.0,PRT-Firefighters,0.0
Female,29.0,PRT-Firefighters,0.0
Female,30.0,PRT-Firefighters,0.0
Male,18.0,PRT-Fire Inspectors,0.0
Male,19.0,PRT-Fire Inspectors,0.0
Male,20.0,PRT-Fire Inspectors,0.0
Male,21.0,PRT-Fire Inspectors,0.0
Male,22.0,PRT-Fire Inspectors,0.0
Male,23.0,PRT-Fire Inspectors,0.0
Male,24.0,PRT-Fire Inspectors,0.0
Male,25.0,PRT-Fire Inspectors,0.0
Male,26.0,PRT-Fire Inspectors,0.0
Male,27.0,PRT-Fire Inspectors,0.0
Male,28.0,PRT-Fire Inspectors,0.0
Male,29.0,PRT-Fire Inspectors,0.0
Male,30.0,PRT-Fire Inspectors,0.0
Female,18.0,PRT-Fire Inspectors,0.0
Female,19.0,PRT-Fire Inspectors,0.0
Female,20.0,PRT-Fire Inspectors,0.0
Female,21.0,PRT-Fire Inspectors,0.0
Female,22.0,PRT-Fire Inspectors,0.0
Female,23.0,PRT-Fire Inspectors,0.0
Female,24.0,PRT-Fire Inspectors,0.0
Female,25.0,PRT-Fire Inspectors,0.0
Female,26.0,PRT-Fire Inspectors,0.0
Female,27.0,PRT-Fire Inspectors,0.0
Female,28.0,PRT-Fire Inspectors,0.0
Female,29.0,PRT-Fire Inspectors,0.0
Female,30.0,PRT-Fire Inspectors,0.0
Male,18.0,PRT-Bailiffs,0.0
Male,19.0,PRT-Bailiffs,0.0
Male,20.0,PRT-Bailiffs,0.0
Male,21.0,PRT-Bailiffs,0.0
Male,22.0,PRT-Bailiffs,0.0
Male,23.0,PRT-Bailiffs,0.0
Male,24.0,PRT-Bailiffs,0.0
Male,25.0,PRT-Bailiffs,257.0
Male,26.0,PRT-Bailiffs,0.0
Male,27.0,PRT-Bailiffs,0.0
Male,28.0,PRT-Bailiffs,0.0
Male,29.0,PRT-Bailiffs,0.0
Male,30.0,PRT-Bailiffs,0.0
Female,18.0,PRT-Bailiffs,0.0
Female,19.0,PRT-Bailiffs,0.0
Female,20.0,PRT-Bailiffs,0.0
Female,21.0,PRT-Bailiffs,0.0
Female,22.0,PRT-Bailiffs,0.0
Female,23.0,PRT-Bailiffs,0.0
Female,24.0,PRT-Bailiffs,0.0
Female,25.0,PRT-Bailiffs,0.0
Female,26.0,PRT-Bailiffs,0.0
Female,27.0,PRT-Bailiffs,0.0
Female,28.0,PRT-Bailiffs,0.0
Female,29.0,PRT-Bailiffs,0.0
Female,30.0,PRT-Bailiffs,0.0
Male,18.0,PRT-Correctional Officers and Jailers,0.0
Male,19.0,PRT-Correctional Officers and Jailers,0.0
Male,20.0,PRT-Correctional Officers and Jailers,0.0
Male,21.0,PRT-Correctional Officers and Jailers,0.0
Male,22.0,PRT-Correctional Officers and Jailers,0.0
Male,23.0,PRT-Correctional Officers and Jailers,0.0
Male,24.0,PRT-Correctional Officers and Jailers,240.0
Male,25.0,PRT-Correctional Officers and Jailers,0.0
Male,26.0,PRT-Correctional Officers and Jailers,110.0
Male,27.0,PRT-Correctional Officers and Jailers,259.0
Male,28.0,PRT-Correctional Officers and Jailers,0.0
Male,29.0,PRT-Correctional Officers and Jailers,157.0
Male,30.0,PRT-Correctional Officers and Jailers,0.0
Female,18.0,PRT-Correctional Officers and Jailers,0.0
Female,19.0,PRT-Correctional Officers and Jailers,0.0
Female,20.0,PRT-Correctional Officers and Jailers,0.0
Female,21.0,PRT-Correctional Officers and Jailers,0.0
Female,22.0,PRT-Correctional Officers and Jailers,0.0
Female,23.0,PRT-Correctional Officers and Jailers,0.0
Female,24.0,PRT-Correctional Officers and Jailers,0.0
Female,25.0,PRT-Correctional Officers and Jailers,0.0
Female,26.0,PRT-Correctional Officers and Jailers,0.0
Female,27.0,PRT-Correctional Officers and Jailers,0.0
Female,28.0,PRT-Correctional Officers and Jailers,88.0
Female,29.0,PRT-Correctional Officers and Jailers,0.0
Female,30.0,PRT-Correctional Officers and Jailers,0.0
Male,18.0,PRT-Detectives And Criminal Investigators,0.0
Male,19.0,PRT-Detectives And Criminal Investigators,0.0
Male,20.0,PRT-Detectives And Criminal Investigators,0.0
Male,21.0,PRT-Detectives And Criminal Investigators,0.0
Male,22.0,PRT-Detectives And Criminal Investigators,0.0
Male,23.0,PRT-Detectives And Criminal Investigators,0.0
Male,24.0,PRT-Detectives And Criminal Investigators,0.0
Male,25.0,PRT-Detectives And Criminal Investigators,0.0
Male,26.0,PRT-Detectives And Criminal Investigators,0.0
Male,27.0,PRT-Detectives And Criminal Investigators,0.0
Male,28.0,PRT-Detectives And Criminal Investigators,0.0
Male,29.0,PRT-Detectives And Criminal Investigators,0.0
Male,30.0,PRT-Detectives And Criminal Investigators,0.0
Female,18.0,PRT-Detectives And Criminal Investigators,0.0
Female,19.0,PRT-Detectives And Criminal Investigators,0.0
Female,20.0,PRT-Detectives And Criminal Investigators,0.0
Female,21.0,PRT-Detectives And Criminal Investigators,0.0
Female,22.0,PRT-Detectives And Criminal Investigators,0.0
Female,23.0,PRT-Detectives And Criminal Investigators,0.0
Female,24.0,PRT-Detectives And Criminal Investigators,0.0
Female,25.0,PRT-Detectives And Criminal Investigators,57.0
Female,26.0,PRT-Detectives And Criminal Investigators,0.0
Female,27.0,PRT-Detectives And Criminal Investigators,0.0
Female,28.0,PRT-Detectives And Criminal Investigators,0.0
Female,29.0,PRT-Detectives And Criminal Investigators,0.0
Female,30.0,PRT-Detectives And Criminal Investigators,0.0
Male,18.0,PRT-Fish And Game Wardens And Parking Enforcement Officers,0.0
Male,19.0,PRT-Fish And Game Wardens And Parking Enforcement Officers,0.0
Male,20.0,PRT-Fish And Game Wardens And Parking Enforcement Officers,0.0
Male,21.0,PRT-Fish And Game Wardens And Parking Enforcement Officers,0.0
Male,22.0,PRT-Fish And Game Wardens And Parking Enforcement Officers,0.0
Male,23.0,PRT-Fish And Game Wardens And Parking Enforcement Officers,0.0
Male,24.0,PRT-Fish And Game Wardens And Parking Enforcement Officers,0.0
Male,25.0,PRT-Fish And Game Wardens And Parking Enforcement Officers,0.0
Male,26.0,PRT-Fish And Game Wardens And Parking Enforcement Officers,0.0
Male,27.0,PRT-Fish And Game Wardens And Parking Enforcement Officers,0.0
Male,28.0,PRT-Fish And Game Wardens And Parking Enforcement Officers,0.0
Male,29.0,PRT-Fish And Game Wardens And Parking Enforcement Officers,0.0
Male,30.0,PRT-Fish And Game Wardens And Parking Enforcement Officers,0.0
Female,18.0,PRT-Fish And Game Wardens And Parking Enforcement Officers,0.0
Female,19.0,PRT-Fish And Game Wardens And Parking Enforcement Officers,0.0
Female,20.0,PRT-Fish And Game Wardens And Parking Enforcement Officers,0.0
Female,21.0,PRT-Fish And Game Wardens And Parking Enforcement Officers,0.0
Female,22.0,PRT-Fish And Game Wardens And Parking Enforcement Officers,0.0
Female,23.0,PRT-Fish And Game Wardens And Parking Enforcement Officers,0.0
Female,24.0,PRT-Fish And Game Wardens And Parking Enforcement Officers,0.0
Female,25.0,PRT-Fish And Game Wardens And Parking Enforcement Officers,0.0
Female,26.0,PRT-Fish And Game Wardens And Parking Enforcement Officers,0.0
Female,27.0,PRT-Fish And Game Wardens And Parking Enforcement Officers,0.0
Female,28.0,PRT-Fish And Game Wardens And Parking Enforcement Officers,0.0
Female,29.0,PRT-Fish And Game Wardens And Parking Enforcement Officers,0.0
Female,30.0,PRT-Fish And Game Wardens And Parking Enforcement Officers,0.0
Male,18.0,PRT-Police Officers,0.0
Male,19.0,PRT-Police Officers,0.0
Male,20.0,PRT-Police Officers,0.0
Male,21.0,PRT-Police Officers,0.0
Male,22.0,PRT-Police Officers,0.0
Male,23.0,PRT-Police Officers,0.0
Male,24.0,PRT-Police Officers,117.0
Male,25.0,PRT-Police Officers,99.0
Male,26.0,PRT-Police Officers,79.0
Male,27.0,PRT-Police Officers,427.0
Male,28.0,PRT-Police Officers,53.0
Male,29.0,PRT-Police Officers,78.0
Male,30.0,PRT-Police Officers,66.0
Female,18.0,PRT-Police Officers,0.0
Female,19.0,PRT-Police Officers,0.0
Female,20.0,PRT-Police Officers,0.0
Female,21.0,PRT-Police Officers,0.0
Female,22.0,PRT-Police Officers,0.0
Female,23.0,PRT-Police Officers,0.0
Female,24.0,PRT-Police Officers,0.0
Female,25.0,PRT-Police Officers,0.0
Female,26.0,PRT-Police Officers,0.0
Female,27.0,PRT-Police Officers,0.0
Female,28.0,PRT-Police Officers,218.0
Female,29.0,PRT-Police Officers,0.0
Female,30.0,PRT-Police Officers,90.0
Male,18.0,PRT-Animal Control Workers,0.0
Male,19.0,PRT-Animal Control Workers,0.0
Male,20.0,PRT-Animal Control Workers,0.0
Male,21.0,PRT-Animal Control Workers,0.0
Male,22.0,PRT-Animal Control Workers,0.0
Male,23.0,PRT-Animal Control Workers,0.0
Male,24.0,PRT-Animal Control Workers,0.0
Male,25.0,PRT-Animal Control Workers,0.0
Male,26.0,PRT-Animal Control Workers,0.0
Male,27.0,PRT-Animal Control Workers,0.0
Male,28.0,PRT-Animal Control Workers,0.0
Male,29.0,PRT-Animal Control Workers,0.0
Male,30.0,PRT-Animal Control Workers,0.0
Female,18.0,PRT-Animal Control Workers,0.0
Female,19.0,PRT-Animal Control Workers,0.0
Female,20.0,PRT-Animal Control Workers,0.0
Female,21.0,PRT-Animal Control Workers,0.0
Female,22.0,PRT-Animal Control Workers,0.0
Female,23.0,PRT-Animal Control Workers,0.0
Female,24.0,PRT-Animal Control Workers,0.0
Female,25.0,PRT-Animal Control Workers,0.0
Female,26.0,PRT-Animal Control Workers,0.0
Female,27.0,PRT-Animal Control Workers,0.0
Female,28.0,PRT-Animal Control Workers,0.0
Female,29.0,PRT-Animal Control Workers,0.0
Female,30.0,PRT-Animal Control Workers,0.0
Male,18.0,PRT-Private Detectives And Investigators,0.0
Male,19.0,PRT-Private Detectives And Investigators,0.0
Male,20.0,PRT-Private Detectives And Investigators,0.0
Male,21.0,PRT-Private Detectives And Investigators,0.0
Male,22.0,PRT-Private Detectives And Investigators,0.0
Male,23.0,PRT-Private Detectives And Investigators,0.0
Male,24.0,PRT-Private Detectives And Investigators,0.0
Male,25.0,PRT-Private Detectives And Investigators,0.0
Male,26.0,PRT-Private Detectives And Investigators,0.0
Male,27.0,PRT-Private Detectives And Investigators,0.0
Male,28.0,PRT-Private Detectives And Investigators,0.0
Male,29.0,PRT-Private Detectives And Investigators,0.0
Male,30.0,PRT-Private Detectives And Investigators,0.0
Female,18.0,PRT-Private Detectives And Investigators,0.0
Female,19.0,PRT-Private Detectives And Investigators,0.0
Female,20.0,PRT-Private Detectives And Investigators,0.0
Female,21.0,PRT-Private Detectives And Investigators,0.0
Female,22.0,PRT-Private Detectives And Investigators,0.0
Female,23.0,PRT-Private Detectives And Investigators,0.0
Female,24.0,PRT-Private Detectives And Investigators,0.0
Female,25.0,PRT-Private Detectives And Investigators,0.0
Female,26.0,PRT-Private Detectives And Investigators,0.0
Female,27.0,PRT-Private Detectives And Investigators,0.0
Female,28.0,PRT-Private Detectives And Investigators,0.0
Female,29.0,PRT-Private Detectives And Investigators,0.0
Female,30.0,PRT-Private Detectives And Investigators,0.0
Male,18.0,PRT-Security Guards And Gambling Surveillance Officers,227.0
Male,19.0,PRT-Security Guards And Gambling Surveillance Officers,0.0
Male,20.0,PRT-Security Guards And Gambling Surveillance Officers,0.0
Male,21.0,PRT-Security Guards And Gambling Surveillance Officers,0.0
Male,22.0,PRT-Security Guards And Gambling Surveillance Officers,0.0
Male,23.0,PRT-Security Guards And Gambling Surveillance Officers,268.0
Male,24.0,PRT-Security Guards And Gambling Surveillance Officers,348.0
Male,25.0,PRT-Security Guards And Gambling Surveillance Officers,249.0
Male,26.0,PRT-Security Guards And Gambling Surveillance Officers,36.0
Male,27.0,PRT-Security Guards And Gambling Surveillance Officers,190.0
Male,28.0,PRT-Security Guards And Gambling Surveillance Officers,917.0
Male,29.0,PRT-Security Guards And Gambling Surveillance Officers,207.0
Male,30.0,PRT-Security Guards And Gambling Surveillance Officers,521.0
Female,18.0,PRT-Security Guards And Gambling Surveillance Officers,0.0
Female,19.0,PRT-Security Guards And Gambling Surveillance Officers,0.0
Female,20.0,PRT-Security Guards And Gambling Surveillance Officers,310.0
Female,21.0,PRT-Security Guards And Gambling Surveillance Officers,0.0
Female,22.0,PRT-Security Guards And Gambling Surveillance Officers,0.0
Female,23.0,PRT-Security Guards And Gambling Surveillance Officers,0.0
Female,24.0,PRT-Security Guards And Gambling Surveillance Officers,0.0
Female,25.0,PRT-Security Guards And Gambling Surveillance Officers,0.0
Female,26.0,PRT-Security Guards And Gambling Surveillance Officers,0.0
Female,27.0,PRT-Security Guards And Gambling Surveillance Officers,0.0
Female,28.0,PRT-Security Guards And Gambling Surveillance Officers,0.0
Female,29.0,PRT-Security Guards And Gambling Surveillance Officers,0.0
Female,30.0,PRT-Security Guards And Gambling Surveillance Officers,0.0
Male,18.0,PRT-Crossing Guards And Flaggers,0.0
Male,19.0,PRT-Crossing Guards And Flaggers,0.0
Male,20.0,PRT-Crossing Guards And Flaggers,0.0
Male,21.0,PRT-Crossing Guards And Flaggers,0.0
Male,22.0,PRT-Crossing Guards And Flaggers,0.0
Male,23.0,PRT-Crossing Guards And Flaggers,0.0
Male,24.0,PRT-Crossing Guards And Flaggers,0.0
Male,25.0,PRT-Crossing Guards And Flaggers,0.0
Male,26.0,PRT-Crossing Guards And Flaggers,0.0
Male,27.0,PRT-Crossing Guards And Flaggers,0.0
Male,28.0,PRT-Crossing Guards And Flaggers,0.0
Male,29.0,PRT-Crossing Guards And Flaggers,0.0
Male,30.0,PRT-Crossing Guards And Flaggers,0.0
Female,18.0,PRT-Crossing Guards And Flaggers,0.0
Female,19.0,PRT-Crossing Guards And Flaggers,0.0
Female,20.0,PRT-Crossing Guards And Flaggers,0.0
Female,21.0,PRT-Crossing Guards And Flaggers,0.0
Female,22.0,PRT-Crossing Guards And Flaggers,0.0
Female,23.0,PRT-Crossing Guards And Flaggers,0.0
Female,24.0,PRT-Crossing Guards And Flaggers,0.0
Female,25.0,PRT-Crossing Guards And Flaggers,0.0
Female,26.0,PRT-Crossing Guards And Flaggers,0.0
Female,27.0,PRT-Crossing Guards And Flaggers,0.0
Female,28.0,PRT-Crossing Guards And Flaggers,0.0
Female,29.0,PRT-Crossing Guards And Flaggers,0.0
Female,30.0,PRT-Crossing Guards And Flaggers,0.0
Male,18.0,PRT-Transportation Security Screeners,0.0
Male,19.0,PRT-Transportation Security Screeners,0.0
Male,20.0,PRT-Transportation Security Screeners,0.0
Male,21.0,PRT-Transportation Security Screeners,0.0
Male,22.0,PRT-Transportation Security Screeners,0.0
Male,23.0,PRT-Transportation Security Screeners,0.0
Male,24.0,PRT-Transportation Security Screeners,0.0
Male,25.0,PRT-Transportation Security Screeners,0.0
Male,26.0,PRT-Transportation Security Screeners,0.0
Male,27.0,PRT-Transportation Security Screeners,0.0
Male,28.0,PRT-Transportation Security Screeners,0.0
Male,29.0,PRT-Transportation Security Screeners,0.0
Male,30.0,PRT-Transportation Security Screeners,0.0
Female,18.0,PRT-Transportation Security Screeners,0.0
Female,19.0,PRT-Transportation Security Screeners,0.0
Female,20.0,PRT-Transportation Security Screeners,0.0
Female,21.0,PRT-Transportation Security Screeners,0.0
Female,22.0,PRT-Transportation Security Screeners,0.0
Female,23.0,PRT-Transportation Security Screeners,0.0
Female,24.0,PRT-Transportation Security Screeners,0.0
Female,25.0,PRT-Transportation Security Screeners,0.0
Female,26.0,PRT-Transportation Security Screeners,0.0
Female,27.0,PRT-Transportation Security Screeners,0.0
Female,28.0,PRT-Transportation Security Screeners,0.0
Female,29.0,PRT-Transportation Security Screeners,0.0
Female,30.0,PRT-Transportation Security Screeners,0.0
Male,18.0,PRT-School Bus Monitors,0.0
Male,19.0,PRT-School Bus Monitors,0.0
Male,20.0,PRT-School Bus Monitors,0.0
Male,21.0,PRT-School Bus Monitors,0.0
Male,22.0,PRT-School Bus Monitors,0.0
Male,23.0,PRT-School Bus Monitors,0.0
Male,24.0,PRT-School Bus Monitors,0.0
Male,25.0,PRT-School Bus Monitors,0.0
Male,26.0,PRT-School Bus Monitors,0.0
Male,27.0,PRT-School Bus Monitors,0.0
Male,28.0,PRT-School Bus Monitors,0.0
Male,29.0,PRT-School Bus Monitors,0.0
Male,30.0,PRT-School Bus Monitors,0.0
Female,18.0,PRT-School Bus Monitors,0.0
Female,19.0,PRT-School Bus Monitors,0.0
Female,20.0,PRT-School Bus Monitors,0.0
Female,21.0,PRT-School Bus Monitors,0.0
Female,22.0,PRT-School Bus Monitors,0.0
Female,23.0,PRT-School Bus Monitors,0.0
Female,24.0,PRT-School Bus Monitors,0.0
Female,25.0,PRT-School Bus Monitors,0.0
Female,26.0,PRT-School Bus Monitors,152.0
Female,27.0,PRT-School Bus Monitors,0.0
Female,28.0,PRT-School Bus Monitors,0.0
Female,29.0,PRT-School Bus Monitors,0.0
Female,30.0,PRT-School Bus Monitors,0.0
Male,18.0,PRT-Other Protective Service Workers,686.0
Male,19.0,PRT-Other Protective Service Workers,312.0
Male,20.0,PRT-Other Protective Service Workers,222.0
Male,21.0,PRT-Other Protective Service Workers,61.0
Male,22.0,PRT-Other Protective Service Workers,0.0
Male,23.0,PRT-Other Protective Service Workers,0.0
Male,24.0,PRT-Other Protective Service Workers,0.0
Male,25.0,PRT-Other Protective Service Workers,0.0
Male,26.0,PRT-Other Protective Service Workers,0.0
Male,27.0,PRT-Other Protective Service Workers,0.0
Male,28.0,PRT-Other Protective Service Workers,0.0
Male,29.0,PRT-Other Protective Service Workers,0.0
Male,30.0,PRT-Other Protective Service Workers,0.0
Female,18.0,PRT-Other Protective Service Workers,1695.0
Female,19.0,PRT-Other Protective Service Workers,1339.0
Female,20.0,PRT-Other Protective Service Workers,567.0
Female,21.0,PRT-Other Protective Service Workers,0.0
Female,22.0,PRT-Other Protective Service Workers,0.0
Female,23.0,PRT-Other Protective Service Workers,0.0
Female,24.0,PRT-Other Protective Service Workers,0.0
Female,25.0,PRT-Other Protective Service Workers,0.0
Female,26.0,PRT-Other Protective Service Workers,0.0
Female,27.0,PRT-Other Protective Service Workers,0.0
Female,28.0,PRT-Other Protective Service Workers,0.0
Female,29.0,PRT-Other Protective Service Workers,0.0
Female,30.0,PRT-Other Protective Service Workers,0.0
Male,18.0,EAT-Chefs And Head Cooks,7.0
Male,19.0,EAT-Chefs And Head Cooks,0.0
Male,20.0,EAT-Chefs And Head Cooks,0.0
Male,21.0,EAT-Chefs And Head Cooks,0.0
Male,22.0,EAT-Chefs And Head Cooks,0.0
Male,23.0,EAT-Chefs And Head Cooks,232.0
Male,24.0,EAT-Chefs And Head Cooks,67.0
Male,25.0,EAT-Chefs And Head Cooks,141.0
Male,26.0,EAT-Chefs And Head Cooks,0.0
Male,27.0,EAT-Chefs And Head Cooks,32.0
Male,28.0,EAT-Chefs And Head Cooks,0.0
Male,29.0,EAT-Chefs And Head Cooks,0.0
Male,30.0,EAT-Chefs And Head Cooks,44.0
Female,18.0,EAT-Chefs And Head Cooks,0.0
Female,19.0,EAT-Chefs And Head Cooks,0.0
Female,20.0,EAT-Chefs And Head Cooks,0.0
Female,21.0,EAT-Chefs And Head Cooks,0.0
Female,22.0,EAT-Chefs And Head Cooks,0.0
Female,23.0,EAT-Chefs And Head Cooks,0.0
Female,24.0,EAT-Chefs And Head Cooks,0.0
Female,25.0,EAT-Chefs And Head Cooks,0.0
Female,26.0,EAT-Chefs And Head Cooks,0.0
Female,27.0,EAT-Chefs And Head Cooks,0.0
Female,28.0,EAT-Chefs And Head Cooks,0.0
Female,29.0,EAT-Chefs And Head Cooks,0.0
Female,30.0,EAT-Chefs And Head Cooks,60.0
Male,18.0,EAT-First-Line Supervisors Of Food Preparation And Serving Workers,493.0
Male,19.0,EAT-First-Line Supervisors Of Food Preparation And Serving Workers,278.0
Male,20.0,EAT-First-Line Supervisors Of Food Preparation And Serving Workers,162.0
Male,21.0,EAT-First-Line Supervisors Of Food Preparation And Serving Workers,0.0
Male,22.0,EAT-First-Line Supervisors Of Food Preparation And Serving Workers,186.0
Male,23.0,EAT-First-Line Supervisors Of Food Preparation And Serving Workers,0.0
Male,24.0,EAT-First-Line Supervisors Of Food Preparation And Serving Workers,0.0
Male,25.0,EAT-First-Line Supervisors Of Food Preparation And Serving Workers,0.0
Male,26.0,EAT-First-Line Supervisors Of Food Preparation And Serving Workers,579.0
Male,27.0,EAT-First-Line Supervisors Of Food Preparation And Serving Workers,0.0
Male,28.0,EAT-First-Line Supervisors Of Food Preparation And Serving Workers,186.0
Male,29.0,EAT-First-Line Supervisors Of Food Preparation And Serving Workers,524.0
Male,30.0,EAT-First-Line Supervisors Of Food Preparation And Serving Workers,200.0
Female,18.0,EAT-First-Line Supervisors Of Food Preparation And Serving Workers,0.0
Female,19.0,EAT-First-Line Supervisors Of Food Preparation And Serving Workers,0.0
Female,20.0,EAT-First-Line Supervisors Of Food Preparation And Serving Workers,108.0
Female,21.0,EAT-First-Line Supervisors Of Food Preparation And Serving Workers,68.0
Female,22.0,EAT-First-Line Supervisors Of Food Preparation And Serving Workers,33.0
Female,23.0,EAT-First-Line Supervisors Of Food Preparation And Serving Workers,0.0
Female,24.0,EAT-First-Line Supervisors Of Food Preparation And Serving Workers,0.0
Female,25.0,EAT-First-Line Supervisors Of Food Preparation And Serving Workers,0.0
Female,26.0,EAT-First-Line Supervisors Of Food Preparation And Serving Workers,0.0
Female,27.0,EAT-First-Line Supervisors Of Food Preparation And Serving Workers,128.0
Female,28.0,EAT-First-Line Supervisors Of Food Preparation And Serving Workers,64.0
Female,29.0,EAT-First-Line Supervisors Of Food Preparation And Serving Workers,0.0
Female,30.0,EAT-First-Line Supervisors Of Food Preparation And Serving Workers,456.0
Male,18.0,EAT-Cooks,782.0
Male,19.0,EAT-Cooks,1180.0
Male,20.0,EAT-Cooks,731.0
Male,21.0,EAT-Cooks,46.0
Male,22.0,EAT-Cooks,266.0
Male,23.0,EAT-Cooks,21.0
Male,24.0,EAT-Cooks,397.0
Male,25.0,EAT-Cooks,409.0
Male,26.0,EAT-Cooks,536.0
Male,27.0,EAT-Cooks,892.0
Male,28.0,EAT-Cooks,521.0
Male,29.0,EAT-Cooks,271.0
Male,30.0,EAT-Cooks,685.0
Female,18.0,EAT-Cooks,218.0
Female,19.0,EAT-Cooks,455.0
Female,20.0,EAT-Cooks,780.0
Female,21.0,EAT-Cooks,212.0
Female,22.0,EAT-Cooks,169.0
Female,23.0,EAT-Cooks,56.0
Female,24.0,EAT-Cooks,270.0
Female,25.0,EAT-Cooks,273.0
Female,26.0,EAT-Cooks,476.0
Female,27.0,EAT-Cooks,0.0
Female,28.0,EAT-Cooks,0.0
Female,29.0,EAT-Cooks,0.0
Female,30.0,EAT-Cooks,0.0
Male,18.0,EAT-Food Preparation Workers,400.0
Male,19.0,EAT-Food Preparation Workers,340.0
Male,20.0,EAT-Food Preparation Workers,262.0
Male,21.0,EAT-Food Preparation Workers,407.0
Male,22.0,EAT-Food Preparation Workers,171.0
Male,23.0,EAT-Food Preparation Workers,116.0
Male,24.0,EAT-Food Preparation Workers,190.0
Male,25.0,EAT-Food Preparation Workers,79.0
Male,26.0,EAT-Food Preparation Workers,161.0
Male,27.0,EAT-Food Preparation Workers,0.0
Male,28.0,EAT-Food Preparation Workers,184.0
Male,29.0,EAT-Food Preparation Workers,0.0
Male,30.0,EAT-Food Preparation Workers,215.0
Female,18.0,EAT-Food Preparation Workers,587.0
Female,19.0,EAT-Food Preparation Workers,1525.0
Female,20.0,EAT-Food Preparation Workers,0.0
Female,21.0,EAT-Food Preparation Workers,0.0
Female,22.0,EAT-Food Preparation Workers,119.0
Female,23.0,EAT-Food Preparation Workers,264.0
Female,24.0,EAT-Food Preparation Workers,330.0
Female,25.0,EAT-Food Preparation Workers,0.0
Female,26.0,EAT-Food Preparation Workers,0.0
Female,27.0,EAT-Food Preparation Workers,0.0
Female,28.0,EAT-Food Preparation Workers,0.0
Female,29.0,EAT-Food Preparation Workers,0.0
Female,30.0,EAT-Food Preparation Workers,0.0
Male,18.0,EAT-Bartenders,0.0
Male,19.0,EAT-Bartenders,0.0
Male,20.0,EAT-Bartenders,0.0
Male,21.0,EAT-Bartenders,104.0
Male,22.0,EAT-Bartenders,0.0
Male,23.0,EAT-Bartenders,177.0
Male,24.0,EAT-Bartenders,325.0
Male,25.0,EAT-Bartenders,0.0
Male,26.0,EAT-Bartenders,101.0
Male,27.0,EAT-Bartenders,0.0
Male,28.0,EAT-Bartenders,16.0
Male,29.0,EAT-Bartenders,0.0
Male,30.0,EAT-Bartenders,0.0
Female,18.0,EAT-Bartenders,0.0
Female,19.0,EAT-Bartenders,0.0
Female,20.0,EAT-Bartenders,401.0
Female,21.0,EAT-Bartenders,513.0
Female,22.0,EAT-Bartenders,169.0
Female,23.0,EAT-Bartenders,0.0
Female,24.0,EAT-Bartenders,132.0
Female,25.0,EAT-Bartenders,1019.0
Female,26.0,EAT-Bartenders,0.0
Female,27.0,EAT-Bartenders,218.0
Female,28.0,EAT-Bartenders,48.0
Female,29.0,EAT-Bartenders,389.0
Female,30.0,EAT-Bartenders,0.0
Male,18.0,EAT-Fast Food And Counter Workers,677.0
Male,19.0,EAT-Fast Food And Counter Workers,907.0
Male,20.0,EAT-Fast Food And Counter Workers,233.0
Male,21.0,EAT-Fast Food And Counter Workers,0.0
Male,22.0,EAT-Fast Food And Counter Workers,104.0
Male,23.0,EAT-Fast Food And Counter Workers,448.0
Male,24.0,EAT-Fast Food And Counter Workers,245.0
Male,25.0,EAT-Fast Food And Counter Workers,0.0
Male,26.0,EAT-Fast Food And Counter Workers,0.0
Male,27.0,EAT-Fast Food And Counter Workers,0.0
Male,28.0,EAT-Fast Food And Counter Workers,0.0
Male,29.0,EAT-Fast Food And Counter Workers,0.0
Male,30.0,EAT-Fast Food And Counter Workers,0.0
Female,18.0,EAT-Fast Food And Counter Workers,906.0
Female,19.0,EAT-Fast Food And Counter Workers,1432.0
Female,20.0,EAT-Fast Food And Counter Workers,444.0
Female,21.0,EAT-Fast Food And Counter Workers,672.0
Female,22.0,EAT-Fast Food And Counter Workers,1048.0
Female,23.0,EAT-Fast Food And Counter Workers,326.0
Female,24.0,EAT-Fast Food And Counter Workers,19.0
Female,25.0,EAT-Fast Food And Counter Workers,86.0
Female,26.0,EAT-Fast Food And Counter Workers,43.0
Female,27.0,EAT-Fast Food And Counter Workers,0.0
Female,28.0,EAT-Fast Food And Counter Workers,0.0
Female,29.0,EAT-Fast Food And Counter Workers,356.0
Female,30.0,EAT-Fast Food And Counter Workers,207.0
Male,18.0,EAT-Waiters And Waitresses,1490.0
Male,19.0,EAT-Waiters And Waitresses,925.0
Male,20.0,EAT-Waiters And Waitresses,789.0
Male,21.0,EAT-Waiters And Waitresses,445.0
Male,22.0,EAT-Waiters And Waitresses,805.0
Male,23.0,EAT-Waiters And Waitresses,540.0
Male,24.0,EAT-Waiters And Waitresses,365.0
Male,25.0,EAT-Waiters And Waitresses,232.0
Male,26.0,EAT-Waiters And Waitresses,123.0
Male,27.0,EAT-Waiters And Waitresses,195.0
Male,28.0,EAT-Waiters And Waitresses,300.0
Male,29.0,EAT-Waiters And Waitresses,0.0
Male,30.0,EAT-Waiters And Waitresses,74.0
Female,18.0,EAT-Waiters And Waitresses,1187.0
Female,19.0,EAT-Waiters And Waitresses,526.0
Female,20.0,EAT-Waiters And Waitresses,2021.0
Female,21.0,EAT-Waiters And Waitresses,1251.0
Female,22.0,EAT-Waiters And Waitresses,905.0
Female,23.0,EAT-Waiters And Waitresses,744.0
Female,24.0,EAT-Waiters And Waitresses,440.0
Female,25.0,EAT-Waiters And Waitresses,504.0
Female,26.0,EAT-Waiters And Waitresses,486.0
Female,27.0,EAT-Waiters And Waitresses,349.0
Female,28.0,EAT-Waiters And Waitresses,116.0
Female,29.0,EAT-Waiters And Waitresses,83.0
Female,30.0,EAT-Waiters And Waitresses,164.0
Male,18.0,"EAT-Food Servers, Nonrestaurant",37.0
Male,19.0,"EAT-Food Servers, Nonrestaurant",111.0
Male,20.0,"EAT-Food Servers, Nonrestaurant",169.0
Male,21.0,"EAT-Food Servers, Nonrestaurant",233.0
Male,22.0,"EAT-Food Servers, Nonrestaurant",0.0
Male,23.0,"EAT-Food Servers, Nonrestaurant",0.0
Male,24.0,"EAT-Food Servers, Nonrestaurant",0.0
Male,25.0,"EAT-Food Servers, Nonrestaurant",0.0
Male,26.0,"EAT-Food Servers, Nonrestaurant",0.0
Male,27.0,"EAT-Food Servers, Nonrestaurant",0.0
Male,28.0,"EAT-Food Servers, Nonrestaurant",0.0
Male,29.0,"EAT-Food Servers, Nonrestaurant",0.0
Male,30.0,"EAT-Food Servers, Nonrestaurant",0.0
Female,18.0,"EAT-Food Servers, Nonrestaurant",185.0
Female,19.0,"EAT-Food Servers, Nonrestaurant",322.0
Female,20.0,"EAT-Food Servers, Nonrestaurant",0.0
Female,21.0,"EAT-Food Servers, Nonrestaurant",0.0
Female,22.0,"EAT-Food Servers, Nonrestaurant",0.0
Female,23.0,"EAT-Food Servers, Nonrestaurant",0.0
Female,24.0,"EAT-Food Servers, Nonrestaurant",131.0
Female,25.0,"EAT-Food Servers, Nonrestaurant",0.0
Female,26.0,"EAT-Food Servers, Nonrestaurant",0.0
Female,27.0,"EAT-Food Servers, Nonrestaurant",0.0
Female,28.0,"EAT-Food Servers, Nonrestaurant",0.0
Female,29.0,"EAT-Food Servers, Nonrestaurant",0.0
Female,30.0,"EAT-Food Servers, Nonrestaurant",0.0
Male,18.0,EAT-Dining Room And Cafeteria Attendants And Bartender Helpers,308.0
Male,19.0,EAT-Dining Room And Cafeteria Attendants And Bartender Helpers,785.0
Male,20.0,EAT-Dining Room And Cafeteria Attendants And Bartender Helpers,99.0
Male,21.0,EAT-Dining Room And Cafeteria Attendants And Bartender Helpers,114.0
Male,22.0,EAT-Dining Room And Cafeteria Attendants And Bartender Helpers,43.0
Male,23.0,EAT-Dining Room And Cafeteria Attendants And Bartender Helpers,236.0
Male,24.0,EAT-Dining Room And Cafeteria Attendants And Bartender Helpers,90.0
Male,25.0,EAT-Dining Room And Cafeteria Attendants And Bartender Helpers,0.0
Male,26.0,EAT-Dining Room And Cafeteria Attendants And Bartender Helpers,0.0
Male,27.0,EAT-Dining Room And Cafeteria Attendants And Bartender Helpers,87.0
Male,28.0,EAT-Dining Room And Cafeteria Attendants And Bartender Helpers,0.0
Male,29.0,EAT-Dining Room And Cafeteria Attendants And Bartender Helpers,0.0
Male,30.0,EAT-Dining Room And Cafeteria Attendants And Bartender Helpers,178.0
Female,18.0,EAT-Dining Room And Cafeteria Attendants And Bartender Helpers,0.0
Female,19.0,EAT-Dining Room And Cafeteria Attendants And Bartender Helpers,0.0
Female,20.0,EAT-Dining Room And Cafeteria Attendants And Bartender Helpers,0.0
Female,21.0,EAT-Dining Room And Cafeteria Attendants And Bartender Helpers,157.0
Female,22.0,EAT-Dining Room And Cafeteria Attendants And Bartender Helpers,0.0
Female,23.0,EAT-Dining Room And Cafeteria Attendants And Bartender Helpers,0.0
Female,24.0,EAT-Dining Room And Cafeteria Attendants And Bartender Helpers,0.0
Female,25.0,EAT-Dining Room And Cafeteria Attendants And Bartender Helpers,0.0
Female,26.0,EAT-Dining Room And Cafeteria Attendants And Bartender Helpers,0.0
Female,27.0,EAT-Dining Room And Cafeteria Attendants And Bartender Helpers,0.0
Female,28.0,EAT-Dining Room And Cafeteria Attendants And Bartender Helpers,0.0
Female,29.0,EAT-Dining Room And Cafeteria Attendants And Bartender Helpers,0.0
Female,30.0,EAT-Dining Room And Cafeteria Attendants And Bartender Helpers,0.0
Male,18.0,EAT-Dishwashers,622.0
Male,19.0,EAT-Dishwashers,425.0
Male,20.0,EAT-Dishwashers,84.0
Male,21.0,EAT-Dishwashers,0.0
Male,22.0,EAT-Dishwashers,64.0
Male,23.0,EAT-Dishwashers,0.0
Male,24.0,EAT-Dishwashers,0.0
Male,25.0,EAT-Dishwashers,693.0
Male,26.0,EAT-Dishwashers,0.0
Male,27.0,EAT-Dishwashers,0.0
Male,28.0,EAT-Dishwashers,497.0
Male,29.0,EAT-Dishwashers,0.0
Male,30.0,EAT-Dishwashers,0.0
Female,18.0,EAT-Dishwashers,0.0
Female,19.0,EAT-Dishwashers,0.0
Female,20.0,EAT-Dishwashers,0.0
Female,21.0,EAT-Dishwashers,0.0
Female,22.0,EAT-Dishwashers,0.0
Female,23.0,EAT-Dishwashers,0.0
Female,24.0,EAT-Dishwashers,0.0
Female,25.0,EAT-Dishwashers,0.0
Female,26.0,EAT-Dishwashers,0.0
Female,27.0,EAT-Dishwashers,0.0
Female,28.0,EAT-Dishwashers,0.0
Female,29.0,EAT-Dishwashers,0.0
Female,30.0,EAT-Dishwashers,0.0
Male,18.0,"EAT-Hosts And Hostesses, Restaurant, Lounge, And Coffee Shop",0.0
Male,19.0,"EAT-Hosts And Hostesses, Restaurant, Lounge, And Coffee Shop",209.0
Male,20.0,"EAT-Hosts And Hostesses, Restaurant, Lounge, And Coffee Shop",0.0
Male,21.0,"EAT-Hosts And Hostesses, Restaurant, Lounge, And Coffee Shop",122.0
Male,22.0,"EAT-Hosts And Hostesses, Restaurant, Lounge, And Coffee Shop",0.0
Male,23.0,"EAT-Hosts And Hostesses, Restaurant, Lounge, And Coffee Shop",0.0
Male,24.0,"EAT-Hosts And Hostesses, Restaurant, Lounge, And Coffee Shop",33.0
Male,25.0,"EAT-Hosts And Hostesses, Restaurant, Lounge, And Coffee Shop",0.0
Male,26.0,"EAT-Hosts And Hostesses, Restaurant, Lounge, And Coffee Shop",0.0
Male,27.0,"EAT-Hosts And Hostesses, Restaurant, Lounge, And Coffee Shop",0.0
Male,28.0,"EAT-Hosts And Hostesses, Restaurant, Lounge, And Coffee Shop",0.0
Male,29.0,"EAT-Hosts And Hostesses, Restaurant, Lounge, And Coffee Shop",0.0
Male,30.0,"EAT-Hosts And Hostesses, Restaurant, Lounge, And Coffee Shop",0.0
Female,18.0,"EAT-Hosts And Hostesses, Restaurant, Lounge, And Coffee Shop",141.0
Female,19.0,"EAT-Hosts And Hostesses, Restaurant, Lounge, And Coffee Shop",1032.0
Female,20.0,"EAT-Hosts And Hostesses, Restaurant, Lounge, And Coffee Shop",195.0
Female,21.0,"EAT-Hosts And Hostesses, Restaurant, Lounge, And Coffee Shop",464.0
Female,22.0,"EAT-Hosts And Hostesses, Restaurant, Lounge, And Coffee Shop",0.0
Female,23.0,"EAT-Hosts And Hostesses, Restaurant, Lounge, And Coffee Shop",0.0
Female,24.0,"EAT-Hosts And Hostesses, Restaurant, Lounge, And Coffee Shop",0.0
Female,25.0,"EAT-Hosts And Hostesses, Restaurant, Lounge, And Coffee Shop",0.0
Female,26.0,"EAT-Hosts And Hostesses, Restaurant, Lounge, And Coffee Shop",0.0
Female,27.0,"EAT-Hosts And Hostesses, Restaurant, Lounge, And Coffee Shop",0.0
Female,28.0,"EAT-Hosts And Hostesses, Restaurant, Lounge, And Coffee Shop",0.0
Female,29.0,"EAT-Hosts And Hostesses, Restaurant, Lounge, And Coffee Shop",0.0
Female,30.0,"EAT-Hosts And Hostesses, Restaurant, Lounge, And Coffee Shop",56.0
Male,18.0,"EAT-Food Preparation and Serving Related Workers, All Other",0.0
Male,19.0,"EAT-Food Preparation and Serving Related Workers, All Other",0.0
Male,20.0,"EAT-Food Preparation and Serving Related Workers, All Other",0.0
Male,21.0,"EAT-Food Preparation and Serving Related Workers, All Other",0.0
Male,22.0,"EAT-Food Preparation and Serving Related Workers, All Other",0.0
Male,23.0,"EAT-Food Preparation and Serving Related Workers, All Other",0.0
Male,24.0,"EAT-Food Preparation and Serving Related Workers, All Other",0.0
Male,25.0,"EAT-Food Preparation and Serving Related Workers, All Other",0.0
Male,26.0,"EAT-Food Preparation and Serving Related Workers, All Other",0.0
Male,27.0,"EAT-Food Preparation and Serving Related Workers, All Other",0.0
Male,28.0,"EAT-Food Preparation and Serving Related Workers, All Other",0.0
Male,29.0,"EAT-Food Preparation and Serving Related Workers, All Other",0.0
Male,30.0,"EAT-Food Preparation and Serving Related Workers, All Other",0.0
Female,18.0,"EAT-Food Preparation and Serving Related Workers, All Other",0.0
Female,19.0,"EAT-Food Preparation and Serving Related Workers, All Other",0.0
Female,20.0,"EAT-Food Preparation and Serving Related Workers, All Other",0.0
Female,21.0,"EAT-Food Preparation and Serving Related Workers, All Other",0.0
Female,22.0,"EAT-Food Preparation and Serving Related Workers, All Other",0.0
Female,23.0,"EAT-Food Preparation and Serving Related Workers, All Other",0.0
Female,24.0,"EAT-Food Preparation and Serving Related Workers, All Other",0.0
Female,25.0,"EAT-Food Preparation and Serving Related Workers, All Other",0.0
Female,26.0,"EAT-Food Preparation and Serving Related Workers, All Other",0.0
Female,27.0,"EAT-Food Preparation and Serving Related Workers, All Other",0.0
Female,28.0,"EAT-Food Preparation and Serving Related Workers, All Other",0.0
Female,29.0,"EAT-Food Preparation and Serving Related Workers, All Other",0.0
Female,30.0,"EAT-Food Preparation and Serving Related Workers, All Other",0.0
Male,18.0,CLN-First-Line Supervisors Of Housekeeping And Janitorial Workers,0.0
Male,19.0,CLN-First-Line Supervisors Of Housekeeping And Janitorial Workers,0.0
Male,20.0,CLN-First-Line Supervisors Of Housekeeping And Janitorial Workers,0.0
Male,21.0,CLN-First-Line Supervisors Of Housekeeping And Janitorial Workers,0.0
Male,22.0,CLN-First-Line Supervisors Of Housekeeping And Janitorial Workers,0.0
Male,23.0,CLN-First-Line Supervisors Of Housekeeping And Janitorial Workers,0.0
Male,24.0,CLN-First-Line Supervisors Of Housekeeping And Janitorial Workers,0.0
Male,25.0,CLN-First-Line Supervisors Of Housekeeping And Janitorial Workers,0.0
Male,26.0,CLN-First-Line Supervisors Of Housekeeping And Janitorial Workers,0.0
Male,27.0,CLN-First-Line Supervisors Of Housekeeping And Janitorial Workers,0.0
Male,28.0,CLN-First-Line Supervisors Of Housekeeping And Janitorial Workers,0.0
Male,29.0,CLN-First-Line Supervisors Of Housekeeping And Janitorial Workers,0.0
Male,30.0,CLN-First-Line Supervisors Of Housekeeping And Janitorial Workers,0.0
Female,18.0,CLN-First-Line Supervisors Of Housekeeping And Janitorial Workers,0.0
Female,19.0,CLN-First-Line Supervisors Of Housekeeping And Janitorial Workers,0.0
Female,20.0,CLN-First-Line Supervisors Of Housekeeping And Janitorial Workers,0.0
Female,21.0,CLN-First-Line Supervisors Of Housekeeping And Janitorial Workers,0.0
Female,22.0,CLN-First-Line Supervisors Of Housekeeping And Janitorial Workers,0.0
Female,23.0,CLN-First-Line Supervisors Of Housekeeping And Janitorial Workers,0.0
Female,24.0,CLN-First-Line Supervisors Of Housekeeping And Janitorial Workers,0.0
Female,25.0,CLN-First-Line Supervisors Of Housekeeping And Janitorial Workers,0.0
Female,26.0,CLN-First-Line Supervisors Of Housekeeping And Janitorial Workers,0.0
Female,27.0,CLN-First-Line Supervisors Of Housekeeping And Janitorial Workers,0.0
Female,28.0,CLN-First-Line Supervisors Of Housekeeping And Janitorial Workers,0.0
Female,29.0,CLN-First-Line Supervisors Of Housekeeping And Janitorial Workers,0.0
Female,30.0,CLN-First-Line Supervisors Of Housekeeping And Janitorial Workers,0.0
Male,18.0,"CLN-First-Line Supervisors Of Landscaping, Lawn Service, And Groundskeeping Workers",0.0
Male,19.0,"CLN-First-Line Supervisors Of Landscaping, Lawn Service, And Groundskeeping Workers",0.0
Male,20.0,"CLN-First-Line Supervisors Of Landscaping, Lawn Service, And Groundskeeping Workers",0.0
Male,21.0,"CLN-First-Line Supervisors Of Landscaping, Lawn Service, And Groundskeeping Workers",0.0
Male,22.0,"CLN-First-Line Supervisors Of Landscaping, Lawn Service, And Groundskeeping Workers",0.0
Male,23.0,"CLN-First-Line Supervisors Of Landscaping, Lawn Service, And Groundskeeping Workers",0.0
Male,24.0,"CLN-First-Line Supervisors Of Landscaping, Lawn Service, And Groundskeeping Workers",0.0
Male,25.0,"CLN-First-Line Supervisors Of Landscaping, Lawn Service, And Groundskeeping Workers",118.0
Male,26.0,"CLN-First-Line Supervisors Of Landscaping, Lawn Service, And Groundskeeping Workers",133.0
Male,27.0,"CLN-First-Line Supervisors Of Landscaping, Lawn Service, And Groundskeeping Workers",0.0
Male,28.0,"CLN-First-Line Supervisors Of Landscaping, Lawn Service, And Groundskeeping Workers",0.0
Male,29.0,"CLN-First-Line Supervisors Of Landscaping, Lawn Service, And Groundskeeping Workers",0.0
Male,30.0,"CLN-First-Line Supervisors Of Landscaping, Lawn Service, And Groundskeeping Workers",63.0
Female,18.0,"CLN-First-Line Supervisors Of Landscaping, Lawn Service, And Groundskeeping Workers",0.0
Female,19.0,"CLN-First-Line Supervisors Of Landscaping, Lawn Service, And Groundskeeping Workers",0.0
Female,20.0,"CLN-First-Line Supervisors Of Landscaping, Lawn Service, And Groundskeeping Workers",0.0
Female,21.0,"CLN-First-Line Supervisors Of Landscaping, Lawn Service, And Groundskeeping Workers",0.0
Female,22.0,"CLN-First-Line Supervisors Of Landscaping, Lawn Service, And Groundskeeping Workers",0.0
Female,23.0,"CLN-First-Line Supervisors Of Landscaping, Lawn Service, And Groundskeeping Workers",0.0
Female,24.0,"CLN-First-Line Supervisors Of Landscaping, Lawn Service, And Groundskeeping Workers",0.0
Female,25.0,"CLN-First-Line Supervisors Of Landscaping, Lawn Service, And Groundskeeping Workers",0.0
Female,26.0,"CLN-First-Line Supervisors Of Landscaping, Lawn Service, And Groundskeeping Workers",0.0
Female,27.0,"CLN-First-Line Supervisors Of Landscaping, Lawn Service, And Groundskeeping Workers",0.0
Female,28.0,"CLN-First-Line Supervisors Of Landscaping, Lawn Service, And Groundskeeping Workers",0.0
Female,29.0,"CLN-First-Line Supervisors Of Landscaping, Lawn Service, And Groundskeeping Workers",0.0
Female,30.0,"CLN-First-Line Supervisors Of Landscaping, Lawn Service, And Groundskeeping Workers",0.0
Male,18.0,CLN-Janitors And Building Cleaners,351.0
Male,19.0,CLN-Janitors And Building Cleaners,307.0
Male,20.0,CLN-Janitors And Building Cleaners,46.0
Male,21.0,CLN-Janitors And Building Cleaners,480.0
Male,22.0,CLN-Janitors And Building Cleaners,853.0
Male,23.0,CLN-Janitors And Building Cleaners,638.0
Male,24.0,CLN-Janitors And Building Cleaners,333.0
Male,25.0,CLN-Janitors And Building Cleaners,182.0
Male,26.0,CLN-Janitors And Building Cleaners,559.0
Male,27.0,CLN-Janitors And Building Cleaners,371.0
Male,28.0,CLN-Janitors And Building Cleaners,1121.0
Male,29.0,CLN-Janitors And Building Cleaners,210.0
Male,30.0,CLN-Janitors And Building Cleaners,511.0
Female,18.0,CLN-Janitors And Building Cleaners,0.0
Female,19.0,CLN-Janitors And Building Cleaners,319.0
Female,20.0,CLN-Janitors And Building Cleaners,0.0
Female,21.0,CLN-Janitors And Building Cleaners,0.0
Female,22.0,CLN-Janitors And Building Cleaners,0.0
Female,23.0,CLN-Janitors And Building Cleaners,301.0
Female,24.0,CLN-Janitors And Building Cleaners,471.0
Female,25.0,CLN-Janitors And Building Cleaners,0.0
Female,26.0,CLN-Janitors And Building Cleaners,145.0
Female,27.0,CLN-Janitors And Building Cleaners,462.0
Female,28.0,CLN-Janitors And Building Cleaners,397.0
Female,29.0,CLN-Janitors And Building Cleaners,0.0
Female,30.0,CLN-Janitors And Building Cleaners,0.0
Male,18.0,CLN-Maids And Housekeeping Cleaners,0.0
Male,19.0,CLN-Maids And Housekeeping Cleaners,0.0
Male,20.0,CLN-Maids And Housekeeping Cleaners,0.0
Male,21.0,CLN-Maids And Housekeeping Cleaners,0.0
Male,22.0,CLN-Maids And Housekeeping Cleaners,0.0
Male,23.0,CLN-Maids And Housekeeping Cleaners,0.0
Male,24.0,CLN-Maids And Housekeeping Cleaners,0.0
Male,25.0,CLN-Maids And Housekeeping Cleaners,0.0
Male,26.0,CLN-Maids And Housekeeping Cleaners,0.0
Male,27.0,CLN-Maids And Housekeeping Cleaners,0.0
Male,28.0,CLN-Maids And Housekeeping Cleaners,0.0
Male,29.0,CLN-Maids And Housekeeping Cleaners,0.0
Male,30.0,CLN-Maids And Housekeeping Cleaners,0.0
Female,18.0,CLN-Maids And Housekeeping Cleaners,0.0
Female,19.0,CLN-Maids And Housekeeping Cleaners,0.0
Female,20.0,CLN-Maids And Housekeeping Cleaners,0.0
Female,21.0,CLN-Maids And Housekeeping Cleaners,0.0
Female,22.0,CLN-Maids And Housekeeping Cleaners,211.0
Female,23.0,CLN-Maids And Housekeeping Cleaners,0.0
Female,24.0,CLN-Maids And Housekeeping Cleaners,231.0
Female,25.0,CLN-Maids And Housekeeping Cleaners,0.0
Female,26.0,CLN-Maids And Housekeeping Cleaners,481.0
Female,27.0,CLN-Maids And Housekeeping Cleaners,280.0
Female,28.0,CLN-Maids And Housekeeping Cleaners,646.0
Female,29.0,CLN-Maids And Housekeeping Cleaners,0.0
Female,30.0,CLN-Maids And Housekeeping Cleaners,313.0
Male,18.0,CLN-Pest Control Workers,0.0
Male,19.0,CLN-Pest Control Workers,0.0
Male,20.0,CLN-Pest Control Workers,0.0
Male,21.0,CLN-Pest Control Workers,0.0
Male,22.0,CLN-Pest Control Workers,0.0
Male,23.0,CLN-Pest Control Workers,0.0
Male,24.0,CLN-Pest Control Workers,0.0
Male,25.0,CLN-Pest Control Workers,0.0
Male,26.0,CLN-Pest Control Workers,0.0
Male,27.0,CLN-Pest Control Workers,0.0
Male,28.0,CLN-Pest Control Workers,0.0
Male,29.0,CLN-Pest Control Workers,0.0
Male,30.0,CLN-Pest Control Workers,0.0
Female,18.0,CLN-Pest Control Workers,0.0
Female,19.0,CLN-Pest Control Workers,0.0
Female,20.0,CLN-Pest Control Workers,0.0
Female,21.0,CLN-Pest Control Workers,0.0
Female,22.0,CLN-Pest Control Workers,0.0
Female,23.0,CLN-Pest Control Workers,0.0
Female,24.0,CLN-Pest Control Workers,0.0
Female,25.0,CLN-Pest Control Workers,61.0
Female,26.0,CLN-Pest Control Workers,0.0
Female,27.0,CLN-Pest Control Workers,0.0
Female,28.0,CLN-Pest Control Workers,178.0
Female,29.0,CLN-Pest Control Workers,0.0
Female,30.0,CLN-Pest Control Workers,0.0
Male,18.0,CLN-Landscaping And Groundskeeping Workers,71.0
Male,19.0,CLN-Landscaping And Groundskeeping Workers,448.0
Male,20.0,CLN-Landscaping And Groundskeeping Workers,201.0
Male,21.0,CLN-Landscaping And Groundskeeping Workers,522.0
Male,22.0,CLN-Landscaping And Groundskeeping Workers,113.0
Male,23.0,CLN-Landscaping And Groundskeeping Workers,36.0
Male,24.0,CLN-Landscaping And Groundskeeping Workers,42.0
Male,25.0,CLN-Landscaping And Groundskeeping Workers,163.0
Male,26.0,CLN-Landscaping And Groundskeeping Workers,138.0
Male,27.0,CLN-Landscaping And Groundskeeping Workers,311.0
Male,28.0,CLN-Landscaping And Groundskeeping Workers,1060.0
Male,29.0,CLN-Landscaping And Groundskeeping Workers,1020.0
Male,30.0,CLN-Landscaping And Groundskeeping Workers,417.0
Female,18.0,CLN-Landscaping And Groundskeeping Workers,0.0
Female,19.0,CLN-Landscaping And Groundskeeping Workers,0.0
Female,20.0,CLN-Landscaping And Groundskeeping Workers,0.0
Female,21.0,CLN-Landscaping And Groundskeeping Workers,98.0
Female,22.0,CLN-Landscaping And Groundskeeping Workers,0.0
Female,23.0,CLN-Landscaping And Groundskeeping Workers,0.0
Female,24.0,CLN-Landscaping And Groundskeeping Workers,0.0
Female,25.0,CLN-Landscaping And Groundskeeping Workers,0.0
Female,26.0,CLN-Landscaping And Groundskeeping Workers,128.0
Female,27.0,CLN-Landscaping And Groundskeeping Workers,0.0
Female,28.0,CLN-Landscaping And Groundskeeping Workers,0.0
Female,29.0,CLN-Landscaping And Groundskeeping Workers,0.0
Female,30.0,CLN-Landscaping And Groundskeeping Workers,0.0
Male,18.0,CLN-Tree Trimmers and Pruners,0.0
Male,19.0,CLN-Tree Trimmers and Pruners,152.0
Male,20.0,CLN-Tree Trimmers and Pruners,0.0
Male,21.0,CLN-Tree Trimmers and Pruners,0.0
Male,22.0,CLN-Tree Trimmers and Pruners,75.0
Male,23.0,CLN-Tree Trimmers and Pruners,0.0
Male,24.0,CLN-Tree Trimmers and Pruners,228.0
Male,25.0,CLN-Tree Trimmers and Pruners,0.0
Male,26.0,CLN-Tree Trimmers and Pruners,236.0
Male,27.0,CLN-Tree Trimmers and Pruners,0.0
Male,28.0,CLN-Tree Trimmers and Pruners,266.0
Male,29.0,CLN-Tree Trimmers and Pruners,94.0
Male,30.0,CLN-Tree Trimmers and Pruners,0.0
Female,18.0,CLN-Tree Trimmers and Pruners,0.0
Female,19.0,CLN-Tree Trimmers and Pruners,0.0
Female,20.0,CLN-Tree Trimmers and Pruners,0.0
Female,21.0,CLN-Tree Trimmers and Pruners,0.0
Female,22.0,CLN-Tree Trimmers and Pruners,0.0
Female,23.0,CLN-Tree Trimmers and Pruners,0.0
Female,24.0,CLN-Tree Trimmers and Pruners,0.0
Female,25.0,CLN-Tree Trimmers and Pruners,0.0
Female,26.0,CLN-Tree Trimmers and Pruners,0.0
Female,27.0,CLN-Tree Trimmers and Pruners,0.0
Female,28.0,CLN-Tree Trimmers and Pruners,0.0
Female,29.0,CLN-Tree Trimmers and Pruners,0.0
Female,30.0,CLN-Tree Trimmers and Pruners,0.0
Male,18.0,CLN-Other Grounds Maintenance Workers,0.0
Male,19.0,CLN-Other Grounds Maintenance Workers,0.0
Male,20.0,CLN-Other Grounds Maintenance Workers,0.0
Male,21.0,CLN-Other Grounds Maintenance Workers,0.0
Male,22.0,CLN-Other Grounds Maintenance Workers,0.0
Male,23.0,CLN-Other Grounds Maintenance Workers,0.0
Male,24.0,CLN-Other Grounds Maintenance Workers,0.0
Male,25.0,CLN-Other Grounds Maintenance Workers,0.0
Male,26.0,CLN-Other Grounds Maintenance Workers,0.0
Male,27.0,CLN-Other Grounds Maintenance Workers,0.0
Male,28.0,CLN-Other Grounds Maintenance Workers,0.0
Male,29.0,CLN-Other Grounds Maintenance Workers,0.0
Male,30.0,CLN-Other Grounds Maintenance Workers,0.0
Female,18.0,CLN-Other Grounds Maintenance Workers,0.0
Female,19.0,CLN-Other Grounds Maintenance Workers,0.0
Female,20.0,CLN-Other Grounds Maintenance Workers,0.0
Female,21.0,CLN-Other Grounds Maintenance Workers,0.0
Female,22.0,CLN-Other Grounds Maintenance Workers,0.0
Female,23.0,CLN-Other Grounds Maintenance Workers,0.0
Female,24.0,CLN-Other Grounds Maintenance Workers,0.0
Female,25.0,CLN-Other Grounds Maintenance Workers,0.0
Female,26.0,CLN-Other Grounds Maintenance Workers,0.0
Female,27.0,CLN-Other Grounds Maintenance Workers,0.0
Female,28.0,CLN-Other Grounds Maintenance Workers,0.0
Female,29.0,CLN-Other Grounds Maintenance Workers,0.0
Female,30.0,CLN-Other Grounds Maintenance Workers,0.0
Male,18.0,PRS-Supervisors Of Personal Care And Service Workers,0.0
Male,19.0,PRS-Supervisors Of Personal Care And Service Workers,0.0
Male,20.0,PRS-Supervisors Of Personal Care And Service Workers,0.0
Male,21.0,PRS-Supervisors Of Personal Care And Service Workers,0.0
Male,22.0,PRS-Supervisors Of Personal Care And Service Workers,0.0
Male,23.0,PRS-Supervisors Of Personal Care And Service Workers,0.0
Male,24.0,PRS-Supervisors Of Personal Care And Service Workers,0.0
Male,25.0,PRS-Supervisors Of Personal Care And Service Workers,0.0
Male,26.0,PRS-Supervisors Of Personal Care And Service Workers,0.0
Male,27.0,PRS-Supervisors Of Personal Care And Service Workers,0.0
Male,28.0,PRS-Supervisors Of Personal Care And Service Workers,201.0
Male,29.0,PRS-Supervisors Of Personal Care And Service Workers,201.0
Male,30.0,PRS-Supervisors Of Personal Care And Service Workers,0.0
Female,18.0,PRS-Supervisors Of Personal Care And Service Workers,0.0
Female,19.0,PRS-Supervisors Of Personal Care And Service Workers,0.0
Female,20.0,PRS-Supervisors Of Personal Care And Service Workers,0.0
Female,21.0,PRS-Supervisors Of Personal Care And Service Workers,0.0
Female,22.0,PRS-Supervisors Of Personal Care And Service Workers,0.0
Female,23.0,PRS-Supervisors Of Personal Care And Service Workers,0.0
Female,24.0,PRS-Supervisors Of Personal Care And Service Workers,0.0
Female,25.0,PRS-Supervisors Of Personal Care And Service Workers,0.0
Female,26.0,PRS-Supervisors Of Personal Care And Service Workers,0.0
Female,27.0,PRS-Supervisors Of Personal Care And Service Workers,0.0
Female,28.0,PRS-Supervisors Of Personal Care And Service Workers,0.0
Female,29.0,PRS-Supervisors Of Personal Care And Service Workers,0.0
Female,30.0,PRS-Supervisors Of Personal Care And Service Workers,0.0
Male,18.0,PRS-Animal Trainers,0.0
Male,19.0,PRS-Animal Trainers,0.0
Male,20.0,PRS-Animal Trainers,0.0
Male,21.0,PRS-Animal Trainers,0.0
Male,22.0,PRS-Animal Trainers,0.0
Male,23.0,PRS-Animal Trainers,0.0
Male,24.0,PRS-Animal Trainers,0.0
Male,25.0,PRS-Animal Trainers,0.0
Male,26.0,PRS-Animal Trainers,0.0
Male,27.0,PRS-Animal Trainers,0.0
Male,28.0,PRS-Animal Trainers,0.0
Male,29.0,PRS-Animal Trainers,0.0
Male,30.0,PRS-Animal Trainers,0.0
Female,18.0,PRS-Animal Trainers,0.0
Female,19.0,PRS-Animal Trainers,494.0
Female,20.0,PRS-Animal Trainers,58.0
Female,21.0,PRS-Animal Trainers,0.0
Female,22.0,PRS-Animal Trainers,0.0
Female,23.0,PRS-Animal Trainers,0.0
Female,24.0,PRS-Animal Trainers,0.0
Female,25.0,PRS-Animal Trainers,0.0
Female,26.0,PRS-Animal Trainers,0.0
Female,27.0,PRS-Animal Trainers,79.0
Female,28.0,PRS-Animal Trainers,0.0
Female,29.0,PRS-Animal Trainers,0.0
Female,30.0,PRS-Animal Trainers,33.0
Male,18.0,PRS-Animal Caretakers,0.0
Male,19.0,PRS-Animal Caretakers,0.0
Male,20.0,PRS-Animal Caretakers,0.0
Male,21.0,PRS-Animal Caretakers,0.0
Male,22.0,PRS-Animal Caretakers,151.0
Male,23.0,PRS-Animal Caretakers,0.0
Male,24.0,PRS-Animal Caretakers,99.0
Male,25.0,PRS-Animal Caretakers,0.0
Male,26.0,PRS-Animal Caretakers,0.0
Male,27.0,PRS-Animal Caretakers,0.0
Male,28.0,PRS-Animal Caretakers,0.0
Male,29.0,PRS-Animal Caretakers,0.0
Male,30.0,PRS-Animal Caretakers,0.0
Female,18.0,PRS-Animal Caretakers,0.0
Female,19.0,PRS-Animal Caretakers,32.0
Female,20.0,PRS-Animal Caretakers,596.0
Female,21.0,PRS-Animal Caretakers,639.0
Female,22.0,PRS-Animal Caretakers,185.0
Female,23.0,PRS-Animal Caretakers,0.0
Female,24.0,PRS-Animal Caretakers,0.0
Female,25.0,PRS-Animal Caretakers,140.0
Female,26.0,PRS-Animal Caretakers,0.0
Female,27.0,PRS-Animal Caretakers,0.0
Female,28.0,PRS-Animal Caretakers,0.0
Female,29.0,PRS-Animal Caretakers,373.0
Female,30.0,PRS-Animal Caretakers,0.0
Male,18.0,PRS-Gambling Services Workers,0.0
Male,19.0,PRS-Gambling Services Workers,0.0
Male,20.0,PRS-Gambling Services Workers,0.0
Male,21.0,PRS-Gambling Services Workers,0.0
Male,22.0,PRS-Gambling Services Workers,0.0
Male,23.0,PRS-Gambling Services Workers,0.0
Male,24.0,PRS-Gambling Services Workers,0.0
Male,25.0,PRS-Gambling Services Workers,0.0
Male,26.0,PRS-Gambling Services Workers,0.0
Male,27.0,PRS-Gambling Services Workers,0.0
Male,28.0,PRS-Gambling Services Workers,0.0
Male,29.0,PRS-Gambling Services Workers,0.0
Male,30.0,PRS-Gambling Services Workers,0.0
Female,18.0,PRS-Gambling Services Workers,0.0
Female,19.0,PRS-Gambling Services Workers,0.0
Female,20.0,PRS-Gambling Services Workers,0.0
Female,21.0,PRS-Gambling Services Workers,0.0
Female,22.0,PRS-Gambling Services Workers,0.0
Female,23.0,PRS-Gambling Services Workers,0.0
Female,24.0,PRS-Gambling Services Workers,0.0
Female,25.0,PRS-Gambling Services Workers,0.0
Female,26.0,PRS-Gambling Services Workers,0.0
Female,27.0,PRS-Gambling Services Workers,0.0
Female,28.0,PRS-Gambling Services Workers,0.0
Female,29.0,PRS-Gambling Services Workers,0.0
Female,30.0,PRS-Gambling Services Workers,0.0
Male,18.0,"PRS-Ushers, Lobby Attendants, And Ticket Takers",297.0
Male,19.0,"PRS-Ushers, Lobby Attendants, And Ticket Takers",0.0
Male,20.0,"PRS-Ushers, Lobby Attendants, And Ticket Takers",0.0
Male,21.0,"PRS-Ushers, Lobby Attendants, And Ticket Takers",75.0
Male,22.0,"PRS-Ushers, Lobby Attendants, And Ticket Takers",74.0
Male,23.0,"PRS-Ushers, Lobby Attendants, And Ticket Takers",0.0
Male,24.0,"PRS-Ushers, Lobby Attendants, And Ticket Takers",0.0
Male,25.0,"PRS-Ushers, Lobby Attendants, And Ticket Takers",0.0
Male,26.0,"PRS-Ushers, Lobby Attendants, And Ticket Takers",69.0
Male,27.0,"PRS-Ushers, Lobby Attendants, And Ticket Takers",0.0
Male,28.0,"PRS-Ushers, Lobby Attendants, And Ticket Takers",0.0
Male,29.0,"PRS-Ushers, Lobby Attendants, And Ticket Takers",0.0
Male,30.0,"PRS-Ushers, Lobby Attendants, And Ticket Takers",0.0
Female,18.0,"PRS-Ushers, Lobby Attendants, And Ticket Takers",281.0
Female,19.0,"PRS-Ushers, Lobby Attendants, And Ticket Takers",50.0
Female,20.0,"PRS-Ushers, Lobby Attendants, And Ticket Takers",247.0
Female,21.0,"PRS-Ushers, Lobby Attendants, And Ticket Takers",425.0
Female,22.0,"PRS-Ushers, Lobby Attendants, And Ticket Takers",0.0
Female,23.0,"PRS-Ushers, Lobby Attendants, And Ticket Takers",0.0
Female,24.0,"PRS-Ushers, Lobby Attendants, And Ticket Takers",0.0
Female,25.0,"PRS-Ushers, Lobby Attendants, And Ticket Takers",0.0
Female,26.0,"PRS-Ushers, Lobby Attendants, And Ticket Takers",0.0
Female,27.0,"PRS-Ushers, Lobby Attendants, And Ticket Takers",0.0
Female,28.0,"PRS-Ushers, Lobby Attendants, And Ticket Takers",0.0
Female,29.0,"PRS-Ushers, Lobby Attendants, And Ticket Takers",0.0
Female,30.0,"PRS-Ushers, Lobby Attendants, And Ticket Takers",0.0
Male,18.0,PRS-Other Entertainment Attendants And Related Workers,611.0
Male,19.0,PRS-Other Entertainment Attendants And Related Workers,0.0
Male,20.0,PRS-Other Entertainment Attendants And Related Workers,0.0
Male,21.0,PRS-Other Entertainment Attendants And Related Workers,0.0
Male,22.0,PRS-Other Entertainment Attendants And Related Workers,360.0
Male,23.0,PRS-Other Entertainment Attendants And Related Workers,61.0
Male,24.0,PRS-Other Entertainment Attendants And Related Workers,37.0
Male,25.0,PRS-Other Entertainment Attendants And Related Workers,0.0
Male,26.0,PRS-Other Entertainment Attendants And Related Workers,0.0
Male,27.0,PRS-Other Entertainment Attendants And Related Workers,0.0
Male,28.0,PRS-Other Entertainment Attendants And Related Workers,0.0
Male,29.0,PRS-Other Entertainment Attendants And Related Workers,0.0
Male,30.0,PRS-Other Entertainment Attendants And Related Workers,0.0
Female,18.0,PRS-Other Entertainment Attendants And Related Workers,141.0
Female,19.0,PRS-Other Entertainment Attendants And Related Workers,552.0
Female,20.0,PRS-Other Entertainment Attendants And Related Workers,370.0
Female,21.0,PRS-Other Entertainment Attendants And Related Workers,177.0
Female,22.0,PRS-Other Entertainment Attendants And Related Workers,196.0
Female,23.0,PRS-Other Entertainment Attendants And Related Workers,670.0
Female,24.0,PRS-Other Entertainment Attendants And Related Workers,0.0
Female,25.0,PRS-Other Entertainment Attendants And Related Workers,0.0
Female,26.0,PRS-Other Entertainment Attendants And Related Workers,0.0
Female,27.0,PRS-Other Entertainment Attendants And Related Workers,0.0
Female,28.0,PRS-Other Entertainment Attendants And Related Workers,0.0
Female,29.0,PRS-Other Entertainment Attendants And Related Workers,0.0
Female,30.0,PRS-Other Entertainment Attendants And Related Workers,0.0
Male,18.0,"PRS-Embalmers, Crematory Operators And Funeral Attendants",0.0
Male,19.0,"PRS-Embalmers, Crematory Operators And Funeral Attendants",0.0
Male,20.0,"PRS-Embalmers, Crematory Operators And Funeral Attendants",0.0
Male,21.0,"PRS-Embalmers, Crematory Operators And Funeral Attendants",0.0
Male,22.0,"PRS-Embalmers, Crematory Operators And Funeral Attendants",0.0
Male,23.0,"PRS-Embalmers, Crematory Operators And Funeral Attendants",0.0
Male,24.0,"PRS-Embalmers, Crematory Operators And Funeral Attendants",0.0
Male,25.0,"PRS-Embalmers, Crematory Operators And Funeral Attendants",0.0
Male,26.0,"PRS-Embalmers, Crematory Operators And Funeral Attendants",0.0
Male,27.0,"PRS-Embalmers, Crematory Operators And Funeral Attendants",0.0
Male,28.0,"PRS-Embalmers, Crematory Operators And Funeral Attendants",0.0
Male,29.0,"PRS-Embalmers, Crematory Operators And Funeral Attendants",0.0
Male,30.0,"PRS-Embalmers, Crematory Operators And Funeral Attendants",0.0
Female,18.0,"PRS-Embalmers, Crematory Operators And Funeral Attendants",0.0
Female,19.0,"PRS-Embalmers, Crematory Operators And Funeral Attendants",0.0
Female,20.0,"PRS-Embalmers, Crematory Operators And Funeral Attendants",0.0
Female,21.0,"PRS-Embalmers, Crematory Operators And Funeral Attendants",0.0
Female,22.0,"PRS-Embalmers, Crematory Operators And Funeral Attendants",0.0
Female,23.0,"PRS-Embalmers, Crematory Operators And Funeral Attendants",0.0
Female,24.0,"PRS-Embalmers, Crematory Operators And Funeral Attendants",0.0
Female,25.0,"PRS-Embalmers, Crematory Operators And Funeral Attendants",0.0
Female,26.0,"PRS-Embalmers, Crematory Operators And Funeral Attendants",0.0
Female,27.0,"PRS-Embalmers, Crematory Operators And Funeral Attendants",0.0
Female,28.0,"PRS-Embalmers, Crematory Operators And Funeral Attendants",0.0
Female,29.0,"PRS-Embalmers, Crematory Operators And Funeral Attendants",0.0
Female,30.0,"PRS-Embalmers, Crematory Operators And Funeral Attendants",0.0
Male,18.0,"PRS-Morticians, Undertakers, And Funeral Arrangers",0.0
Male,19.0,"PRS-Morticians, Undertakers, And Funeral Arrangers",0.0
Male,20.0,"PRS-Morticians, Undertakers, And Funeral Arrangers",0.0
Male,21.0,"PRS-Morticians, Undertakers, And Funeral Arrangers",0.0
Male,22.0,"PRS-Morticians, Undertakers, And Funeral Arrangers",0.0
Male,23.0,"PRS-Morticians, Undertakers, And Funeral Arrangers",0.0
Male,24.0,"PRS-Morticians, Undertakers, And Funeral Arrangers",0.0
Male,25.0,"PRS-Morticians, Undertakers, And Funeral Arrangers",0.0
Male,26.0,"PRS-Morticians, Undertakers, And Funeral Arrangers",0.0
Male,27.0,"PRS-Morticians, Undertakers, And Funeral Arrangers",0.0
Male,28.0,"PRS-Morticians, Undertakers, And Funeral Arrangers",0.0
Male,29.0,"PRS-Morticians, Undertakers, And Funeral Arrangers",0.0
Male,30.0,"PRS-Morticians, Undertakers, And Funeral Arrangers",0.0
Female,18.0,"PRS-Morticians, Undertakers, And Funeral Arrangers",0.0
Female,19.0,"PRS-Morticians, Undertakers, And Funeral Arrangers",0.0
Female,20.0,"PRS-Morticians, Undertakers, And Funeral Arrangers",0.0
Female,21.0,"PRS-Morticians, Undertakers, And Funeral Arrangers",0.0
Female,22.0,"PRS-Morticians, Undertakers, And Funeral Arrangers",0.0
Female,23.0,"PRS-Morticians, Undertakers, And Funeral Arrangers",0.0
Female,24.0,"PRS-Morticians, Undertakers, And Funeral Arrangers",0.0
Female,25.0,"PRS-Morticians, Undertakers, And Funeral Arrangers",0.0
Female,26.0,"PRS-Morticians, Undertakers, And Funeral Arrangers",0.0
Female,27.0,"PRS-Morticians, Undertakers, And Funeral Arrangers",0.0
Female,28.0,"PRS-Morticians, Undertakers, And Funeral Arrangers",0.0
Female,29.0,"PRS-Morticians, Undertakers, And Funeral Arrangers",0.0
Female,30.0,"PRS-Morticians, Undertakers, And Funeral Arrangers",0.0
Male,18.0,PRS-Barbers,0.0
Male,19.0,PRS-Barbers,0.0
Male,20.0,PRS-Barbers,0.0
Male,21.0,PRS-Barbers,0.0
Male,22.0,PRS-Barbers,308.0
Male,23.0,PRS-Barbers,0.0
Male,24.0,PRS-Barbers,0.0
Male,25.0,PRS-Barbers,0.0
Male,26.0,PRS-Barbers,403.0
Male,27.0,PRS-Barbers,0.0
Male,28.0,PRS-Barbers,0.0
Male,29.0,PRS-Barbers,0.0
Male,30.0,PRS-Barbers,0.0
Female,18.0,PRS-Barbers,0.0
Female,19.0,PRS-Barbers,0.0
Female,20.0,PRS-Barbers,0.0
Female,21.0,PRS-Barbers,0.0
Female,22.0,PRS-Barbers,0.0
Female,23.0,PRS-Barbers,0.0
Female,24.0,PRS-Barbers,0.0
Female,25.0,PRS-Barbers,0.0
Female,26.0,PRS-Barbers,0.0
Female,27.0,PRS-Barbers,0.0
Female,28.0,PRS-Barbers,0.0
Female,29.0,PRS-Barbers,0.0
Female,30.0,PRS-Barbers,0.0
Male,18.0,"PRS-Hairdressers, Hairstylists, And Cosmetologists",73.0
Male,19.0,"PRS-Hairdressers, Hairstylists, And Cosmetologists",0.0
Male,20.0,"PRS-Hairdressers, Hairstylists, And Cosmetologists",0.0
Male,21.0,"PRS-Hairdressers, Hairstylists, And Cosmetologists",0.0
Male,22.0,"PRS-Hairdressers, Hairstylists, And Cosmetologists",0.0
Male,23.0,"PRS-Hairdressers, Hairstylists, And Cosmetologists",0.0
Male,24.0,"PRS-Hairdressers, Hairstylists, And Cosmetologists",0.0
Male,25.0,"PRS-Hairdressers, Hairstylists, And Cosmetologists",0.0
Male,26.0,"PRS-Hairdressers, Hairstylists, And Cosmetologists",0.0
Male,27.0,"PRS-Hairdressers, Hairstylists, And Cosmetologists",62.0
Male,28.0,"PRS-Hairdressers, Hairstylists, And Cosmetologists",0.0
Male,29.0,"PRS-Hairdressers, Hairstylists, And Cosmetologists",0.0
Male,30.0,"PRS-Hairdressers, Hairstylists, And Cosmetologists",0.0
Female,18.0,"PRS-Hairdressers, Hairstylists, And Cosmetologists",0.0
Female,19.0,"PRS-Hairdressers, Hairstylists, And Cosmetologists",230.0
Female,20.0,"PRS-Hairdressers, Hairstylists, And Cosmetologists",57.0
Female,21.0,"PRS-Hairdressers, Hairstylists, And Cosmetologists",0.0
Female,22.0,"PRS-Hairdressers, Hairstylists, And Cosmetologists",0.0
Female,23.0,"PRS-Hairdressers, Hairstylists, And Cosmetologists",0.0
Female,24.0,"PRS-Hairdressers, Hairstylists, And Cosmetologists",170.0
Female,25.0,"PRS-Hairdressers, Hairstylists, And Cosmetologists",284.0
Female,26.0,"PRS-Hairdressers, Hairstylists, And Cosmetologists",398.0
Female,27.0,"PRS-Hairdressers, Hairstylists, And Cosmetologists",623.0
Female,28.0,"PRS-Hairdressers, Hairstylists, And Cosmetologists",52.0
Female,29.0,"PRS-Hairdressers, Hairstylists, And Cosmetologists",606.0
Female,30.0,"PRS-Hairdressers, Hairstylists, And Cosmetologists",294.0
Male,18.0,PRS-Manicurists And Pedicurists,0.0
Male,19.0,PRS-Manicurists And Pedicurists,0.0
Male,20.0,PRS-Manicurists And Pedicurists,0.0
Male,21.0,PRS-Manicurists And Pedicurists,0.0
Male,22.0,PRS-Manicurists And Pedicurists,0.0
Male,23.0,PRS-Manicurists And Pedicurists,0.0
Male,24.0,PRS-Manicurists And Pedicurists,0.0
Male,25.0,PRS-Manicurists And Pedicurists,0.0
Male,26.0,PRS-Manicurists And Pedicurists,0.0
Male,27.0,PRS-Manicurists And Pedicurists,0.0
Male,28.0,PRS-Manicurists And Pedicurists,0.0
Male,29.0,PRS-Manicurists And Pedicurists,0.0
Male,30.0,PRS-Manicurists And Pedicurists,0.0
Female,18.0,PRS-Manicurists And Pedicurists,0.0
Female,19.0,PRS-Manicurists And Pedicurists,0.0
Female,20.0,PRS-Manicurists And Pedicurists,0.0
Female,21.0,PRS-Manicurists And Pedicurists,0.0
Female,22.0,PRS-Manicurists And Pedicurists,0.0
Female,23.0,PRS-Manicurists And Pedicurists,0.0
Female,24.0,PRS-Manicurists And Pedicurists,0.0
Female,25.0,PRS-Manicurists And Pedicurists,0.0
Female,26.0,PRS-Manicurists And Pedicurists,0.0
Female,27.0,PRS-Manicurists And Pedicurists,0.0
Female,28.0,PRS-Manicurists And Pedicurists,72.0
Female,29.0,PRS-Manicurists And Pedicurists,0.0
Female,30.0,PRS-Manicurists And Pedicurists,0.0
Male,18.0,PRS-Skincare Specialists,0.0
Male,19.0,PRS-Skincare Specialists,0.0
Male,20.0,PRS-Skincare Specialists,0.0
Male,21.0,PRS-Skincare Specialists,0.0
Male,22.0,PRS-Skincare Specialists,0.0
Male,23.0,PRS-Skincare Specialists,0.0
Male,24.0,PRS-Skincare Specialists,0.0
Male,25.0,PRS-Skincare Specialists,0.0
Male,26.0,PRS-Skincare Specialists,0.0
Male,27.0,PRS-Skincare Specialists,0.0
Male,28.0,PRS-Skincare Specialists,0.0
Male,29.0,PRS-Skincare Specialists,0.0
Male,30.0,PRS-Skincare Specialists,0.0
Female,18.0,PRS-Skincare Specialists,0.0
Female,19.0,PRS-Skincare Specialists,0.0
Female,20.0,PRS-Skincare Specialists,0.0
Female,21.0,PRS-Skincare Specialists,0.0
Female,22.0,PRS-Skincare Specialists,0.0
Female,23.0,PRS-Skincare Specialists,0.0
Female,24.0,PRS-Skincare Specialists,0.0
Female,25.0,PRS-Skincare Specialists,73.0
Female,26.0,PRS-Skincare Specialists,0.0
Female,27.0,PRS-Skincare Specialists,0.0
Female,28.0,PRS-Skincare Specialists,0.0
Female,29.0,PRS-Skincare Specialists,0.0
Female,30.0,PRS-Skincare Specialists,199.0
Male,18.0,PRS-Other Personal Appearance Workers,0.0
Male,19.0,PRS-Other Personal Appearance Workers,0.0
Male,20.0,PRS-Other Personal Appearance Workers,0.0
Male,21.0,PRS-Other Personal Appearance Workers,0.0
Male,22.0,PRS-Other Personal Appearance Workers,0.0
Male,23.0,PRS-Other Personal Appearance Workers,0.0
Male,24.0,PRS-Other Personal Appearance Workers,0.0
Male,25.0,PRS-Other Personal Appearance Workers,0.0
Male,26.0,PRS-Other Personal Appearance Workers,0.0
Male,27.0,PRS-Other Personal Appearance Workers,0.0
Male,28.0,PRS-Other Personal Appearance Workers,0.0
Male,29.0,PRS-Other Personal Appearance Workers,0.0
Male,30.0,PRS-Other Personal Appearance Workers,0.0
Female,18.0,PRS-Other Personal Appearance Workers,0.0
Female,19.0,PRS-Other Personal Appearance Workers,0.0
Female,20.0,PRS-Other Personal Appearance Workers,0.0
Female,21.0,PRS-Other Personal Appearance Workers,0.0
Female,22.0,PRS-Other Personal Appearance Workers,0.0
Female,23.0,PRS-Other Personal Appearance Workers,0.0
Female,24.0,PRS-Other Personal Appearance Workers,0.0
Female,25.0,PRS-Other Personal Appearance Workers,0.0
Female,26.0,PRS-Other Personal Appearance Workers,0.0
Female,27.0,PRS-Other Personal Appearance Workers,0.0
Female,28.0,PRS-Other Personal Appearance Workers,0.0
Female,29.0,PRS-Other Personal Appearance Workers,81.0
Female,30.0,PRS-Other Personal Appearance Workers,0.0
Male,18.0,"PRS-Baggage Porters, Bellhops, And Concierges",0.0
Male,19.0,"PRS-Baggage Porters, Bellhops, And Concierges",0.0
Male,20.0,"PRS-Baggage Porters, Bellhops, And Concierges",0.0
Male,21.0,"PRS-Baggage Porters, Bellhops, And Concierges",155.0
Male,22.0,"PRS-Baggage Porters, Bellhops, And Concierges",0.0
Male,23.0,"PRS-Baggage Porters, Bellhops, And Concierges",0.0
Male,24.0,"PRS-Baggage Porters, Bellhops, And Concierges",152.0
Male,25.0,"PRS-Baggage Porters, Bellhops, And Concierges",0.0
Male,26.0,"PRS-Baggage Porters, Bellhops, And Concierges",0.0
Male,27.0,"PRS-Baggage Porters, Bellhops, And Concierges",0.0
Male,28.0,"PRS-Baggage Porters, Bellhops, And Concierges",0.0
Male,29.0,"PRS-Baggage Porters, Bellhops, And Concierges",0.0
Male,30.0,"PRS-Baggage Porters, Bellhops, And Concierges",0.0
Female,18.0,"PRS-Baggage Porters, Bellhops, And Concierges",0.0
Female,19.0,"PRS-Baggage Porters, Bellhops, And Concierges",0.0
Female,20.0,"PRS-Baggage Porters, Bellhops, And Concierges",0.0
Female,21.0,"PRS-Baggage Porters, Bellhops, And Concierges",0.0
Female,22.0,"PRS-Baggage Porters, Bellhops, And Concierges",0.0
Female,23.0,"PRS-Baggage Porters, Bellhops, And Concierges",0.0
Female,24.0,"PRS-Baggage Porters, Bellhops, And Concierges",0.0
Female,25.0,"PRS-Baggage Porters, Bellhops, And Concierges",0.0
Female,26.0,"PRS-Baggage Porters, Bellhops, And Concierges",0.0
Female,27.0,"PRS-Baggage Porters, Bellhops, And Concierges",0.0
Female,28.0,"PRS-Baggage Porters, Bellhops, And Concierges",0.0
Female,29.0,"PRS-Baggage Porters, Bellhops, And Concierges",0.0
Female,30.0,"PRS-Baggage Porters, Bellhops, And Concierges",0.0
Male,18.0,PRS-Tour And Travel Guides,28.0
Male,19.0,PRS-Tour And Travel Guides,0.0
Male,20.0,PRS-Tour And Travel Guides,0.0
Male,21.0,PRS-Tour And Travel Guides,0.0
Male,22.0,PRS-Tour And Travel Guides,0.0
Male,23.0,PRS-Tour And Travel Guides,0.0
Male,24.0,PRS-Tour And Travel Guides,0.0
Male,25.0,PRS-Tour And Travel Guides,0.0
Male,26.0,PRS-Tour And Travel Guides,0.0
Male,27.0,PRS-Tour And Travel Guides,0.0
Male,28.0,PRS-Tour And Travel Guides,0.0
Male,29.0,PRS-Tour And Travel Guides,0.0
Male,30.0,PRS-Tour And Travel Guides,0.0
Female,18.0,PRS-Tour And Travel Guides,0.0
Female,19.0,PRS-Tour And Travel Guides,0.0
Female,20.0,PRS-Tour And Travel Guides,0.0
Female,21.0,PRS-Tour And Travel Guides,0.0
Female,22.0,PRS-Tour And Travel Guides,0.0
Female,23.0,PRS-Tour And Travel Guides,0.0
Female,24.0,PRS-Tour And Travel Guides,0.0
Female,25.0,PRS-Tour And Travel Guides,0.0
Female,26.0,PRS-Tour And Travel Guides,0.0
Female,27.0,PRS-Tour And Travel Guides,0.0
Female,28.0,PRS-Tour And Travel Guides,0.0
Female,29.0,PRS-Tour And Travel Guides,0.0
Female,30.0,PRS-Tour And Travel Guides,0.0
Male,18.0,PRS-Childcare Workers,0.0
Male,19.0,PRS-Childcare Workers,61.0
Male,20.0,PRS-Childcare Workers,0.0
Male,21.0,PRS-Childcare Workers,0.0
Male,22.0,PRS-Childcare Workers,202.0
Male,23.0,PRS-Childcare Workers,0.0
Male,24.0,PRS-Childcare Workers,430.0
Male,25.0,PRS-Childcare Workers,388.0
Male,26.0,PRS-Childcare Workers,0.0
Male,27.0,PRS-Childcare Workers,0.0
Male,28.0,PRS-Childcare Workers,0.0
Male,29.0,PRS-Childcare Workers,0.0
Male,30.0,PRS-Childcare Workers,0.0
Female,18.0,PRS-Childcare Workers,1875.0
Female,19.0,PRS-Childcare Workers,1697.0
Female,20.0,PRS-Childcare Workers,512.0
Female,21.0,PRS-Childcare Workers,332.0
Female,22.0,PRS-Childcare Workers,713.0
Female,23.0,PRS-Childcare Workers,857.0
Female,24.0,PRS-Childcare Workers,602.0
Female,25.0,PRS-Childcare Workers,389.0
Female,26.0,PRS-Childcare Workers,99.0
Female,27.0,PRS-Childcare Workers,68.0
Female,28.0,PRS-Childcare Workers,198.0
Female,29.0,PRS-Childcare Workers,167.0
Female,30.0,PRS-Childcare Workers,162.0
Male,18.0,PRS-Exercise Trainers And Group Fitness Instructors,0.0
Male,19.0,PRS-Exercise Trainers And Group Fitness Instructors,482.0
Male,20.0,PRS-Exercise Trainers And Group Fitness Instructors,0.0
Male,21.0,PRS-Exercise Trainers And Group Fitness Instructors,0.0
Male,22.0,PRS-Exercise Trainers And Group Fitness Instructors,0.0
Male,23.0,PRS-Exercise Trainers And Group Fitness Instructors,0.0
Male,24.0,PRS-Exercise Trainers And Group Fitness Instructors,0.0
Male,25.0,PRS-Exercise Trainers And Group Fitness Instructors,273.0
Male,26.0,PRS-Exercise Trainers And Group Fitness Instructors,0.0
Male,27.0,PRS-Exercise Trainers And Group Fitness Instructors,46.0
Male,28.0,PRS-Exercise Trainers And Group Fitness Instructors,70.0
Male,29.0,PRS-Exercise Trainers And Group Fitness Instructors,196.0
Male,30.0,PRS-Exercise Trainers And Group Fitness Instructors,129.0
Female,18.0,PRS-Exercise Trainers And Group Fitness Instructors,0.0
Female,19.0,PRS-Exercise Trainers And Group Fitness Instructors,0.0
Female,20.0,PRS-Exercise Trainers And Group Fitness Instructors,0.0
Female,21.0,PRS-Exercise Trainers And Group Fitness Instructors,0.0
Female,22.0,PRS-Exercise Trainers And Group Fitness Instructors,183.0
Female,23.0,PRS-Exercise Trainers And Group Fitness Instructors,253.0
Female,24.0,PRS-Exercise Trainers And Group Fitness Instructors,0.0
Female,25.0,PRS-Exercise Trainers And Group Fitness Instructors,0.0
Female,26.0,PRS-Exercise Trainers And Group Fitness Instructors,0.0
Female,27.0,PRS-Exercise Trainers And Group Fitness Instructors,91.0
Female,28.0,PRS-Exercise Trainers And Group Fitness Instructors,0.0
Female,29.0,PRS-Exercise Trainers And Group Fitness Instructors,0.0
Female,30.0,PRS-Exercise Trainers And Group Fitness Instructors,0.0
Male,18.0,PRS-Recreation Workers,639.0
Male,19.0,PRS-Recreation Workers,364.0
Male,20.0,PRS-Recreation Workers,917.0
Male,21.0,PRS-Recreation Workers,1058.0
Male,22.0,PRS-Recreation Workers,105.0
Male,23.0,PRS-Recreation Workers,0.0
Male,24.0,PRS-Recreation Workers,0.0
Male,25.0,PRS-Recreation Workers,141.0
Male,26.0,PRS-Recreation Workers,0.0
Male,27.0,PRS-Recreation Workers,0.0
Male,28.0,PRS-Recreation Workers,0.0
Male,29.0,PRS-Recreation Workers,0.0
Male,30.0,PRS-Recreation Workers,46.0
Female,18.0,PRS-Recreation Workers,722.0
Female,19.0,PRS-Recreation Workers,986.0
Female,20.0,PRS-Recreation Workers,211.0
Female,21.0,PRS-Recreation Workers,0.0
Female,22.0,PRS-Recreation Workers,127.0
Female,23.0,PRS-Recreation Workers,0.0
Female,24.0,PRS-Recreation Workers,0.0
Female,25.0,PRS-Recreation Workers,0.0
Female,26.0,PRS-Recreation Workers,0.0
Female,27.0,PRS-Recreation Workers,0.0
Female,28.0,PRS-Recreation Workers,77.0
Female,29.0,PRS-Recreation Workers,0.0
Female,30.0,PRS-Recreation Workers,0.0
Male,18.0,PRS-Residential Advisors,0.0
Male,19.0,PRS-Residential Advisors,0.0
Male,20.0,PRS-Residential Advisors,343.0
Male,21.0,PRS-Residential Advisors,160.0
Male,22.0,PRS-Residential Advisors,43.0
Male,23.0,PRS-Residential Advisors,258.0
Male,24.0,PRS-Residential Advisors,0.0
Male,25.0,PRS-Residential Advisors,0.0
Male,26.0,PRS-Residential Advisors,0.0
Male,27.0,PRS-Residential Advisors,0.0
Male,28.0,PRS-Residential Advisors,0.0
Male,29.0,PRS-Residential Advisors,0.0
Male,30.0,PRS-Residential Advisors,0.0
Female,18.0,PRS-Residential Advisors,0.0
Female,19.0,PRS-Residential Advisors,0.0
Female,20.0,PRS-Residential Advisors,231.0
Female,21.0,PRS-Residential Advisors,0.0
Female,22.0,PRS-Residential Advisors,122.0
Female,23.0,PRS-Residential Advisors,0.0
Female,24.0,PRS-Residential Advisors,0.0
Female,25.0,PRS-Residential Advisors,0.0
Female,26.0,PRS-Residential Advisors,0.0
Female,27.0,PRS-Residential Advisors,0.0
Female,28.0,PRS-Residential Advisors,0.0
Female,29.0,PRS-Residential Advisors,0.0
Female,30.0,PRS-Residential Advisors,0.0
Male,18.0,"PRS-Personal Care and Service Workers, All Other",0.0
Male,19.0,"PRS-Personal Care and Service Workers, All Other",0.0
Male,20.0,"PRS-Personal Care and Service Workers, All Other",0.0
Male,21.0,"PRS-Personal Care and Service Workers, All Other",0.0
Male,22.0,"PRS-Personal Care and Service Workers, All Other",0.0
Male,23.0,"PRS-Personal Care and Service Workers, All Other",0.0
Male,24.0,"PRS-Personal Care and Service Workers, All Other",0.0
Male,25.0,"PRS-Personal Care and Service Workers, All Other",61.0
Male,26.0,"PRS-Personal Care and Service Workers, All Other",0.0
Male,27.0,"PRS-Personal Care and Service Workers, All Other",0.0
Male,28.0,"PRS-Personal Care and Service Workers, All Other",0.0
Male,29.0,"PRS-Personal Care and Service Workers, All Other",0.0
Male,30.0,"PRS-Personal Care and Service Workers, All Other",0.0
Female,18.0,"PRS-Personal Care and Service Workers, All Other",0.0
Female,19.0,"PRS-Personal Care and Service Workers, All Other",0.0
Female,20.0,"PRS-Personal Care and Service Workers, All Other",0.0
Female,21.0,"PRS-Personal Care and Service Workers, All Other",352.0
Female,22.0,"PRS-Personal Care and Service Workers, All Other",0.0
Female,23.0,"PRS-Personal Care and Service Workers, All Other",0.0
Female,24.0,"PRS-Personal Care and Service Workers, All Other",0.0
Female,25.0,"PRS-Personal Care and Service Workers, All Other",0.0
Female,26.0,"PRS-Personal Care and Service Workers, All Other",284.0
Female,27.0,"PRS-Personal Care and Service Workers, All Other",0.0
Female,28.0,"PRS-Personal Care and Service Workers, All Other",175.0
Female,29.0,"PRS-Personal Care and Service Workers, All Other",74.0
Female,30.0,"PRS-Personal Care and Service Workers, All Other",132.0
Male,18.0,SAL-First-Line Supervisors Of Retail Sales Workers,253.0
Male,19.0,SAL-First-Line Supervisors Of Retail Sales Workers,0.0
Male,20.0,SAL-First-Line Supervisors Of Retail Sales Workers,41.0
Male,21.0,SAL-First-Line Supervisors Of Retail Sales Workers,0.0
Male,22.0,SAL-First-Line Supervisors Of Retail Sales Workers,32.0
Male,23.0,SAL-First-Line Supervisors Of Retail Sales Workers,378.0
Male,24.0,SAL-First-Line Supervisors Of Retail Sales Workers,103.0
Male,25.0,SAL-First-Line Supervisors Of Retail Sales Workers,352.0
Male,26.0,SAL-First-Line Supervisors Of Retail Sales Workers,236.0
Male,27.0,SAL-First-Line Supervisors Of Retail Sales Workers,371.0
Male,28.0,SAL-First-Line Supervisors Of Retail Sales Workers,651.0
Male,29.0,SAL-First-Line Supervisors Of Retail Sales Workers,385.0
Male,30.0,SAL-First-Line Supervisors Of Retail Sales Workers,731.0
Female,18.0,SAL-First-Line Supervisors Of Retail Sales Workers,197.0
Female,19.0,SAL-First-Line Supervisors Of Retail Sales Workers,90.0
Female,20.0,SAL-First-Line Supervisors Of Retail Sales Workers,390.0
Female,21.0,SAL-First-Line Supervisors Of Retail Sales Workers,337.0
Female,22.0,SAL-First-Line Supervisors Of Retail Sales Workers,523.0
Female,23.0,SAL-First-Line Supervisors Of Retail Sales Workers,314.0
Female,24.0,SAL-First-Line Supervisors Of Retail Sales Workers,56.0
Female,25.0,SAL-First-Line Supervisors Of Retail Sales Workers,173.0
Female,26.0,SAL-First-Line Supervisors Of Retail Sales Workers,298.0
Female,27.0,SAL-First-Line Supervisors Of Retail Sales Workers,716.0
Female,28.0,SAL-First-Line Supervisors Of Retail Sales Workers,167.0
Female,29.0,SAL-First-Line Supervisors Of Retail Sales Workers,146.0
Female,30.0,SAL-First-Line Supervisors Of Retail Sales Workers,1156.0
Male,18.0,SAL-First-Line Supervisors Of Non-Retail Sales Workers,0.0
Male,19.0,SAL-First-Line Supervisors Of Non-Retail Sales Workers,0.0
Male,20.0,SAL-First-Line Supervisors Of Non-Retail Sales Workers,0.0
Male,21.0,SAL-First-Line Supervisors Of Non-Retail Sales Workers,51.0
Male,22.0,SAL-First-Line Supervisors Of Non-Retail Sales Workers,101.0
Male,23.0,SAL-First-Line Supervisors Of Non-Retail Sales Workers,104.0
Male,24.0,SAL-First-Line Supervisors Of Non-Retail Sales Workers,92.0
Male,25.0,SAL-First-Line Supervisors Of Non-Retail Sales Workers,0.0
Male,26.0,SAL-First-Line Supervisors Of Non-Retail Sales Workers,72.0
Male,27.0,SAL-First-Line Supervisors Of Non-Retail Sales Workers,0.0
Male,28.0,SAL-First-Line Supervisors Of Non-Retail Sales Workers,0.0
Male,29.0,SAL-First-Line Supervisors Of Non-Retail Sales Workers,0.0
Male,30.0,SAL-First-Line Supervisors Of Non-Retail Sales Workers,271.0
Female,18.0,SAL-First-Line Supervisors Of Non-Retail Sales Workers,0.0
Female,19.0,SAL-First-Line Supervisors Of Non-Retail Sales Workers,0.0
Female,20.0,SAL-First-Line Supervisors Of Non-Retail Sales Workers,0.0
Female,21.0,SAL-First-Line Supervisors Of Non-Retail Sales Workers,0.0
Female,22.0,SAL-First-Line Supervisors Of Non-Retail Sales Workers,213.0
Female,23.0,SAL-First-Line Supervisors Of Non-Retail Sales Workers,0.0
Female,24.0,SAL-First-Line Supervisors Of Non-Retail Sales Workers,0.0
Female,25.0,SAL-First-Line Supervisors Of Non-Retail Sales Workers,0.0
Female,26.0,SAL-First-Line Supervisors Of Non-Retail Sales Workers,0.0
Female,27.0,SAL-First-Line Supervisors Of Non-Retail Sales Workers,0.0
Female,28.0,SAL-First-Line Supervisors Of Non-Retail Sales Workers,176.0
Female,29.0,SAL-First-Line Supervisors Of Non-Retail Sales Workers,222.0
Female,30.0,SAL-First-Line Supervisors Of Non-Retail Sales Workers,168.0
Male,18.0,SAL-Cashiers,2562.0
Male,19.0,SAL-Cashiers,2348.0
Male,20.0,SAL-Cashiers,1324.0
Male,21.0,SAL-Cashiers,916.0
Male,22.0,SAL-Cashiers,192.0
Male,23.0,SAL-Cashiers,336.0
Male,24.0,SAL-Cashiers,404.0
Male,25.0,SAL-Cashiers,0.0
Male,26.0,SAL-Cashiers,358.0
Male,27.0,SAL-Cashiers,280.0
Male,28.0,SAL-Cashiers,236.0
Male,29.0,SAL-Cashiers,161.0
Male,30.0,SAL-Cashiers,877.0
Female,18.0,SAL-Cashiers,3604.0
Female,19.0,SAL-Cashiers,4071.0
Female,20.0,SAL-Cashiers,1110.0
Female,21.0,SAL-Cashiers,1851.0
Female,22.0,SAL-Cashiers,1631.0
Female,23.0,SAL-Cashiers,1440.0
Female,24.0,SAL-Cashiers,1064.0
Female,25.0,SAL-Cashiers,539.0
Female,26.0,SAL-Cashiers,115.0
Female,27.0,SAL-Cashiers,615.0
Female,28.0,SAL-Cashiers,234.0
Female,29.0,SAL-Cashiers,933.0
Female,30.0,SAL-Cashiers,61.0
Male,18.0,SAL-Counter And Rental Clerks,0.0
Male,19.0,SAL-Counter And Rental Clerks,316.0
Male,20.0,SAL-Counter And Rental Clerks,0.0
Male,21.0,SAL-Counter And Rental Clerks,0.0
Male,22.0,SAL-Counter And Rental Clerks,0.0
Male,23.0,SAL-Counter And Rental Clerks,0.0
Male,24.0,SAL-Counter And Rental Clerks,0.0
Male,25.0,SAL-Counter And Rental Clerks,0.0
Male,26.0,SAL-Counter And Rental Clerks,0.0
Male,27.0,SAL-Counter And Rental Clerks,119.0
Male,28.0,SAL-Counter And Rental Clerks,0.0
Male,29.0,SAL-Counter And Rental Clerks,0.0
Male,30.0,SAL-Counter And Rental Clerks,0.0
Female,18.0,SAL-Counter And Rental Clerks,0.0
Female,19.0,SAL-Counter And Rental Clerks,0.0
Female,20.0,SAL-Counter And Rental Clerks,0.0
Female,21.0,SAL-Counter And Rental Clerks,0.0
Female,22.0,SAL-Counter And Rental Clerks,0.0
Female,23.0,SAL-Counter And Rental Clerks,0.0
Female,24.0,SAL-Counter And Rental Clerks,101.0
Female,25.0,SAL-Counter And Rental Clerks,0.0
Female,26.0,SAL-Counter And Rental Clerks,0.0
Female,27.0,SAL-Counter And Rental Clerks,0.0
Female,28.0,SAL-Counter And Rental Clerks,0.0
Female,29.0,SAL-Counter And Rental Clerks,0.0
Female,30.0,SAL-Counter And Rental Clerks,0.0
Male,18.0,SAL-Parts Salespersons,0.0
Male,19.0,SAL-Parts Salespersons,0.0
Male,20.0,SAL-Parts Salespersons,0.0
Male,21.0,SAL-Parts Salespersons,0.0
Male,22.0,SAL-Parts Salespersons,0.0
Male,23.0,SAL-Parts Salespersons,0.0
Male,24.0,SAL-Parts Salespersons,0.0
Male,25.0,SAL-Parts Salespersons,0.0
Male,26.0,SAL-Parts Salespersons,0.0
Male,27.0,SAL-Parts Salespersons,133.0
Male,28.0,SAL-Parts Salespersons,162.0
Male,29.0,SAL-Parts Salespersons,0.0
Male,30.0,SAL-Parts Salespersons,0.0
Female,18.0,SAL-Parts Salespersons,0.0
Female,19.0,SAL-Parts Salespersons,0.0
Female,20.0,SAL-Parts Salespersons,0.0
Female,21.0,SAL-Parts Salespersons,0.0
Female,22.0,SAL-Parts Salespersons,0.0
Female,23.0,SAL-Parts Salespersons,0.0
Female,24.0,SAL-Parts Salespersons,0.0
Female,25.0,SAL-Parts Salespersons,0.0
Female,26.0,SAL-Parts Salespersons,0.0
Female,27.0,SAL-Parts Salespersons,0.0
Female,28.0,SAL-Parts Salespersons,0.0
Female,29.0,SAL-Parts Salespersons,0.0
Female,30.0,SAL-Parts Salespersons,0.0
Male,18.0,SAL-Retail Salespersons,500.0
Male,19.0,SAL-Retail Salespersons,724.0
Male,20.0,SAL-Retail Salespersons,734.0
Male,21.0,SAL-Retail Salespersons,1544.0
Male,22.0,SAL-Retail Salespersons,1704.0
Male,23.0,SAL-Retail Salespersons,1475.0
Male,24.0,SAL-Retail Salespersons,426.0
Male,25.0,SAL-Retail Salespersons,1060.0
Male,26.0,SAL-Retail Salespersons,685.0
Male,27.0,SAL-Retail Salespersons,429.0
Male,28.0,SAL-Retail Salespersons,298.0
Male,29.0,SAL-Retail Salespersons,509.0
Male,30.0,SAL-Retail Salespersons,817.0
Female,18.0,SAL-Retail Salespersons,870.0
Female,19.0,SAL-Retail Salespersons,1236.0
Female,20.0,SAL-Retail Salespersons,668.0
Female,21.0,SAL-Retail Salespersons,962.0
Female,22.0,SAL-Retail Salespersons,731.0
Female,23.0,SAL-Retail Salespersons,1220.0
Female,24.0,SAL-Retail Salespersons,656.0
Female,25.0,SAL-Retail Salespersons,286.0
Female,26.0,SAL-Retail Salespersons,507.0
Female,27.0,SAL-Retail Salespersons,638.0
Female,28.0,SAL-Retail Salespersons,360.0
Female,29.0,SAL-Retail Salespersons,126.0
Female,30.0,SAL-Retail Salespersons,193.0
Male,18.0,SAL-Advertising Sales Agents,0.0
Male,19.0,SAL-Advertising Sales Agents,0.0
Male,20.0,SAL-Advertising Sales Agents,0.0
Male,21.0,SAL-Advertising Sales Agents,0.0
Male,22.0,SAL-Advertising Sales Agents,0.0
Male,23.0,SAL-Advertising Sales Agents,0.0
Male,24.0,SAL-Advertising Sales Agents,0.0
Male,25.0,SAL-Advertising Sales Agents,428.0
Male,26.0,SAL-Advertising Sales Agents,0.0
Male,27.0,SAL-Advertising Sales Agents,0.0
Male,28.0,SAL-Advertising Sales Agents,0.0
Male,29.0,SAL-Advertising Sales Agents,0.0
Male,30.0,SAL-Advertising Sales Agents,0.0
Female,18.0,SAL-Advertising Sales Agents,0.0
Female,19.0,SAL-Advertising Sales Agents,0.0
Female,20.0,SAL-Advertising Sales Agents,99.0
Female,21.0,SAL-Advertising Sales Agents,0.0
Female,22.0,SAL-Advertising Sales Agents,0.0
Female,23.0,SAL-Advertising Sales Agents,112.0
Female,24.0,SAL-Advertising Sales Agents,480.0
Female,25.0,SAL-Advertising Sales Agents,119.0
Female,26.0,SAL-Advertising Sales Agents,0.0
Female,27.0,SAL-Advertising Sales Agents,0.0
Female,28.0,SAL-Advertising Sales Agents,0.0
Female,29.0,SAL-Advertising Sales Agents,0.0
Female,30.0,SAL-Advertising Sales Agents,0.0
Male,18.0,SAL-Insurance Sales Agents,0.0
Male,19.0,SAL-Insurance Sales Agents,0.0
Male,20.0,SAL-Insurance Sales Agents,0.0
Male,21.0,SAL-Insurance Sales Agents,0.0
Male,22.0,SAL-Insurance Sales Agents,53.0
Male,23.0,SAL-Insurance Sales Agents,216.0
Male,24.0,SAL-Insurance Sales Agents,146.0
Male,25.0,SAL-Insurance Sales Agents,216.0
Male,26.0,SAL-Insurance Sales Agents,0.0
Male,27.0,SAL-Insurance Sales Agents,52.0
Male,28.0,SAL-Insurance Sales Agents,222.0
Male,29.0,SAL-Insurance Sales Agents,393.0
Male,30.0,SAL-Insurance Sales Agents,0.0
Female,18.0,SAL-Insurance Sales Agents,0.0
Female,19.0,SAL-Insurance Sales Agents,0.0
Female,20.0,SAL-Insurance Sales Agents,0.0
Female,21.0,SAL-Insurance Sales Agents,0.0
Female,22.0,SAL-Insurance Sales Agents,0.0
Female,23.0,SAL-Insurance Sales Agents,0.0
Female,24.0,SAL-Insurance Sales Agents,0.0
Female,25.0,SAL-Insurance Sales Agents,0.0
Female,26.0,SAL-Insurance Sales Agents,0.0
Female,27.0,SAL-Insurance Sales Agents,99.0
Female,28.0,SAL-Insurance Sales Agents,126.0
Female,29.0,SAL-Insurance Sales Agents,0.0
Female,30.0,SAL-Insurance Sales Agents,0.0
Male,18.0,"SAL-Securities, Commodities, And Financial Services Sales Agents",0.0
Male,19.0,"SAL-Securities, Commodities, And Financial Services Sales Agents",0.0
Male,20.0,"SAL-Securities, Commodities, And Financial Services Sales Agents",0.0
Male,21.0,"SAL-Securities, Commodities, And Financial Services Sales Agents",0.0
Male,22.0,"SAL-Securities, Commodities, And Financial Services Sales Agents",0.0
Male,23.0,"SAL-Securities, Commodities, And Financial Services Sales Agents",0.0
Male,24.0,"SAL-Securities, Commodities, And Financial Services Sales Agents",87.0
Male,25.0,"SAL-Securities, Commodities, And Financial Services Sales Agents",164.0
Male,26.0,"SAL-Securities, Commodities, And Financial Services Sales Agents",147.0
Male,27.0,"SAL-Securities, Commodities, And Financial Services Sales Agents",0.0
Male,28.0,"SAL-Securities, Commodities, And Financial Services Sales Agents",268.0
Male,29.0,"SAL-Securities, Commodities, And Financial Services Sales Agents",0.0
Male,30.0,"SAL-Securities, Commodities, And Financial Services Sales Agents",0.0
Female,18.0,"SAL-Securities, Commodities, And Financial Services Sales Agents",0.0
Female,19.0,"SAL-Securities, Commodities, And Financial Services Sales Agents",0.0
Female,20.0,"SAL-Securities, Commodities, And Financial Services Sales Agents",0.0
Female,21.0,"SAL-Securities, Commodities, And Financial Services Sales Agents",0.0
Female,22.0,"SAL-Securities, Commodities, And Financial Services Sales Agents",127.0
Female,23.0,"SAL-Securities, Commodities, And Financial Services Sales Agents",0.0
Female,24.0,"SAL-Securities, Commodities, And Financial Services Sales Agents",0.0
Female,25.0,"SAL-Securities, Commodities, And Financial Services Sales Agents",0.0
Female,26.0,"SAL-Securities, Commodities, And Financial Services Sales Agents",0.0
Female,27.0,"SAL-Securities, Commodities, And Financial Services Sales Agents",0.0
Female,28.0,"SAL-Securities, Commodities, And Financial Services Sales Agents",0.0
Female,29.0,"SAL-Securities, Commodities, And Financial Services Sales Agents",0.0
Female,30.0,"SAL-Securities, Commodities, And Financial Services Sales Agents",0.0
Male,18.0,SAL-Travel Agents,0.0
Male,19.0,SAL-Travel Agents,0.0
Male,20.0,SAL-Travel Agents,0.0
Male,21.0,SAL-Travel Agents,0.0
Male,22.0,SAL-Travel Agents,0.0
Male,23.0,SAL-Travel Agents,0.0
Male,24.0,SAL-Travel Agents,0.0
Male,25.0,SAL-Travel Agents,0.0
Male,26.0,SAL-Travel Agents,0.0
Male,27.0,SAL-Travel Agents,0.0
Male,28.0,SAL-Travel Agents,0.0
Male,29.0,SAL-Travel Agents,0.0
Male,30.0,SAL-Travel Agents,0.0
Female,18.0,SAL-Travel Agents,0.0
Female,19.0,SAL-Travel Agents,0.0
Female,20.0,SAL-Travel Agents,0.0
Female,21.0,SAL-Travel Agents,0.0
Female,22.0,SAL-Travel Agents,0.0
Female,23.0,SAL-Travel Agents,0.0
Female,24.0,SAL-Travel Agents,0.0
Female,25.0,SAL-Travel Agents,0.0
Female,26.0,SAL-Travel Agents,0.0
Female,27.0,SAL-Travel Agents,0.0
Female,28.0,SAL-Travel Agents,0.0
Female,29.0,SAL-Travel Agents,0.0
Female,30.0,SAL-Travel Agents,0.0
Male,18.0,"SAL-Sales Representatives Of Services, Except Advertising, Insurance, Financial Services, And Travel",0.0
Male,19.0,"SAL-Sales Representatives Of Services, Except Advertising, Insurance, Financial Services, And Travel",0.0
Male,20.0,"SAL-Sales Representatives Of Services, Except Advertising, Insurance, Financial Services, And Travel",13.0
Male,21.0,"SAL-Sales Representatives Of Services, Except Advertising, Insurance, Financial Services, And Travel",0.0
Male,22.0,"SAL-Sales Representatives Of Services, Except Advertising, Insurance, Financial Services, And Travel",0.0
Male,23.0,"SAL-Sales Representatives Of Services, Except Advertising, Insurance, Financial Services, And Travel",0.0
Male,24.0,"SAL-Sales Representatives Of Services, Except Advertising, Insurance, Financial Services, And Travel",261.0
Male,25.0,"SAL-Sales Representatives Of Services, Except Advertising, Insurance, Financial Services, And Travel",127.0
Male,26.0,"SAL-Sales Representatives Of Services, Except Advertising, Insurance, Financial Services, And Travel",0.0
Male,27.0,"SAL-Sales Representatives Of Services, Except Advertising, Insurance, Financial Services, And Travel",0.0
Male,28.0,"SAL-Sales Representatives Of Services, Except Advertising, Insurance, Financial Services, And Travel",0.0
Male,29.0,"SAL-Sales Representatives Of Services, Except Advertising, Insurance, Financial Services, And Travel",0.0
Male,30.0,"SAL-Sales Representatives Of Services, Except Advertising, Insurance, Financial Services, And Travel",0.0
Female,18.0,"SAL-Sales Representatives Of Services, Except Advertising, Insurance, Financial Services, And Travel",0.0
Female,19.0,"SAL-Sales Representatives Of Services, Except Advertising, Insurance, Financial Services, And Travel",0.0
Female,20.0,"SAL-Sales Representatives Of Services, Except Advertising, Insurance, Financial Services, And Travel",0.0
Female,21.0,"SAL-Sales Representatives Of Services, Except Advertising, Insurance, Financial Services, And Travel",0.0
Female,22.0,"SAL-Sales Representatives Of Services, Except Advertising, Insurance, Financial Services, And Travel",0.0
Female,23.0,"SAL-Sales Representatives Of Services, Except Advertising, Insurance, Financial Services, And Travel",0.0
Female,24.0,"SAL-Sales Representatives Of Services, Except Advertising, Insurance, Financial Services, And Travel",504.0
Female,25.0,"SAL-Sales Representatives Of Services, Except Advertising, Insurance, Financial Services, And Travel",0.0
Female,26.0,"SAL-Sales Representatives Of Services, Except Advertising, Insurance, Financial Services, And Travel",0.0
Female,27.0,"SAL-Sales Representatives Of Services, Except Advertising, Insurance, Financial Services, And Travel",266.0
Female,28.0,"SAL-Sales Representatives Of Services, Except Advertising, Insurance, Financial Services, And Travel",30.0
Female,29.0,"SAL-Sales Representatives Of Services, Except Advertising, Insurance, Financial Services, And Travel",0.0
Female,30.0,"SAL-Sales Representatives Of Services, Except Advertising, Insurance, Financial Services, And Travel",0.0
Male,18.0,"SAL-Sales Representatives, Wholesale And Manufacturing",207.0
Male,19.0,"SAL-Sales Representatives, Wholesale And Manufacturing",0.0
Male,20.0,"SAL-Sales Representatives, Wholesale And Manufacturing",0.0
Male,21.0,"SAL-Sales Representatives, Wholesale And Manufacturing",0.0
Male,22.0,"SAL-Sales Representatives, Wholesale And Manufacturing",0.0
Male,23.0,"SAL-Sales Representatives, Wholesale And Manufacturing",0.0
Male,24.0,"SAL-Sales Representatives, Wholesale And Manufacturing",232.0
Male,25.0,"SAL-Sales Representatives, Wholesale And Manufacturing",59.0
Male,26.0,"SAL-Sales Representatives, Wholesale And Manufacturing",0.0
Male,27.0,"SAL-Sales Representatives, Wholesale And Manufacturing",185.0
Male,28.0,"SAL-Sales Representatives, Wholesale And Manufacturing",59.0
Male,29.0,"SAL-Sales Representatives, Wholesale And Manufacturing",46.0
Male,30.0,"SAL-Sales Representatives, Wholesale And Manufacturing",111.0
Female,18.0,"SAL-Sales Representatives, Wholesale And Manufacturing",0.0
Female,19.0,"SAL-Sales Representatives, Wholesale And Manufacturing",0.0
Female,20.0,"SAL-Sales Representatives, Wholesale And Manufacturing",0.0
Female,21.0,"SAL-Sales Representatives, Wholesale And Manufacturing",0.0
Female,22.0,"SAL-Sales Representatives, Wholesale And Manufacturing",0.0
Female,23.0,"SAL-Sales Representatives, Wholesale And Manufacturing",0.0
Female,24.0,"SAL-Sales Representatives, Wholesale And Manufacturing",0.0
Female,25.0,"SAL-Sales Representatives, Wholesale And Manufacturing",0.0
Female,26.0,"SAL-Sales Representatives, Wholesale And Manufacturing",49.0
Female,27.0,"SAL-Sales Representatives, Wholesale And Manufacturing",221.0
Female,28.0,"SAL-Sales Representatives, Wholesale And Manufacturing",0.0
Female,29.0,"SAL-Sales Representatives, Wholesale And Manufacturing",0.0
Female,30.0,"SAL-Sales Representatives, Wholesale And Manufacturing",183.0
Male,18.0,"SAL-Models, Demonstrators, And Product Promoters",0.0
Male,19.0,"SAL-Models, Demonstrators, And Product Promoters",0.0
Male,20.0,"SAL-Models, Demonstrators, And Product Promoters",0.0
Male,21.0,"SAL-Models, Demonstrators, And Product Promoters",142.0
Male,22.0,"SAL-Models, Demonstrators, And Product Promoters",0.0
Male,23.0,"SAL-Models, Demonstrators, And Product Promoters",84.0
Male,24.0,"SAL-Models, Demonstrators, And Product Promoters",0.0
Male,25.0,"SAL-Models, Demonstrators, And Product Promoters",0.0
Male,26.0,"SAL-Models, Demonstrators, And Product Promoters",0.0
Male,27.0,"SAL-Models, Demonstrators, And Product Promoters",0.0
Male,28.0,"SAL-Models, Demonstrators, And Product Promoters",0.0
Male,29.0,"SAL-Models, Demonstrators, And Product Promoters",0.0
Male,30.0,"SAL-Models, Demonstrators, And Product Promoters",0.0
Female,18.0,"SAL-Models, Demonstrators, And Product Promoters",0.0
Female,19.0,"SAL-Models, Demonstrators, And Product Promoters",0.0
Female,20.0,"SAL-Models, Demonstrators, And Product Promoters",405.0
Female,21.0,"SAL-Models, Demonstrators, And Product Promoters",73.0
Female,22.0,"SAL-Models, Demonstrators, And Product Promoters",0.0
Female,23.0,"SAL-Models, Demonstrators, And Product Promoters",0.0
Female,24.0,"SAL-Models, Demonstrators, And Product Promoters",0.0
Female,25.0,"SAL-Models, Demonstrators, And Product Promoters",0.0
Female,26.0,"SAL-Models, Demonstrators, And Product Promoters",0.0
Female,27.0,"SAL-Models, Demonstrators, And Product Promoters",0.0
Female,28.0,"SAL-Models, Demonstrators, And Product Promoters",0.0
Female,29.0,"SAL-Models, Demonstrators, And Product Promoters",0.0
Female,30.0,"SAL-Models, Demonstrators, And Product Promoters",0.0
Male,18.0,SAL-Real Estate Brokers And Sales Agents,0.0
Male,19.0,SAL-Real Estate Brokers And Sales Agents,0.0
Male,20.0,SAL-Real Estate Brokers And Sales Agents,0.0
Male,21.0,SAL-Real Estate Brokers And Sales Agents,0.0
Male,22.0,SAL-Real Estate Brokers And Sales Agents,0.0
Male,23.0,SAL-Real Estate Brokers And Sales Agents,0.0
Male,24.0,SAL-Real Estate Brokers And Sales Agents,0.0
Male,25.0,SAL-Real Estate Brokers And Sales Agents,0.0
Male,26.0,SAL-Real Estate Brokers And Sales Agents,0.0
Male,27.0,SAL-Real Estate Brokers And Sales Agents,0.0
Male,28.0,SAL-Real Estate Brokers And Sales Agents,0.0
Male,29.0,SAL-Real Estate Brokers And Sales Agents,32.0
Male,30.0,SAL-Real Estate Brokers And Sales Agents,0.0
Female,18.0,SAL-Real Estate Brokers And Sales Agents,0.0
Female,19.0,SAL-Real Estate Brokers And Sales Agents,0.0
Female,20.0,SAL-Real Estate Brokers And Sales Agents,0.0
Female,21.0,SAL-Real Estate Brokers And Sales Agents,0.0
Female,22.0,SAL-Real Estate Brokers And Sales Agents,0.0
Female,23.0,SAL-Real Estate Brokers And Sales Agents,0.0
Female,24.0,SAL-Real Estate Brokers And Sales Agents,0.0
Female,25.0,SAL-Real Estate Brokers And Sales Agents,430.0
Female,26.0,SAL-Real Estate Brokers And Sales Agents,0.0
Female,27.0,SAL-Real Estate Brokers And Sales Agents,0.0
Female,28.0,SAL-Real Estate Brokers And Sales Agents,0.0
Female,29.0,SAL-Real Estate Brokers And Sales Agents,0.0
Female,30.0,SAL-Real Estate Brokers And Sales Agents,174.0
Male,18.0,SAL-Sales Engineers,0.0
Male,19.0,SAL-Sales Engineers,0.0
Male,20.0,SAL-Sales Engineers,0.0
Male,21.0,SAL-Sales Engineers,0.0
Male,22.0,SAL-Sales Engineers,0.0
Male,23.0,SAL-Sales Engineers,0.0
Male,24.0,SAL-Sales Engineers,133.0
Male,25.0,SAL-Sales Engineers,162.0
Male,26.0,SAL-Sales Engineers,0.0
Male,27.0,SAL-Sales Engineers,0.0
Male,28.0,SAL-Sales Engineers,0.0
Male,29.0,SAL-Sales Engineers,0.0
Male,30.0,SAL-Sales Engineers,0.0
Female,18.0,SAL-Sales Engineers,0.0
Female,19.0,SAL-Sales Engineers,0.0
Female,20.0,SAL-Sales Engineers,0.0
Female,21.0,SAL-Sales Engineers,0.0
Female,22.0,SAL-Sales Engineers,0.0
Female,23.0,SAL-Sales Engineers,0.0
Female,24.0,SAL-Sales Engineers,0.0
Female,25.0,SAL-Sales Engineers,0.0
Female,26.0,SAL-Sales Engineers,0.0
Female,27.0,SAL-Sales Engineers,0.0
Female,28.0,SAL-Sales Engineers,0.0
Female,29.0,SAL-Sales Engineers,0.0
Female,30.0,SAL-Sales Engineers,0.0
Male,18.0,SAL-Telemarketers,0.0
Male,19.0,SAL-Telemarketers,0.0
Male,20.0,SAL-Telemarketers,0.0
Male,21.0,SAL-Telemarketers,0.0
Male,22.0,SAL-Telemarketers,0.0
Male,23.0,SAL-Telemarketers,0.0
Male,24.0,SAL-Telemarketers,0.0
Male,25.0,SAL-Telemarketers,0.0
Male,26.0,SAL-Telemarketers,0.0
Male,27.0,SAL-Telemarketers,0.0
Male,28.0,SAL-Telemarketers,0.0
Male,29.0,SAL-Telemarketers,0.0
Male,30.0,SAL-Telemarketers,0.0
Female,18.0,SAL-Telemarketers,0.0
Female,19.0,SAL-Telemarketers,0.0
Female,20.0,SAL-Telemarketers,0.0
Female,21.0,SAL-Telemarketers,0.0
Female,22.0,SAL-Telemarketers,0.0
Female,23.0,SAL-Telemarketers,0.0
Female,24.0,SAL-Telemarketers,73.0
Female,25.0,SAL-Telemarketers,0.0
Female,26.0,SAL-Telemarketers,0.0
Female,27.0,SAL-Telemarketers,0.0
Female,28.0,SAL-Telemarketers,0.0
Female,29.0,SAL-Telemarketers,0.0
Female,30.0,SAL-Telemarketers,0.0
Male,18.0,"SAL-Door-To-Door Sales Workers, News And Street Vendors, And Related Workers",0.0
Male,19.0,"SAL-Door-To-Door Sales Workers, News And Street Vendors, And Related Workers",0.0
Male,20.0,"SAL-Door-To-Door Sales Workers, News And Street Vendors, And Related Workers",0.0
Male,21.0,"SAL-Door-To-Door Sales Workers, News And Street Vendors, And Related Workers",0.0
Male,22.0,"SAL-Door-To-Door Sales Workers, News And Street Vendors, And Related Workers",0.0
Male,23.0,"SAL-Door-To-Door Sales Workers, News And Street Vendors, And Related Workers",0.0
Male,24.0,"SAL-Door-To-Door Sales Workers, News And Street Vendors, And Related Workers",0.0
Male,25.0,"SAL-Door-To-Door Sales Workers, News And Street Vendors, And Related Workers",0.0
Male,26.0,"SAL-Door-To-Door Sales Workers, News And Street Vendors, And Related Workers",0.0
Male,27.0,"SAL-Door-To-Door Sales Workers, News And Street Vendors, And Related Workers",0.0
Male,28.0,"SAL-Door-To-Door Sales Workers, News And Street Vendors, And Related Workers",0.0
Male,29.0,"SAL-Door-To-Door Sales Workers, News And Street Vendors, And Related Workers",0.0
Male,30.0,"SAL-Door-To-Door Sales Workers, News And Street Vendors, And Related Workers",0.0
Female,18.0,"SAL-Door-To-Door Sales Workers, News And Street Vendors, And Related Workers",0.0
Female,19.0,"SAL-Door-To-Door Sales Workers, News And Street Vendors, And Related Workers",0.0
Female,20.0,"SAL-Door-To-Door Sales Workers, News And Street Vendors, And Related Workers",0.0
Female,21.0,"SAL-Door-To-Door Sales Workers, News And Street Vendors, And Related Workers",0.0
Female,22.0,"SAL-Door-To-Door Sales Workers, News And Street Vendors, And Related Workers",0.0
Female,23.0,"SAL-Door-To-Door Sales Workers, News And Street Vendors, And Related Workers",0.0
Female,24.0,"SAL-Door-To-Door Sales Workers, News And Street Vendors, And Related Workers",0.0
Female,25.0,"SAL-Door-To-Door Sales Workers, News And Street Vendors, And Related Workers",0.0
Female,26.0,"SAL-Door-To-Door Sales Workers, News And Street Vendors, And Related Workers",0.0
Female,27.0,"SAL-Door-To-Door Sales Workers, News And Street Vendors, And Related Workers",0.0
Female,28.0,"SAL-Door-To-Door Sales Workers, News And Street Vendors, And Related Workers",0.0
Female,29.0,"SAL-Door-To-Door Sales Workers, News And Street Vendors, And Related Workers",0.0
Female,30.0,"SAL-Door-To-Door Sales Workers, News And Street Vendors, And Related Workers",0.0
Male,18.0,"SAL-Sales And Related Workers, All Other",0.0
Male,19.0,"SAL-Sales And Related Workers, All Other",98.0
Male,20.0,"SAL-Sales And Related Workers, All Other",0.0
Male,21.0,"SAL-Sales And Related Workers, All Other",0.0
Male,22.0,"SAL-Sales And Related Workers, All Other",0.0
Male,23.0,"SAL-Sales And Related Workers, All Other",0.0
Male,24.0,"SAL-Sales And Related Workers, All Other",0.0
Male,25.0,"SAL-Sales And Related Workers, All Other",123.0
Male,26.0,"SAL-Sales And Related Workers, All Other",0.0
Male,27.0,"SAL-Sales And Related Workers, All Other",78.0
Male,28.0,"SAL-Sales And Related Workers, All Other",262.0
Male,29.0,"SAL-Sales And Related Workers, All Other",65.0
Male,30.0,"SAL-Sales And Related Workers, All Other",0.0
Female,18.0,"SAL-Sales And Related Workers, All Other",0.0
Female,19.0,"SAL-Sales And Related Workers, All Other",100.0
Female,20.0,"SAL-Sales And Related Workers, All Other",207.0
Female,21.0,"SAL-Sales And Related Workers, All Other",0.0
Female,22.0,"SAL-Sales And Related Workers, All Other",0.0
Female,23.0,"SAL-Sales And Related Workers, All Other",191.0
Female,24.0,"SAL-Sales And Related Workers, All Other",0.0
Female,25.0,"SAL-Sales And Related Workers, All Other",36.0
Female,26.0,"SAL-Sales And Related Workers, All Other",48.0
Female,27.0,"SAL-Sales And Related Workers, All Other",183.0
Female,28.0,"SAL-Sales And Related Workers, All Other",68.0
Female,29.0,"SAL-Sales And Related Workers, All Other",69.0
Female,30.0,"SAL-Sales And Related Workers, All Other",0.0
Male,18.0,OFF-First-Line Supervisors Of Office And Administrative Support Workers,0.0
Male,19.0,OFF-First-Line Supervisors Of Office And Administrative Support Workers,0.0
Male,20.0,OFF-First-Line Supervisors Of Office And Administrative Support Workers,0.0
Male,21.0,OFF-First-Line Supervisors Of Office And Administrative Support Workers,0.0
Male,22.0,OFF-First-Line Supervisors Of Office And Administrative Support Workers,279.0
Male,23.0,OFF-First-Line Supervisors Of Office And Administrative Support Workers,0.0
Male,24.0,OFF-First-Line Supervisors Of Office And Administrative Support Workers,0.0
Male,25.0,OFF-First-Line Supervisors Of Office And Administrative Support Workers,0.0
Male,26.0,OFF-First-Line Supervisors Of Office And Administrative Support Workers,443.0
Male,27.0,OFF-First-Line Supervisors Of Office And Administrative Support Workers,0.0
Male,28.0,OFF-First-Line Supervisors Of Office And Administrative Support Workers,0.0
Male,29.0,OFF-First-Line Supervisors Of Office And Administrative Support Workers,123.0
Male,30.0,OFF-First-Line Supervisors Of Office And Administrative Support Workers,0.0
Female,18.0,OFF-First-Line Supervisors Of Office And Administrative Support Workers,0.0
Female,19.0,OFF-First-Line Supervisors Of Office And Administrative Support Workers,0.0
Female,20.0,OFF-First-Line Supervisors Of Office And Administrative Support Workers,0.0
Female,21.0,OFF-First-Line Supervisors Of Office And Administrative Support Workers,0.0
Female,22.0,OFF-First-Line Supervisors Of Office And Administrative Support Workers,0.0
Female,23.0,OFF-First-Line Supervisors Of Office And Administrative Support Workers,0.0
Female,24.0,OFF-First-Line Supervisors Of Office And Administrative Support Workers,0.0
Female,25.0,OFF-First-Line Supervisors Of Office And Administrative Support Workers,36.0
Female,26.0,OFF-First-Line Supervisors Of Office And Administrative Support Workers,64.0
Female,27.0,OFF-First-Line Supervisors Of Office And Administrative Support Workers,0.0
Female,28.0,OFF-First-Line Supervisors Of Office And Administrative Support Workers,0.0
Female,29.0,OFF-First-Line Supervisors Of Office And Administrative Support Workers,443.0
Female,30.0,OFF-First-Line Supervisors Of Office And Administrative Support Workers,0.0
Male,18.0,"OFF-Switchboard Operators, Including Answering Service",0.0
Male,19.0,"OFF-Switchboard Operators, Including Answering Service",0.0
Male,20.0,"OFF-Switchboard Operators, Including Answering Service",0.0
Male,21.0,"OFF-Switchboard Operators, Including Answering Service",0.0
Male,22.0,"OFF-Switchboard Operators, Including Answering Service",0.0
Male,23.0,"OFF-Switchboard Operators, Including Answering Service",0.0
Male,24.0,"OFF-Switchboard Operators, Including Answering Service",0.0
Male,25.0,"OFF-Switchboard Operators, Including Answering Service",0.0
Male,26.0,"OFF-Switchboard Operators, Including Answering Service",0.0
Male,27.0,"OFF-Switchboard Operators, Including Answering Service",0.0
Male,28.0,"OFF-Switchboard Operators, Including Answering Service",0.0
Male,29.0,"OFF-Switchboard Operators, Including Answering Service",0.0
Male,30.0,"OFF-Switchboard Operators, Including Answering Service",0.0
Female,18.0,"OFF-Switchboard Operators, Including Answering Service",0.0
Female,19.0,"OFF-Switchboard Operators, Including Answering Service",0.0
Female,20.0,"OFF-Switchboard Operators, Including Answering Service",0.0
Female,21.0,"OFF-Switchboard Operators, Including Answering Service",0.0
Female,22.0,"OFF-Switchboard Operators, Including Answering Service",0.0
Female,23.0,"OFF-Switchboard Operators, Including Answering Service",0.0
Female,24.0,"OFF-Switchboard Operators, Including Answering Service",0.0
Female,25.0,"OFF-Switchboard Operators, Including Answering Service",0.0
Female,26.0,"OFF-Switchboard Operators, Including Answering Service",0.0
Female,27.0,"OFF-Switchboard Operators, Including Answering Service",0.0
Female,28.0,"OFF-Switchboard Operators, Including Answering Service",0.0
Female,29.0,"OFF-Switchboard Operators, Including Answering Service",0.0
Female,30.0,"OFF-Switchboard Operators, Including Answering Service",0.0
Male,18.0,OFF-Telephone Operators,0.0
Male,19.0,OFF-Telephone Operators,0.0
Male,20.0,OFF-Telephone Operators,0.0
Male,21.0,OFF-Telephone Operators,0.0
Male,22.0,OFF-Telephone Operators,0.0
Male,23.0,OFF-Telephone Operators,0.0
Male,24.0,OFF-Telephone Operators,0.0
Male,25.0,OFF-Telephone Operators,0.0
Male,26.0,OFF-Telephone Operators,0.0
Male,27.0,OFF-Telephone Operators,0.0
Male,28.0,OFF-Telephone Operators,0.0
Male,29.0,OFF-Telephone Operators,0.0
Male,30.0,OFF-Telephone Operators,0.0
Female,18.0,OFF-Telephone Operators,0.0
Female,19.0,OFF-Telephone Operators,0.0
Female,20.0,OFF-Telephone Operators,0.0
Female,21.0,OFF-Telephone Operators,0.0
Female,22.0,OFF-Telephone Operators,0.0
Female,23.0,OFF-Telephone Operators,0.0
Female,24.0,OFF-Telephone Operators,0.0
Female,25.0,OFF-Telephone Operators,0.0
Female,26.0,OFF-Telephone Operators,0.0
Female,27.0,OFF-Telephone Operators,0.0
Female,28.0,OFF-Telephone Operators,0.0
Female,29.0,OFF-Telephone Operators,0.0
Female,30.0,OFF-Telephone Operators,0.0
Male,18.0,"OFF-Communications Equipment Operators, All Other",0.0
Male,19.0,"OFF-Communications Equipment Operators, All Other",0.0
Male,20.0,"OFF-Communications Equipment Operators, All Other",0.0
Male,21.0,"OFF-Communications Equipment Operators, All Other",0.0
Male,22.0,"OFF-Communications Equipment Operators, All Other",0.0
Male,23.0,"OFF-Communications Equipment Operators, All Other",0.0
Male,24.0,"OFF-Communications Equipment Operators, All Other",0.0
Male,25.0,"OFF-Communications Equipment Operators, All Other",0.0
Male,26.0,"OFF-Communications Equipment Operators, All Other",0.0
Male,27.0,"OFF-Communications Equipment Operators, All Other",8.0
Male,28.0,"OFF-Communications Equipment Operators, All Other",0.0
Male,29.0,"OFF-Communications Equipment Operators, All Other",0.0
Male,30.0,"OFF-Communications Equipment Operators, All Other",0.0
Female,18.0,"OFF-Communications Equipment Operators, All Other",0.0
Female,19.0,"OFF-Communications Equipment Operators, All Other",0.0
Female,20.0,"OFF-Communications Equipment Operators, All Other",0.0
Female,21.0,"OFF-Communications Equipment Operators, All Other",0.0
Female,22.0,"OFF-Communications Equipment Operators, All Other",0.0
Female,23.0,"OFF-Communications Equipment Operators, All Other",0.0
Female,24.0,"OFF-Communications Equipment Operators, All Other",0.0
Female,25.0,"OFF-Communications Equipment Operators, All Other",0.0
Female,26.0,"OFF-Communications Equipment Operators, All Other",0.0
Female,27.0,"OFF-Communications Equipment Operators, All Other",0.0
Female,28.0,"OFF-Communications Equipment Operators, All Other",0.0
Female,29.0,"OFF-Communications Equipment Operators, All Other",0.0
Female,30.0,"OFF-Communications Equipment Operators, All Other",0.0
Male,18.0,OFF-Bill And Account Collectors,0.0
Male,19.0,OFF-Bill And Account Collectors,0.0
Male,20.0,OFF-Bill And Account Collectors,0.0
Male,21.0,OFF-Bill And Account Collectors,0.0
Male,22.0,OFF-Bill And Account Collectors,0.0
Male,23.0,OFF-Bill And Account Collectors,0.0
Male,24.0,OFF-Bill And Account Collectors,0.0
Male,25.0,OFF-Bill And Account Collectors,0.0
Male,26.0,OFF-Bill And Account Collectors,0.0
Male,27.0,OFF-Bill And Account Collectors,58.0
Male,28.0,OFF-Bill And Account Collectors,0.0
Male,29.0,OFF-Bill And Account Collectors,0.0
Male,30.0,OFF-Bill And Account Collectors,0.0
Female,18.0,OFF-Bill And Account Collectors,0.0
Female,19.0,OFF-Bill And Account Collectors,0.0
Female,20.0,OFF-Bill And Account Collectors,0.0
Female,21.0,OFF-Bill And Account Collectors,0.0
Female,22.0,OFF-Bill And Account Collectors,0.0
Female,23.0,OFF-Bill And Account Collectors,0.0
Female,24.0,OFF-Bill And Account Collectors,0.0
Female,25.0,OFF-Bill And Account Collectors,0.0
Female,26.0,OFF-Bill And Account Collectors,0.0
Female,27.0,OFF-Bill And Account Collectors,0.0
Female,28.0,OFF-Bill And Account Collectors,0.0
Female,29.0,OFF-Bill And Account Collectors,0.0
Female,30.0,OFF-Bill And Account Collectors,0.0
Male,18.0,OFF-Billing And Posting Clerks,0.0
Male,19.0,OFF-Billing And Posting Clerks,0.0
Male,20.0,OFF-Billing And Posting Clerks,0.0
Male,21.0,OFF-Billing And Posting Clerks,0.0
Male,22.0,OFF-Billing And Posting Clerks,0.0
Male,23.0,OFF-Billing And Posting Clerks,0.0
Male,24.0,OFF-Billing And Posting Clerks,0.0
Male,25.0,OFF-Billing And Posting Clerks,0.0
Male,26.0,OFF-Billing And Posting Clerks,0.0
Male,27.0,OFF-Billing And Posting Clerks,0.0
Male,28.0,OFF-Billing And Posting Clerks,0.0
Male,29.0,OFF-Billing And Posting Clerks,0.0
Male,30.0,OFF-Billing And Posting Clerks,0.0
Female,18.0,OFF-Billing And Posting Clerks,0.0
Female,19.0,OFF-Billing And Posting Clerks,0.0
Female,20.0,OFF-Billing And Posting Clerks,0.0
Female,21.0,OFF-Billing And Posting Clerks,0.0
Female,22.0,OFF-Billing And Posting Clerks,0.0
Female,23.0,OFF-Billing And Posting Clerks,0.0
Female,24.0,OFF-Billing And Posting Clerks,0.0
Female,25.0,OFF-Billing And Posting Clerks,0.0
Female,26.0,OFF-Billing And Posting Clerks,96.0
Female,27.0,OFF-Billing And Posting Clerks,0.0
Female,28.0,OFF-Billing And Posting Clerks,310.0
Female,29.0,OFF-Billing And Posting Clerks,263.0
Female,30.0,OFF-Billing And Posting Clerks,0.0
Male,18.0,"OFF-Bookkeeping, Accounting, And Auditing Clerks",0.0
Male,19.0,"OFF-Bookkeeping, Accounting, And Auditing Clerks",318.0
Male,20.0,"OFF-Bookkeeping, Accounting, And Auditing Clerks",0.0
Male,21.0,"OFF-Bookkeeping, Accounting, And Auditing Clerks",0.0
Male,22.0,"OFF-Bookkeeping, Accounting, And Auditing Clerks",0.0
Male,23.0,"OFF-Bookkeeping, Accounting, And Auditing Clerks",132.0
Male,24.0,"OFF-Bookkeeping, Accounting, And Auditing Clerks",396.0
Male,25.0,"OFF-Bookkeeping, Accounting, And Auditing Clerks",0.0
Male,26.0,"OFF-Bookkeeping, Accounting, And Auditing Clerks",0.0
Male,27.0,"OFF-Bookkeeping, Accounting, And Auditing Clerks",0.0
Male,28.0,"OFF-Bookkeeping, Accounting, And Auditing Clerks",0.0
Male,29.0,"OFF-Bookkeeping, Accounting, And Auditing Clerks",0.0
Male,30.0,"OFF-Bookkeeping, Accounting, And Auditing Clerks",0.0
Female,18.0,"OFF-Bookkeeping, Accounting, And Auditing Clerks",0.0
Female,19.0,"OFF-Bookkeeping, Accounting, And Auditing Clerks",0.0
Female,20.0,"OFF-Bookkeeping, Accounting, And Auditing Clerks",0.0
Female,21.0,"OFF-Bookkeeping, Accounting, And Auditing Clerks",0.0
Female,22.0,"OFF-Bookkeeping, Accounting, And Auditing Clerks",0.0
Female,23.0,"OFF-Bookkeeping, Accounting, And Auditing Clerks",48.0
Female,24.0,"OFF-Bookkeeping, Accounting, And Auditing Clerks",242.0
Female,25.0,"OFF-Bookkeeping, Accounting, And Auditing Clerks",68.0
Female,26.0,"OFF-Bookkeeping, Accounting, And Auditing Clerks",0.0
Female,27.0,"OFF-Bookkeeping, Accounting, And Auditing Clerks",72.0
Female,28.0,"OFF-Bookkeeping, Accounting, And Auditing Clerks",120.0
Female,29.0,"OFF-Bookkeeping, Accounting, And Auditing Clerks",0.0
Female,30.0,"OFF-Bookkeeping, Accounting, And Auditing Clerks",65.0
Male,18.0,OFF-Payroll And Timekeeping Clerks,0.0
Male,19.0,OFF-Payroll And Timekeeping Clerks,0.0
Male,20.0,OFF-Payroll And Timekeeping Clerks,0.0
Male,21.0,OFF-Payroll And Timekeeping Clerks,0.0
Male,22.0,OFF-Payroll And Timekeeping Clerks,0.0
Male,23.0,OFF-Payroll And Timekeeping Clerks,0.0
Male,24.0,OFF-Payroll And Timekeeping Clerks,0.0
Male,25.0,OFF-Payroll And Timekeeping Clerks,0.0
Male,26.0,OFF-Payroll And Timekeeping Clerks,0.0
Male,27.0,OFF-Payroll And Timekeeping Clerks,0.0
Male,28.0,OFF-Payroll And Timekeeping Clerks,0.0
Male,29.0,OFF-Payroll And Timekeeping Clerks,0.0
Male,30.0,OFF-Payroll And Timekeeping Clerks,0.0
Female,18.0,OFF-Payroll And Timekeeping Clerks,0.0
Female,19.0,OFF-Payroll And Timekeeping Clerks,0.0
Female,20.0,OFF-Payroll And Timekeeping Clerks,0.0
Female,21.0,OFF-Payroll And Timekeeping Clerks,0.0
Female,22.0,OFF-Payroll And Timekeeping Clerks,0.0
Female,23.0,OFF-Payroll And Timekeeping Clerks,0.0
Female,24.0,OFF-Payroll And Timekeeping Clerks,0.0
Female,25.0,OFF-Payroll And Timekeeping Clerks,45.0
Female,26.0,OFF-Payroll And Timekeeping Clerks,0.0
Female,27.0,OFF-Payroll And Timekeeping Clerks,0.0
Female,28.0,OFF-Payroll And Timekeeping Clerks,0.0
Female,29.0,OFF-Payroll And Timekeeping Clerks,0.0
Female,30.0,OFF-Payroll And Timekeeping Clerks,0.0
Male,18.0,OFF-Procurement Clerks,0.0
Male,19.0,OFF-Procurement Clerks,0.0
Male,20.0,OFF-Procurement Clerks,0.0
Male,21.0,OFF-Procurement Clerks,0.0
Male,22.0,OFF-Procurement Clerks,0.0
Male,23.0,OFF-Procurement Clerks,0.0
Male,24.0,OFF-Procurement Clerks,0.0
Male,25.0,OFF-Procurement Clerks,0.0
Male,26.0,OFF-Procurement Clerks,0.0
Male,27.0,OFF-Procurement Clerks,0.0
Male,28.0,OFF-Procurement Clerks,0.0
Male,29.0,OFF-Procurement Clerks,0.0
Male,30.0,OFF-Procurement Clerks,0.0
Female,18.0,OFF-Procurement Clerks,0.0
Female,19.0,OFF-Procurement Clerks,0.0
Female,20.0,OFF-Procurement Clerks,0.0
Female,21.0,OFF-Procurement Clerks,0.0
Female,22.0,OFF-Procurement Clerks,0.0
Female,23.0,OFF-Procurement Clerks,0.0
Female,24.0,OFF-Procurement Clerks,0.0
Female,25.0,OFF-Procurement Clerks,0.0
Female,26.0,OFF-Procurement Clerks,0.0
Female,27.0,OFF-Procurement Clerks,0.0
Female,28.0,OFF-Procurement Clerks,0.0
Female,29.0,OFF-Procurement Clerks,0.0
Female,30.0,OFF-Procurement Clerks,0.0
Male,18.0,OFF-Tellers,0.0
Male,19.0,OFF-Tellers,0.0
Male,20.0,OFF-Tellers,0.0
Male,21.0,OFF-Tellers,0.0
Male,22.0,OFF-Tellers,0.0
Male,23.0,OFF-Tellers,0.0
Male,24.0,OFF-Tellers,0.0
Male,25.0,OFF-Tellers,0.0
Male,26.0,OFF-Tellers,0.0
Male,27.0,OFF-Tellers,0.0
Male,28.0,OFF-Tellers,0.0
Male,29.0,OFF-Tellers,0.0
Male,30.0,OFF-Tellers,0.0
Female,18.0,OFF-Tellers,0.0
Female,19.0,OFF-Tellers,0.0
Female,20.0,OFF-Tellers,330.0
Female,21.0,OFF-Tellers,0.0
Female,22.0,OFF-Tellers,0.0
Female,23.0,OFF-Tellers,234.0
Female,24.0,OFF-Tellers,0.0
Female,25.0,OFF-Tellers,0.0
Female,26.0,OFF-Tellers,154.0
Female,27.0,OFF-Tellers,133.0
Female,28.0,OFF-Tellers,0.0
Female,29.0,OFF-Tellers,0.0
Female,30.0,OFF-Tellers,0.0
Male,18.0,OFF-Other Financial Clerks,0.0
Male,19.0,OFF-Other Financial Clerks,0.0
Male,20.0,OFF-Other Financial Clerks,0.0
Male,21.0,OFF-Other Financial Clerks,0.0
Male,22.0,OFF-Other Financial Clerks,0.0
Male,23.0,OFF-Other Financial Clerks,0.0
Male,24.0,OFF-Other Financial Clerks,0.0
Male,25.0,OFF-Other Financial Clerks,0.0
Male,26.0,OFF-Other Financial Clerks,0.0
Male,27.0,OFF-Other Financial Clerks,0.0
Male,28.0,OFF-Other Financial Clerks,0.0
Male,29.0,OFF-Other Financial Clerks,0.0
Male,30.0,OFF-Other Financial Clerks,0.0
Female,18.0,OFF-Other Financial Clerks,0.0
Female,19.0,OFF-Other Financial Clerks,0.0
Female,20.0,OFF-Other Financial Clerks,130.0
Female,21.0,OFF-Other Financial Clerks,0.0
Female,22.0,OFF-Other Financial Clerks,0.0
Female,23.0,OFF-Other Financial Clerks,0.0
Female,24.0,OFF-Other Financial Clerks,89.0
Female,25.0,OFF-Other Financial Clerks,0.0
Female,26.0,OFF-Other Financial Clerks,0.0
Female,27.0,OFF-Other Financial Clerks,0.0
Female,28.0,OFF-Other Financial Clerks,0.0
Female,29.0,OFF-Other Financial Clerks,0.0
Female,30.0,OFF-Other Financial Clerks,0.0
Male,18.0,"OFF-Court, Municipal, And License Clerks",0.0
Male,19.0,"OFF-Court, Municipal, And License Clerks",0.0
Male,20.0,"OFF-Court, Municipal, And License Clerks",0.0
Male,21.0,"OFF-Court, Municipal, And License Clerks",0.0
Male,22.0,"OFF-Court, Municipal, And License Clerks",0.0
Male,23.0,"OFF-Court, Municipal, And License Clerks",0.0
Male,24.0,"OFF-Court, Municipal, And License Clerks",0.0
Male,25.0,"OFF-Court, Municipal, And License Clerks",0.0
Male,26.0,"OFF-Court, Municipal, And License Clerks",0.0
Male,27.0,"OFF-Court, Municipal, And License Clerks",0.0
Male,28.0,"OFF-Court, Municipal, And License Clerks",0.0
Male,29.0,"OFF-Court, Municipal, And License Clerks",0.0
Male,30.0,"OFF-Court, Municipal, And License Clerks",0.0
Female,18.0,"OFF-Court, Municipal, And License Clerks",0.0
Female,19.0,"OFF-Court, Municipal, And License Clerks",0.0
Female,20.0,"OFF-Court, Municipal, And License Clerks",0.0
Female,21.0,"OFF-Court, Municipal, And License Clerks",0.0
Female,22.0,"OFF-Court, Municipal, And License Clerks",0.0
Female,23.0,"OFF-Court, Municipal, And License Clerks",0.0
Female,24.0,"OFF-Court, Municipal, And License Clerks",0.0
Female,25.0,"OFF-Court, Municipal, And License Clerks",0.0
Female,26.0,"OFF-Court, Municipal, And License Clerks",0.0
Female,27.0,"OFF-Court, Municipal, And License Clerks",0.0
Female,28.0,"OFF-Court, Municipal, And License Clerks",0.0
Female,29.0,"OFF-Court, Municipal, And License Clerks",0.0
Female,30.0,"OFF-Court, Municipal, And License Clerks",0.0
Male,18.0,"OFF-Credit Authorizers, Checkers, And Clerks",0.0
Male,19.0,"OFF-Credit Authorizers, Checkers, And Clerks",0.0
Male,20.0,"OFF-Credit Authorizers, Checkers, And Clerks",0.0
Male,21.0,"OFF-Credit Authorizers, Checkers, And Clerks",0.0
Male,22.0,"OFF-Credit Authorizers, Checkers, And Clerks",0.0
Male,23.0,"OFF-Credit Authorizers, Checkers, And Clerks",0.0
Male,24.0,"OFF-Credit Authorizers, Checkers, And Clerks",0.0
Male,25.0,"OFF-Credit Authorizers, Checkers, And Clerks",0.0
Male,26.0,"OFF-Credit Authorizers, Checkers, And Clerks",0.0
Male,27.0,"OFF-Credit Authorizers, Checkers, And Clerks",0.0
Male,28.0,"OFF-Credit Authorizers, Checkers, And Clerks",188.0
Male,29.0,"OFF-Credit Authorizers, Checkers, And Clerks",0.0
Male,30.0,"OFF-Credit Authorizers, Checkers, And Clerks",0.0
Female,18.0,"OFF-Credit Authorizers, Checkers, And Clerks",0.0
Female,19.0,"OFF-Credit Authorizers, Checkers, And Clerks",0.0
Female,20.0,"OFF-Credit Authorizers, Checkers, And Clerks",0.0
Female,21.0,"OFF-Credit Authorizers, Checkers, And Clerks",0.0
Female,22.0,"OFF-Credit Authorizers, Checkers, And Clerks",0.0
Female,23.0,"OFF-Credit Authorizers, Checkers, And Clerks",0.0
Female,24.0,"OFF-Credit Authorizers, Checkers, And Clerks",0.0
Female,25.0,"OFF-Credit Authorizers, Checkers, And Clerks",0.0
Female,26.0,"OFF-Credit Authorizers, Checkers, And Clerks",0.0
Female,27.0,"OFF-Credit Authorizers, Checkers, And Clerks",0.0
Female,28.0,"OFF-Credit Authorizers, Checkers, And Clerks",0.0
Female,29.0,"OFF-Credit Authorizers, Checkers, And Clerks",0.0
Female,30.0,"OFF-Credit Authorizers, Checkers, And Clerks",0.0
Male,18.0,OFF-Customer Service Representatives,392.0
Male,19.0,OFF-Customer Service Representatives,167.0
Male,20.0,OFF-Customer Service Representatives,145.0
Male,21.0,OFF-Customer Service Representatives,339.0
Male,22.0,OFF-Customer Service Representatives,191.0
Male,23.0,OFF-Customer Service Representatives,74.0
Male,24.0,OFF-Customer Service Representatives,248.0
Male,25.0,OFF-Customer Service Representatives,285.0
Male,26.0,OFF-Customer Service Representatives,574.0
Male,27.0,OFF-Customer Service Representatives,119.0
Male,28.0,OFF-Customer Service Representatives,0.0
Male,29.0,OFF-Customer Service Representatives,84.0
Male,30.0,OFF-Customer Service Representatives,109.0
Female,18.0,OFF-Customer Service Representatives,424.0
Female,19.0,OFF-Customer Service Representatives,1633.0
Female,20.0,OFF-Customer Service Representatives,335.0
Female,21.0,OFF-Customer Service Representatives,292.0
Female,22.0,OFF-Customer Service Representatives,461.0
Female,23.0,OFF-Customer Service Representatives,1311.0
Female,24.0,OFF-Customer Service Representatives,493.0
Female,25.0,OFF-Customer Service Representatives,301.0
Female,26.0,OFF-Customer Service Representatives,99.0
Female,27.0,OFF-Customer Service Representatives,635.0
Female,28.0,OFF-Customer Service Representatives,936.0
Female,29.0,OFF-Customer Service Representatives,315.0
Female,30.0,OFF-Customer Service Representatives,306.0
Male,18.0,"OFF-Eligibility Interviewers, Government Programs",0.0
Male,19.0,"OFF-Eligibility Interviewers, Government Programs",0.0
Male,20.0,"OFF-Eligibility Interviewers, Government Programs",0.0
Male,21.0,"OFF-Eligibility Interviewers, Government Programs",0.0
Male,22.0,"OFF-Eligibility Interviewers, Government Programs",0.0
Male,23.0,"OFF-Eligibility Interviewers, Government Programs",0.0
Male,24.0,"OFF-Eligibility Interviewers, Government Programs",0.0
Male,25.0,"OFF-Eligibility Interviewers, Government Programs",0.0
Male,26.0,"OFF-Eligibility Interviewers, Government Programs",0.0
Male,27.0,"OFF-Eligibility Interviewers, Government Programs",0.0
Male,28.0,"OFF-Eligibility Interviewers, Government Programs",0.0
Male,29.0,"OFF-Eligibility Interviewers, Government Programs",0.0
Male,30.0,"OFF-Eligibility Interviewers, Government Programs",57.0
Female,18.0,"OFF-Eligibility Interviewers, Government Programs",0.0
Female,19.0,"OFF-Eligibility Interviewers, Government Programs",0.0
Female,20.0,"OFF-Eligibility Interviewers, Government Programs",0.0
Female,21.0,"OFF-Eligibility Interviewers, Government Programs",0.0
Female,22.0,"OFF-Eligibility Interviewers, Government Programs",0.0
Female,23.0,"OFF-Eligibility Interviewers, Government Programs",0.0
Female,24.0,"OFF-Eligibility Interviewers, Government Programs",0.0
Female,25.0,"OFF-Eligibility Interviewers, Government Programs",0.0
Female,26.0,"OFF-Eligibility Interviewers, Government Programs",0.0
Female,27.0,"OFF-Eligibility Interviewers, Government Programs",0.0
Female,28.0,"OFF-Eligibility Interviewers, Government Programs",0.0
Female,29.0,"OFF-Eligibility Interviewers, Government Programs",0.0
Female,30.0,"OFF-Eligibility Interviewers, Government Programs",0.0
Male,18.0,OFF-File Clerks,0.0
Male,19.0,OFF-File Clerks,0.0
Male,20.0,OFF-File Clerks,0.0
Male,21.0,OFF-File Clerks,0.0
Male,22.0,OFF-File Clerks,101.0
Male,23.0,OFF-File Clerks,0.0
Male,24.0,OFF-File Clerks,0.0
Male,25.0,OFF-File Clerks,58.0
Male,26.0,OFF-File Clerks,0.0
Male,27.0,OFF-File Clerks,0.0
Male,28.0,OFF-File Clerks,0.0
Male,29.0,OFF-File Clerks,0.0
Male,30.0,OFF-File Clerks,0.0
Female,18.0,OFF-File Clerks,0.0
Female,19.0,OFF-File Clerks,0.0
Female,20.0,OFF-File Clerks,0.0
Female,21.0,OFF-File Clerks,0.0
Female,22.0,OFF-File Clerks,253.0
Female,23.0,OFF-File Clerks,0.0
Female,24.0,OFF-File Clerks,0.0
Female,25.0,OFF-File Clerks,0.0
Female,26.0,OFF-File Clerks,0.0
Female,27.0,OFF-File Clerks,0.0
Female,28.0,OFF-File Clerks,0.0
Female,29.0,OFF-File Clerks,0.0
Female,30.0,OFF-File Clerks,0.0
Male,18.0,"OFF-Hotel, Motel, And Resort Desk Clerks",0.0
Male,19.0,"OFF-Hotel, Motel, And Resort Desk Clerks",0.0
Male,20.0,"OFF-Hotel, Motel, And Resort Desk Clerks",0.0
Male,21.0,"OFF-Hotel, Motel, And Resort Desk Clerks",75.0
Male,22.0,"OFF-Hotel, Motel, And Resort Desk Clerks",0.0
Male,23.0,"OFF-Hotel, Motel, And Resort Desk Clerks",0.0
Male,24.0,"OFF-Hotel, Motel, And Resort Desk Clerks",13.0
Male,25.0,"OFF-Hotel, Motel, And Resort Desk Clerks",0.0
Male,26.0,"OFF-Hotel, Motel, And Resort Desk Clerks",0.0
Male,27.0,"OFF-Hotel, Motel, And Resort Desk Clerks",0.0
Male,28.0,"OFF-Hotel, Motel, And Resort Desk Clerks",0.0
Male,29.0,"OFF-Hotel, Motel, And Resort Desk Clerks",0.0
Male,30.0,"OFF-Hotel, Motel, And Resort Desk Clerks",0.0
Female,18.0,"OFF-Hotel, Motel, And Resort Desk Clerks",0.0
Female,19.0,"OFF-Hotel, Motel, And Resort Desk Clerks",0.0
Female,20.0,"OFF-Hotel, Motel, And Resort Desk Clerks",192.0
Female,21.0,"OFF-Hotel, Motel, And Resort Desk Clerks",283.0
Female,22.0,"OFF-Hotel, Motel, And Resort Desk Clerks",117.0
Female,23.0,"OFF-Hotel, Motel, And Resort Desk Clerks",0.0
Female,24.0,"OFF-Hotel, Motel, And Resort Desk Clerks",123.0
Female,25.0,"OFF-Hotel, Motel, And Resort Desk Clerks",0.0
Female,26.0,"OFF-Hotel, Motel, And Resort Desk Clerks",168.0
Female,27.0,"OFF-Hotel, Motel, And Resort Desk Clerks",0.0
Female,28.0,"OFF-Hotel, Motel, And Resort Desk Clerks",0.0
Female,29.0,"OFF-Hotel, Motel, And Resort Desk Clerks",135.0
Female,30.0,"OFF-Hotel, Motel, And Resort Desk Clerks",0.0
Male,18.0,"OFF-Interviewers, Except Eligibility And Loan",0.0
Male,19.0,"OFF-Interviewers, Except Eligibility And Loan",0.0
Male,20.0,"OFF-Interviewers, Except Eligibility And Loan",0.0
Male,21.0,"OFF-Interviewers, Except Eligibility And Loan",0.0
Male,22.0,"OFF-Interviewers, Except Eligibility And Loan",55.0
Male,23.0,"OFF-Interviewers, Except Eligibility And Loan",0.0
Male,24.0,"OFF-Interviewers, Except Eligibility And Loan",0.0
Male,25.0,"OFF-Interviewers, Except Eligibility And Loan",0.0
Male,26.0,"OFF-Interviewers, Except Eligibility And Loan",85.0
Male,27.0,"OFF-Interviewers, Except Eligibility And Loan",0.0
Male,28.0,"OFF-Interviewers, Except Eligibility And Loan",0.0
Male,29.0,"OFF-Interviewers, Except Eligibility And Loan",0.0
Male,30.0,"OFF-Interviewers, Except Eligibility And Loan",0.0
Female,18.0,"OFF-Interviewers, Except Eligibility And Loan",0.0
Female,19.0,"OFF-Interviewers, Except Eligibility And Loan",0.0
Female,20.0,"OFF-Interviewers, Except Eligibility And Loan",192.0
Female,21.0,"OFF-Interviewers, Except Eligibility And Loan",109.0
Female,22.0,"OFF-Interviewers, Except Eligibility And Loan",130.0
Female,23.0,"OFF-Interviewers, Except Eligibility And Loan",0.0
Female,24.0,"OFF-Interviewers, Except Eligibility And Loan",0.0
Female,25.0,"OFF-Interviewers, Except Eligibility And Loan",0.0
Female,26.0,"OFF-Interviewers, Except Eligibility And Loan",0.0
Female,27.0,"OFF-Interviewers, Except Eligibility And Loan",0.0
Female,28.0,"OFF-Interviewers, Except Eligibility And Loan",0.0
Female,29.0,"OFF-Interviewers, Except Eligibility And Loan",0.0
Female,30.0,"OFF-Interviewers, Except Eligibility And Loan",0.0
Male,18.0,"OFF-Library Assistants, Clerical",0.0
Male,19.0,"OFF-Library Assistants, Clerical",0.0
Male,20.0,"OFF-Library Assistants, Clerical",0.0
Male,21.0,"OFF-Library Assistants, Clerical",0.0
Male,22.0,"OFF-Library Assistants, Clerical",0.0
Male,23.0,"OFF-Library Assistants, Clerical",0.0
Male,24.0,"OFF-Library Assistants, Clerical",0.0
Male,25.0,"OFF-Library Assistants, Clerical",0.0
Male,26.0,"OFF-Library Assistants, Clerical",0.0
Male,27.0,"OFF-Library Assistants, Clerical",0.0
Male,28.0,"OFF-Library Assistants, Clerical",0.0
Male,29.0,"OFF-Library Assistants, Clerical",198.0
Male,30.0,"OFF-Library Assistants, Clerical",0.0
Female,18.0,"OFF-Library Assistants, Clerical",0.0
Female,19.0,"OFF-Library Assistants, Clerical",321.0
Female,20.0,"OFF-Library Assistants, Clerical",414.0
Female,21.0,"OFF-Library Assistants, Clerical",131.0
Female,22.0,"OFF-Library Assistants, Clerical",0.0
Female,23.0,"OFF-Library Assistants, Clerical",0.0
Female,24.0,"OFF-Library Assistants, Clerical",0.0
Female,25.0,"OFF-Library Assistants, Clerical",0.0
Female,26.0,"OFF-Library Assistants, Clerical",162.0
Female,27.0,"OFF-Library Assistants, Clerical",0.0
Female,28.0,"OFF-Library Assistants, Clerical",0.0
Female,29.0,"OFF-Library Assistants, Clerical",119.0
Female,30.0,"OFF-Library Assistants, Clerical",0.0
Male,18.0,OFF-Loan Interviewers And Clerks,0.0
Male,19.0,OFF-Loan Interviewers And Clerks,0.0
Male,20.0,OFF-Loan Interviewers And Clerks,0.0
Male,21.0,OFF-Loan Interviewers And Clerks,0.0
Male,22.0,OFF-Loan Interviewers And Clerks,89.0
Male,23.0,OFF-Loan Interviewers And Clerks,0.0
Male,24.0,OFF-Loan Interviewers And Clerks,0.0
Male,25.0,OFF-Loan Interviewers And Clerks,0.0
Male,26.0,OFF-Loan Interviewers And Clerks,91.0
Male,27.0,OFF-Loan Interviewers And Clerks,0.0
Male,28.0,OFF-Loan Interviewers And Clerks,0.0
Male,29.0,OFF-Loan Interviewers And Clerks,0.0
Male,30.0,OFF-Loan Interviewers And Clerks,0.0
Female,18.0,OFF-Loan Interviewers And Clerks,0.0
Female,19.0,OFF-Loan Interviewers And Clerks,0.0
Female,20.0,OFF-Loan Interviewers And Clerks,0.0
Female,21.0,OFF-Loan Interviewers And Clerks,0.0
Female,22.0,OFF-Loan Interviewers And Clerks,0.0
Female,23.0,OFF-Loan Interviewers And Clerks,0.0
Female,24.0,OFF-Loan Interviewers And Clerks,0.0
Female,25.0,OFF-Loan Interviewers And Clerks,0.0
Female,26.0,OFF-Loan Interviewers And Clerks,0.0
Female,27.0,OFF-Loan Interviewers And Clerks,0.0
Female,28.0,OFF-Loan Interviewers And Clerks,0.0
Female,29.0,OFF-Loan Interviewers And Clerks,0.0
Female,30.0,OFF-Loan Interviewers And Clerks,116.0
Male,18.0,OFF-New Accounts Clerks,0.0
Male,19.0,OFF-New Accounts Clerks,0.0
Male,20.0,OFF-New Accounts Clerks,0.0
Male,21.0,OFF-New Accounts Clerks,0.0
Male,22.0,OFF-New Accounts Clerks,0.0
Male,23.0,OFF-New Accounts Clerks,0.0
Male,24.0,OFF-New Accounts Clerks,0.0
Male,25.0,OFF-New Accounts Clerks,0.0
Male,26.0,OFF-New Accounts Clerks,0.0
Male,27.0,OFF-New Accounts Clerks,0.0
Male,28.0,OFF-New Accounts Clerks,0.0
Male,29.0,OFF-New Accounts Clerks,0.0
Male,30.0,OFF-New Accounts Clerks,0.0
Female,18.0,OFF-New Accounts Clerks,0.0
Female,19.0,OFF-New Accounts Clerks,0.0
Female,20.0,OFF-New Accounts Clerks,0.0
Female,21.0,OFF-New Accounts Clerks,0.0
Female,22.0,OFF-New Accounts Clerks,0.0
Female,23.0,OFF-New Accounts Clerks,0.0
Female,24.0,OFF-New Accounts Clerks,0.0
Female,25.0,OFF-New Accounts Clerks,0.0
Female,26.0,OFF-New Accounts Clerks,0.0
Female,27.0,OFF-New Accounts Clerks,0.0
Female,28.0,OFF-New Accounts Clerks,0.0
Female,29.0,OFF-New Accounts Clerks,0.0
Female,30.0,OFF-New Accounts Clerks,0.0
Male,18.0,OFF-Correspondence Clerks And Order Clerks,0.0
Male,19.0,OFF-Correspondence Clerks And Order Clerks,0.0
Male,20.0,OFF-Correspondence Clerks And Order Clerks,0.0
Male,21.0,OFF-Correspondence Clerks And Order Clerks,0.0
Male,22.0,OFF-Correspondence Clerks And Order Clerks,0.0
Male,23.0,OFF-Correspondence Clerks And Order Clerks,0.0
Male,24.0,OFF-Correspondence Clerks And Order Clerks,0.0
Male,25.0,OFF-Correspondence Clerks And Order Clerks,72.0
Male,26.0,OFF-Correspondence Clerks And Order Clerks,0.0
Male,27.0,OFF-Correspondence Clerks And Order Clerks,0.0
Male,28.0,OFF-Correspondence Clerks And Order Clerks,0.0
Male,29.0,OFF-Correspondence Clerks And Order Clerks,0.0
Male,30.0,OFF-Correspondence Clerks And Order Clerks,0.0
Female,18.0,OFF-Correspondence Clerks And Order Clerks,0.0
Female,19.0,OFF-Correspondence Clerks And Order Clerks,0.0
Female,20.0,OFF-Correspondence Clerks And Order Clerks,0.0
Female,21.0,OFF-Correspondence Clerks And Order Clerks,0.0
Female,22.0,OFF-Correspondence Clerks And Order Clerks,0.0
Female,23.0,OFF-Correspondence Clerks And Order Clerks,0.0
Female,24.0,OFF-Correspondence Clerks And Order Clerks,0.0
Female,25.0,OFF-Correspondence Clerks And Order Clerks,0.0
Female,26.0,OFF-Correspondence Clerks And Order Clerks,0.0
Female,27.0,OFF-Correspondence Clerks And Order Clerks,0.0
Female,28.0,OFF-Correspondence Clerks And Order Clerks,0.0
Female,29.0,OFF-Correspondence Clerks And Order Clerks,0.0
Female,30.0,OFF-Correspondence Clerks And Order Clerks,0.0
Male,18.0,"OFF-Human Resources Assistants, Except Payroll And Timekeeping",0.0
Male,19.0,"OFF-Human Resources Assistants, Except Payroll And Timekeeping",0.0
Male,20.0,"OFF-Human Resources Assistants, Except Payroll And Timekeeping",0.0
Male,21.0,"OFF-Human Resources Assistants, Except Payroll And Timekeeping",0.0
Male,22.0,"OFF-Human Resources Assistants, Except Payroll And Timekeeping",0.0
Male,23.0,"OFF-Human Resources Assistants, Except Payroll And Timekeeping",0.0
Male,24.0,"OFF-Human Resources Assistants, Except Payroll And Timekeeping",0.0
Male,25.0,"OFF-Human Resources Assistants, Except Payroll And Timekeeping",0.0
Male,26.0,"OFF-Human Resources Assistants, Except Payroll And Timekeeping",0.0
Male,27.0,"OFF-Human Resources Assistants, Except Payroll And Timekeeping",0.0
Male,28.0,"OFF-Human Resources Assistants, Except Payroll And Timekeeping",0.0
Male,29.0,"OFF-Human Resources Assistants, Except Payroll And Timekeeping",0.0
Male,30.0,"OFF-Human Resources Assistants, Except Payroll And Timekeeping",117.0
Female,18.0,"OFF-Human Resources Assistants, Except Payroll And Timekeeping",0.0
Female,19.0,"OFF-Human Resources Assistants, Except Payroll And Timekeeping",0.0
Female,20.0,"OFF-Human Resources Assistants, Except Payroll And Timekeeping",0.0
Female,21.0,"OFF-Human Resources Assistants, Except Payroll And Timekeeping",119.0
Female,22.0,"OFF-Human Resources Assistants, Except Payroll And Timekeeping",321.0
Female,23.0,"OFF-Human Resources Assistants, Except Payroll And Timekeeping",68.0
Female,24.0,"OFF-Human Resources Assistants, Except Payroll And Timekeeping",0.0
Female,25.0,"OFF-Human Resources Assistants, Except Payroll And Timekeeping",0.0
Female,26.0,"OFF-Human Resources Assistants, Except Payroll And Timekeeping",0.0
Female,27.0,"OFF-Human Resources Assistants, Except Payroll And Timekeeping",0.0
Female,28.0,"OFF-Human Resources Assistants, Except Payroll And Timekeeping",0.0
Female,29.0,"OFF-Human Resources Assistants, Except Payroll And Timekeeping",0.0
Female,30.0,"OFF-Human Resources Assistants, Except Payroll And Timekeeping",0.0
Male,18.0,OFF-Receptionists And Information Clerks,581.0
Male,19.0,OFF-Receptionists And Information Clerks,506.0
Male,20.0,OFF-Receptionists And Information Clerks,1130.0
Male,21.0,OFF-Receptionists And Information Clerks,650.0
Male,22.0,OFF-Receptionists And Information Clerks,690.0
Male,23.0,OFF-Receptionists And Information Clerks,489.0
Male,24.0,OFF-Receptionists And Information Clerks,635.0
Male,25.0,OFF-Receptionists And Information Clerks,0.0
Male,26.0,OFF-Receptionists And Information Clerks,0.0
Male,27.0,OFF-Receptionists And Information Clerks,0.0
Male,28.0,OFF-Receptionists And Information Clerks,61.0
Male,29.0,OFF-Receptionists And Information Clerks,0.0
Male,30.0,OFF-Receptionists And Information Clerks,0.0
Female,18.0,OFF-Receptionists And Information Clerks,255.0
Female,19.0,OFF-Receptionists And Information Clerks,682.0
Female,20.0,OFF-Receptionists And Information Clerks,831.0
Female,21.0,OFF-Receptionists And Information Clerks,853.0
Female,22.0,OFF-Receptionists And Information Clerks,739.0
Female,23.0,OFF-Receptionists And Information Clerks,430.0
Female,24.0,OFF-Receptionists And Information Clerks,497.0
Female,25.0,OFF-Receptionists And Information Clerks,345.0
Female,26.0,OFF-Receptionists And Information Clerks,612.0
Female,27.0,OFF-Receptionists And Information Clerks,531.0
Female,28.0,OFF-Receptionists And Information Clerks,28.0
Female,29.0,OFF-Receptionists And Information Clerks,189.0
Female,30.0,OFF-Receptionists And Information Clerks,0.0
Male,18.0,OFF-Reservation And Transportation Ticket Agents And Travel Clerks,0.0
Male,19.0,OFF-Reservation And Transportation Ticket Agents And Travel Clerks,0.0
Male,20.0,OFF-Reservation And Transportation Ticket Agents And Travel Clerks,0.0
Male,21.0,OFF-Reservation And Transportation Ticket Agents And Travel Clerks,0.0
Male,22.0,OFF-Reservation And Transportation Ticket Agents And Travel Clerks,0.0
Male,23.0,OFF-Reservation And Transportation Ticket Agents And Travel Clerks,0.0
Male,24.0,OFF-Reservation And Transportation Ticket Agents And Travel Clerks,0.0
Male,25.0,OFF-Reservation And Transportation Ticket Agents And Travel Clerks,0.0
Male,26.0,OFF-Reservation And Transportation Ticket Agents And Travel Clerks,0.0
Male,27.0,OFF-Reservation And Transportation Ticket Agents And Travel Clerks,0.0
Male,28.0,OFF-Reservation And Transportation Ticket Agents And Travel Clerks,0.0
Male,29.0,OFF-Reservation And Transportation Ticket Agents And Travel Clerks,0.0
Male,30.0,OFF-Reservation And Transportation Ticket Agents And Travel Clerks,0.0
Female,18.0,OFF-Reservation And Transportation Ticket Agents And Travel Clerks,0.0
Female,19.0,OFF-Reservation And Transportation Ticket Agents And Travel Clerks,0.0
Female,20.0,OFF-Reservation And Transportation Ticket Agents And Travel Clerks,0.0
Female,21.0,OFF-Reservation And Transportation Ticket Agents And Travel Clerks,0.0
Female,22.0,OFF-Reservation And Transportation Ticket Agents And Travel Clerks,0.0
Female,23.0,OFF-Reservation And Transportation Ticket Agents And Travel Clerks,0.0
Female,24.0,OFF-Reservation And Transportation Ticket Agents And Travel Clerks,0.0
Female,25.0,OFF-Reservation And Transportation Ticket Agents And Travel Clerks,0.0
Female,26.0,OFF-Reservation And Transportation Ticket Agents And Travel Clerks,0.0
Female,27.0,OFF-Reservation And Transportation Ticket Agents And Travel Clerks,0.0
Female,28.0,OFF-Reservation And Transportation Ticket Agents And Travel Clerks,0.0
Female,29.0,OFF-Reservation And Transportation Ticket Agents And Travel Clerks,0.0
Female,30.0,OFF-Reservation And Transportation Ticket Agents And Travel Clerks,0.0
Male,18.0,OFF-Other Information And Records Clerks,0.0
Male,19.0,OFF-Other Information And Records Clerks,0.0
Male,20.0,OFF-Other Information And Records Clerks,0.0
Male,21.0,OFF-Other Information And Records Clerks,0.0
Male,22.0,OFF-Other Information And Records Clerks,0.0
Male,23.0,OFF-Other Information And Records Clerks,0.0
Male,24.0,OFF-Other Information And Records Clerks,0.0
Male,25.0,OFF-Other Information And Records Clerks,0.0
Male,26.0,OFF-Other Information And Records Clerks,0.0
Male,27.0,OFF-Other Information And Records Clerks,0.0
Male,28.0,OFF-Other Information And Records Clerks,0.0
Male,29.0,OFF-Other Information And Records Clerks,0.0
Male,30.0,OFF-Other Information And Records Clerks,0.0
Female,18.0,OFF-Other Information And Records Clerks,0.0
Female,19.0,OFF-Other Information And Records Clerks,0.0
Female,20.0,OFF-Other Information And Records Clerks,0.0
Female,21.0,OFF-Other Information And Records Clerks,0.0
Female,22.0,OFF-Other Information And Records Clerks,0.0
Female,23.0,OFF-Other Information And Records Clerks,0.0
Female,24.0,OFF-Other Information And Records Clerks,0.0
Female,25.0,OFF-Other Information And Records Clerks,0.0
Female,26.0,OFF-Other Information And Records Clerks,0.0
Female,27.0,OFF-Other Information And Records Clerks,0.0
Female,28.0,OFF-Other Information And Records Clerks,250.0
Female,29.0,OFF-Other Information And Records Clerks,0.0
Female,30.0,OFF-Other Information And Records Clerks,0.0
Male,18.0,OFF-Cargo And Freight Agents,0.0
Male,19.0,OFF-Cargo And Freight Agents,0.0
Male,20.0,OFF-Cargo And Freight Agents,0.0
Male,21.0,OFF-Cargo And Freight Agents,0.0
Male,22.0,OFF-Cargo And Freight Agents,0.0
Male,23.0,OFF-Cargo And Freight Agents,0.0
Male,24.0,OFF-Cargo And Freight Agents,0.0
Male,25.0,OFF-Cargo And Freight Agents,0.0
Male,26.0,OFF-Cargo And Freight Agents,0.0
Male,27.0,OFF-Cargo And Freight Agents,0.0
Male,28.0,OFF-Cargo And Freight Agents,0.0
Male,29.0,OFF-Cargo And Freight Agents,0.0
Male,30.0,OFF-Cargo And Freight Agents,0.0
Female,18.0,OFF-Cargo And Freight Agents,0.0
Female,19.0,OFF-Cargo And Freight Agents,0.0
Female,20.0,OFF-Cargo And Freight Agents,0.0
Female,21.0,OFF-Cargo And Freight Agents,0.0
Female,22.0,OFF-Cargo And Freight Agents,0.0
Female,23.0,OFF-Cargo And Freight Agents,0.0
Female,24.0,OFF-Cargo And Freight Agents,0.0
Female,25.0,OFF-Cargo And Freight Agents,0.0
Female,26.0,OFF-Cargo And Freight Agents,0.0
Female,27.0,OFF-Cargo And Freight Agents,0.0
Female,28.0,OFF-Cargo And Freight Agents,0.0
Female,29.0,OFF-Cargo And Freight Agents,0.0
Female,30.0,OFF-Cargo And Freight Agents,0.0
Male,18.0,OFF-Couriers And Messengers,178.0
Male,19.0,OFF-Couriers And Messengers,39.0
Male,20.0,OFF-Couriers And Messengers,896.0
Male,21.0,OFF-Couriers And Messengers,278.0
Male,22.0,OFF-Couriers And Messengers,111.0
Male,23.0,OFF-Couriers And Messengers,686.0
Male,24.0,OFF-Couriers And Messengers,370.0
Male,25.0,OFF-Couriers And Messengers,68.0
Male,26.0,OFF-Couriers And Messengers,206.0
Male,27.0,OFF-Couriers And Messengers,442.0
Male,28.0,OFF-Couriers And Messengers,327.0
Male,29.0,OFF-Couriers And Messengers,78.0
Male,30.0,OFF-Couriers And Messengers,152.0
Female,18.0,OFF-Couriers And Messengers,266.0
Female,19.0,OFF-Couriers And Messengers,0.0
Female,20.0,OFF-Couriers And Messengers,0.0
Female,21.0,OFF-Couriers And Messengers,0.0
Female,22.0,OFF-Couriers And Messengers,0.0
Female,23.0,OFF-Couriers And Messengers,0.0
Female,24.0,OFF-Couriers And Messengers,0.0
Female,25.0,OFF-Couriers And Messengers,47.0
Female,26.0,OFF-Couriers And Messengers,130.0
Female,27.0,OFF-Couriers And Messengers,219.0
Female,28.0,OFF-Couriers And Messengers,0.0
Female,29.0,OFF-Couriers And Messengers,0.0
Female,30.0,OFF-Couriers And Messengers,53.0
Male,18.0,OFF-Public Safety Telecommunicators,0.0
Male,19.0,OFF-Public Safety Telecommunicators,0.0
Male,20.0,OFF-Public Safety Telecommunicators,0.0
Male,21.0,OFF-Public Safety Telecommunicators,0.0
Male,22.0,OFF-Public Safety Telecommunicators,50.0
Male,23.0,OFF-Public Safety Telecommunicators,89.0
Male,24.0,OFF-Public Safety Telecommunicators,92.0
Male,25.0,OFF-Public Safety Telecommunicators,0.0
Male,26.0,OFF-Public Safety Telecommunicators,0.0
Male,27.0,OFF-Public Safety Telecommunicators,78.0
Male,28.0,OFF-Public Safety Telecommunicators,0.0
Male,29.0,OFF-Public Safety Telecommunicators,0.0
Male,30.0,OFF-Public Safety Telecommunicators,0.0
Female,18.0,OFF-Public Safety Telecommunicators,0.0
Female,19.0,OFF-Public Safety Telecommunicators,126.0
Female,20.0,OFF-Public Safety Telecommunicators,0.0
Female,21.0,OFF-Public Safety Telecommunicators,0.0
Female,22.0,OFF-Public Safety Telecommunicators,0.0
Female,23.0,OFF-Public Safety Telecommunicators,0.0
Female,24.0,OFF-Public Safety Telecommunicators,0.0
Female,25.0,OFF-Public Safety Telecommunicators,0.0
Female,26.0,OFF-Public Safety Telecommunicators,0.0
Female,27.0,OFF-Public Safety Telecommunicators,0.0
Female,28.0,OFF-Public Safety Telecommunicators,0.0
Female,29.0,OFF-Public Safety Telecommunicators,0.0
Female,30.0,OFF-Public Safety Telecommunicators,0.0
Male,18.0,"OFF-Dispatchers, Except Police, Fire, And Ambulance",0.0
Male,19.0,"OFF-Dispatchers, Except Police, Fire, And Ambulance",0.0
Male,20.0,"OFF-Dispatchers, Except Police, Fire, And Ambulance",160.0
Male,21.0,"OFF-Dispatchers, Except Police, Fire, And Ambulance",0.0
Male,22.0,"OFF-Dispatchers, Except Police, Fire, And Ambulance",0.0
Male,23.0,"OFF-Dispatchers, Except Police, Fire, And Ambulance",0.0
Male,24.0,"OFF-Dispatchers, Except Police, Fire, And Ambulance",0.0
Male,25.0,"OFF-Dispatchers, Except Police, Fire, And Ambulance",0.0
Male,26.0,"OFF-Dispatchers, Except Police, Fire, And Ambulance",0.0
Male,27.0,"OFF-Dispatchers, Except Police, Fire, And Ambulance",0.0
Male,28.0,"OFF-Dispatchers, Except Police, Fire, And Ambulance",0.0
Male,29.0,"OFF-Dispatchers, Except Police, Fire, And Ambulance",0.0
Male,30.0,"OFF-Dispatchers, Except Police, Fire, And Ambulance",0.0
Female,18.0,"OFF-Dispatchers, Except Police, Fire, And Ambulance",0.0
Female,19.0,"OFF-Dispatchers, Except Police, Fire, And Ambulance",0.0
Female,20.0,"OFF-Dispatchers, Except Police, Fire, And Ambulance",0.0
Female,21.0,"OFF-Dispatchers, Except Police, Fire, And Ambulance",0.0
Female,22.0,"OFF-Dispatchers, Except Police, Fire, And Ambulance",0.0
Female,23.0,"OFF-Dispatchers, Except Police, Fire, And Ambulance",0.0
Female,24.0,"OFF-Dispatchers, Except Police, Fire, And Ambulance",0.0
Female,25.0,"OFF-Dispatchers, Except Police, Fire, And Ambulance",0.0
Female,26.0,"OFF-Dispatchers, Except Police, Fire, And Ambulance",0.0
Female,27.0,"OFF-Dispatchers, Except Police, Fire, And Ambulance",0.0
Female,28.0,"OFF-Dispatchers, Except Police, Fire, And Ambulance",0.0
Female,29.0,"OFF-Dispatchers, Except Police, Fire, And Ambulance",109.0
Female,30.0,"OFF-Dispatchers, Except Police, Fire, And Ambulance",0.0
Male,18.0,"OFF-Meter Readers, Utilities",0.0
Male,19.0,"OFF-Meter Readers, Utilities",0.0
Male,20.0,"OFF-Meter Readers, Utilities",0.0
Male,21.0,"OFF-Meter Readers, Utilities",0.0
Male,22.0,"OFF-Meter Readers, Utilities",0.0
Male,23.0,"OFF-Meter Readers, Utilities",0.0
Male,24.0,"OFF-Meter Readers, Utilities",0.0
Male,25.0,"OFF-Meter Readers, Utilities",0.0
Male,26.0,"OFF-Meter Readers, Utilities",0.0
Male,27.0,"OFF-Meter Readers, Utilities",0.0
Male,28.0,"OFF-Meter Readers, Utilities",0.0
Male,29.0,"OFF-Meter Readers, Utilities",0.0
Male,30.0,"OFF-Meter Readers, Utilities",0.0
Female,18.0,"OFF-Meter Readers, Utilities",0.0
Female,19.0,"OFF-Meter Readers, Utilities",0.0
Female,20.0,"OFF-Meter Readers, Utilities",0.0
Female,21.0,"OFF-Meter Readers, Utilities",0.0
Female,22.0,"OFF-Meter Readers, Utilities",0.0
Female,23.0,"OFF-Meter Readers, Utilities",0.0
Female,24.0,"OFF-Meter Readers, Utilities",0.0
Female,25.0,"OFF-Meter Readers, Utilities",0.0
Female,26.0,"OFF-Meter Readers, Utilities",0.0
Female,27.0,"OFF-Meter Readers, Utilities",0.0
Female,28.0,"OFF-Meter Readers, Utilities",0.0
Female,29.0,"OFF-Meter Readers, Utilities",0.0
Female,30.0,"OFF-Meter Readers, Utilities",0.0
Male,18.0,OFF-Postal Service Clerks,0.0
Male,19.0,OFF-Postal Service Clerks,0.0
Male,20.0,OFF-Postal Service Clerks,0.0
Male,21.0,OFF-Postal Service Clerks,0.0
Male,22.0,OFF-Postal Service Clerks,0.0
Male,23.0,OFF-Postal Service Clerks,0.0
Male,24.0,OFF-Postal Service Clerks,294.0
Male,25.0,OFF-Postal Service Clerks,0.0
Male,26.0,OFF-Postal Service Clerks,0.0
Male,27.0,OFF-Postal Service Clerks,0.0
Male,28.0,OFF-Postal Service Clerks,149.0
Male,29.0,OFF-Postal Service Clerks,0.0
Male,30.0,OFF-Postal Service Clerks,0.0
Female,18.0,OFF-Postal Service Clerks,0.0
Female,19.0,OFF-Postal Service Clerks,0.0
Female,20.0,OFF-Postal Service Clerks,0.0
Female,21.0,OFF-Postal Service Clerks,0.0
Female,22.0,OFF-Postal Service Clerks,0.0
Female,23.0,OFF-Postal Service Clerks,0.0
Female,24.0,OFF-Postal Service Clerks,0.0
Female,25.0,OFF-Postal Service Clerks,0.0
Female,26.0,OFF-Postal Service Clerks,131.0
Female,27.0,OFF-Postal Service Clerks,158.0
Female,28.0,OFF-Postal Service Clerks,0.0
Female,29.0,OFF-Postal Service Clerks,0.0
Female,30.0,OFF-Postal Service Clerks,0.0
Male,18.0,OFF-Postal Service Mail Carriers,0.0
Male,19.0,OFF-Postal Service Mail Carriers,0.0
Male,20.0,OFF-Postal Service Mail Carriers,0.0
Male,21.0,OFF-Postal Service Mail Carriers,0.0
Male,22.0,OFF-Postal Service Mail Carriers,0.0
Male,23.0,OFF-Postal Service Mail Carriers,0.0
Male,24.0,OFF-Postal Service Mail Carriers,54.0
Male,25.0,OFF-Postal Service Mail Carriers,41.0
Male,26.0,OFF-Postal Service Mail Carriers,181.0
Male,27.0,OFF-Postal Service Mail Carriers,132.0
Male,28.0,OFF-Postal Service Mail Carriers,99.0
Male,29.0,OFF-Postal Service Mail Carriers,29.0
Male,30.0,OFF-Postal Service Mail Carriers,89.0
Female,18.0,OFF-Postal Service Mail Carriers,0.0
Female,19.0,OFF-Postal Service Mail Carriers,0.0
Female,20.0,OFF-Postal Service Mail Carriers,0.0
Female,21.0,OFF-Postal Service Mail Carriers,0.0
Female,22.0,OFF-Postal Service Mail Carriers,0.0
Female,23.0,OFF-Postal Service Mail Carriers,0.0
Female,24.0,OFF-Postal Service Mail Carriers,0.0
Female,25.0,OFF-Postal Service Mail Carriers,56.0
Female,26.0,OFF-Postal Service Mail Carriers,51.0
Female,27.0,OFF-Postal Service Mail Carriers,120.0
Female,28.0,OFF-Postal Service Mail Carriers,0.0
Female,29.0,OFF-Postal Service Mail Carriers,0.0
Female,30.0,OFF-Postal Service Mail Carriers,0.0
Male,18.0,"OFF-Postal Service Mail Sorters, Processors, And Processing Machine Operators",0.0
Male,19.0,"OFF-Postal Service Mail Sorters, Processors, And Processing Machine Operators",0.0
Male,20.0,"OFF-Postal Service Mail Sorters, Processors, And Processing Machine Operators",0.0
Male,21.0,"OFF-Postal Service Mail Sorters, Processors, And Processing Machine Operators",0.0
Male,22.0,"OFF-Postal Service Mail Sorters, Processors, And Processing Machine Operators",0.0
Male,23.0,"OFF-Postal Service Mail Sorters, Processors, And Processing Machine Operators",0.0
Male,24.0,"OFF-Postal Service Mail Sorters, Processors, And Processing Machine Operators",0.0
Male,25.0,"OFF-Postal Service Mail Sorters, Processors, And Processing Machine Operators",0.0
Male,26.0,"OFF-Postal Service Mail Sorters, Processors, And Processing Machine Operators",0.0
Male,27.0,"OFF-Postal Service Mail Sorters, Processors, And Processing Machine Operators",0.0
Male,28.0,"OFF-Postal Service Mail Sorters, Processors, And Processing Machine Operators",0.0
Male,29.0,"OFF-Postal Service Mail Sorters, Processors, And Processing Machine Operators",0.0
Male,30.0,"OFF-Postal Service Mail Sorters, Processors, And Processing Machine Operators",0.0
Female,18.0,"OFF-Postal Service Mail Sorters, Processors, And Processing Machine Operators",0.0
Female,19.0,"OFF-Postal Service Mail Sorters, Processors, And Processing Machine Operators",0.0
Female,20.0,"OFF-Postal Service Mail Sorters, Processors, And Processing Machine Operators",0.0
Female,21.0,"OFF-Postal Service Mail Sorters, Processors, And Processing Machine Operators",0.0
Female,22.0,"OFF-Postal Service Mail Sorters, Processors, And Processing Machine Operators",0.0
Female,23.0,"OFF-Postal Service Mail Sorters, Processors, And Processing Machine Operators",0.0
Female,24.0,"OFF-Postal Service Mail Sorters, Processors, And Processing Machine Operators",0.0
Female,25.0,"OFF-Postal Service Mail Sorters, Processors, And Processing Machine Operators",0.0
Female,26.0,"OFF-Postal Service Mail Sorters, Processors, And Processing Machine Operators",0.0
Female,27.0,"OFF-Postal Service Mail Sorters, Processors, And Processing Machine Operators",0.0
Female,28.0,"OFF-Postal Service Mail Sorters, Processors, And Processing Machine Operators",0.0
Female,29.0,"OFF-Postal Service Mail Sorters, Processors, And Processing Machine Operators",0.0
Female,30.0,"OFF-Postal Service Mail Sorters, Processors, And Processing Machine Operators",0.0
Male,18.0,"OFF-Production, Planning, And Expediting Clerks",0.0
Male,19.0,"OFF-Production, Planning, And Expediting Clerks",166.0
Male,20.0,"OFF-Production, Planning, And Expediting Clerks",0.0
Male,21.0,"OFF-Production, Planning, And Expediting Clerks",0.0
Male,22.0,"OFF-Production, Planning, And Expediting Clerks",0.0
Male,23.0,"OFF-Production, Planning, And Expediting Clerks",0.0
Male,24.0,"OFF-Production, Planning, And Expediting Clerks",176.0
Male,25.0,"OFF-Production, Planning, And Expediting Clerks",242.0
Male,26.0,"OFF-Production, Planning, And Expediting Clerks",0.0
Male,27.0,"OFF-Production, Planning, And Expediting Clerks",0.0
Male,28.0,"OFF-Production, Planning, And Expediting Clerks",72.0
Male,29.0,"OFF-Production, Planning, And Expediting Clerks",0.0
Male,30.0,"OFF-Production, Planning, And Expediting Clerks",382.0
Female,18.0,"OFF-Production, Planning, And Expediting Clerks",0.0
Female,19.0,"OFF-Production, Planning, And Expediting Clerks",0.0
Female,20.0,"OFF-Production, Planning, And Expediting Clerks",61.0
Female,21.0,"OFF-Production, Planning, And Expediting Clerks",108.0
Female,22.0,"OFF-Production, Planning, And Expediting Clerks",268.0
Female,23.0,"OFF-Production, Planning, And Expediting Clerks",0.0
Female,24.0,"OFF-Production, Planning, And Expediting Clerks",0.0
Female,25.0,"OFF-Production, Planning, And Expediting Clerks",0.0
Female,26.0,"OFF-Production, Planning, And Expediting Clerks",0.0
Female,27.0,"OFF-Production, Planning, And Expediting Clerks",0.0
Female,28.0,"OFF-Production, Planning, And Expediting Clerks",0.0
Female,29.0,"OFF-Production, Planning, And Expediting Clerks",0.0
Female,30.0,"OFF-Production, Planning, And Expediting Clerks",75.0
Male,18.0,"OFF-Shipping, Receiving, And Inventory Clerks",119.0
Male,19.0,"OFF-Shipping, Receiving, And Inventory Clerks",187.0
Male,20.0,"OFF-Shipping, Receiving, And Inventory Clerks",0.0
Male,21.0,"OFF-Shipping, Receiving, And Inventory Clerks",0.0
Male,22.0,"OFF-Shipping, Receiving, And Inventory Clerks",0.0
Male,23.0,"OFF-Shipping, Receiving, And Inventory Clerks",125.0
Male,24.0,"OFF-Shipping, Receiving, And Inventory Clerks",32.0
Male,25.0,"OFF-Shipping, Receiving, And Inventory Clerks",74.0
Male,26.0,"OFF-Shipping, Receiving, And Inventory Clerks",0.0
Male,27.0,"OFF-Shipping, Receiving, And Inventory Clerks",66.0
Male,28.0,"OFF-Shipping, Receiving, And Inventory Clerks",222.0
Male,29.0,"OFF-Shipping, Receiving, And Inventory Clerks",52.0
Male,30.0,"OFF-Shipping, Receiving, And Inventory Clerks",0.0
Female,18.0,"OFF-Shipping, Receiving, And Inventory Clerks",0.0
Female,19.0,"OFF-Shipping, Receiving, And Inventory Clerks",0.0
Female,20.0,"OFF-Shipping, Receiving, And Inventory Clerks",0.0
Female,21.0,"OFF-Shipping, Receiving, And Inventory Clerks",0.0
Female,22.0,"OFF-Shipping, Receiving, And Inventory Clerks",0.0
Female,23.0,"OFF-Shipping, Receiving, And Inventory Clerks",0.0
Female,24.0,"OFF-Shipping, Receiving, And Inventory Clerks",0.0
Female,25.0,"OFF-Shipping, Receiving, And Inventory Clerks",0.0
Female,26.0,"OFF-Shipping, Receiving, And Inventory Clerks",0.0
Female,27.0,"OFF-Shipping, Receiving, And Inventory Clerks",0.0
Female,28.0,"OFF-Shipping, Receiving, And Inventory Clerks",73.0
Female,29.0,"OFF-Shipping, Receiving, And Inventory Clerks",0.0
Female,30.0,"OFF-Shipping, Receiving, And Inventory Clerks",0.0
Male,18.0,"OFF-Weighers, Measurers, Checkers, And Samplers, Recordkeeping",0.0
Male,19.0,"OFF-Weighers, Measurers, Checkers, And Samplers, Recordkeeping",0.0
Male,20.0,"OFF-Weighers, Measurers, Checkers, And Samplers, Recordkeeping",0.0
Male,21.0,"OFF-Weighers, Measurers, Checkers, And Samplers, Recordkeeping",0.0
Male,22.0,"OFF-Weighers, Measurers, Checkers, And Samplers, Recordkeeping",0.0
Male,23.0,"OFF-Weighers, Measurers, Checkers, And Samplers, Recordkeeping",0.0
Male,24.0,"OFF-Weighers, Measurers, Checkers, And Samplers, Recordkeeping",0.0
Male,25.0,"OFF-Weighers, Measurers, Checkers, And Samplers, Recordkeeping",0.0
Male,26.0,"OFF-Weighers, Measurers, Checkers, And Samplers, Recordkeeping",0.0
Male,27.0,"OFF-Weighers, Measurers, Checkers, And Samplers, Recordkeeping",0.0
Male,28.0,"OFF-Weighers, Measurers, Checkers, And Samplers, Recordkeeping",0.0
Male,29.0,"OFF-Weighers, Measurers, Checkers, And Samplers, Recordkeeping",0.0
Male,30.0,"OFF-Weighers, Measurers, Checkers, And Samplers, Recordkeeping",0.0
Female,18.0,"OFF-Weighers, Measurers, Checkers, And Samplers, Recordkeeping",0.0
Female,19.0,"OFF-Weighers, Measurers, Checkers, And Samplers, Recordkeeping",0.0
Female,20.0,"OFF-Weighers, Measurers, Checkers, And Samplers, Recordkeeping",0.0
Female,21.0,"OFF-Weighers, Measurers, Checkers, And Samplers, Recordkeeping",0.0
Female,22.0,"OFF-Weighers, Measurers, Checkers, And Samplers, Recordkeeping",0.0
Female,23.0,"OFF-Weighers, Measurers, Checkers, And Samplers, Recordkeeping",0.0
Female,24.0,"OFF-Weighers, Measurers, Checkers, And Samplers, Recordkeeping",0.0
Female,25.0,"OFF-Weighers, Measurers, Checkers, And Samplers, Recordkeeping",0.0
Female,26.0,"OFF-Weighers, Measurers, Checkers, And Samplers, Recordkeeping",0.0
Female,27.0,"OFF-Weighers, Measurers, Checkers, And Samplers, Recordkeeping",176.0
Female,28.0,"OFF-Weighers, Measurers, Checkers, And Samplers, Recordkeeping",198.0
Female,29.0,"OFF-Weighers, Measurers, Checkers, And Samplers, Recordkeeping",0.0
Female,30.0,"OFF-Weighers, Measurers, Checkers, And Samplers, Recordkeeping",0.0
Male,18.0,OFF-Executive Secretaries And Executive Administrative Assistants,0.0
Male,19.0,OFF-Executive Secretaries And Executive Administrative Assistants,0.0
Male,20.0,OFF-Executive Secretaries And Executive Administrative Assistants,0.0
Male,21.0,OFF-Executive Secretaries And Executive Administrative Assistants,0.0
Male,22.0,OFF-Executive Secretaries And Executive Administrative Assistants,0.0
Male,23.0,OFF-Executive Secretaries And Executive Administrative Assistants,0.0
Male,24.0,OFF-Executive Secretaries And Executive Administrative Assistants,0.0
Male,25.0,OFF-Executive Secretaries And Executive Administrative Assistants,0.0
Male,26.0,OFF-Executive Secretaries And Executive Administrative Assistants,0.0
Male,27.0,OFF-Executive Secretaries And Executive Administrative Assistants,0.0
Male,28.0,OFF-Executive Secretaries And Executive Administrative Assistants,0.0
Male,29.0,OFF-Executive Secretaries And Executive Administrative Assistants,0.0
Male,30.0,OFF-Executive Secretaries And Executive Administrative Assistants,0.0
Female,18.0,OFF-Executive Secretaries And Executive Administrative Assistants,0.0
Female,19.0,OFF-Executive Secretaries And Executive Administrative Assistants,0.0
Female,20.0,OFF-Executive Secretaries And Executive Administrative Assistants,0.0
Female,21.0,OFF-Executive Secretaries And Executive Administrative Assistants,0.0
Female,22.0,OFF-Executive Secretaries And Executive Administrative Assistants,0.0
Female,23.0,OFF-Executive Secretaries And Executive Administrative Assistants,0.0
Female,24.0,OFF-Executive Secretaries And Executive Administrative Assistants,0.0
Female,25.0,OFF-Executive Secretaries And Executive Administrative Assistants,0.0
Female,26.0,OFF-Executive Secretaries And Executive Administrative Assistants,0.0
Female,27.0,OFF-Executive Secretaries And Executive Administrative Assistants,0.0
Female,28.0,OFF-Executive Secretaries And Executive Administrative Assistants,206.0
Female,29.0,OFF-Executive Secretaries And Executive Administrative Assistants,79.0
Female,30.0,OFF-Executive Secretaries And Executive Administrative Assistants,183.0
Male,18.0,OFF-Legal Secretaries and Administrative Assistants,0.0
Male,19.0,OFF-Legal Secretaries and Administrative Assistants,0.0
Male,20.0,OFF-Legal Secretaries and Administrative Assistants,0.0
Male,21.0,OFF-Legal Secretaries and Administrative Assistants,0.0
Male,22.0,OFF-Legal Secretaries and Administrative Assistants,0.0
Male,23.0,OFF-Legal Secretaries and Administrative Assistants,0.0
Male,24.0,OFF-Legal Secretaries and Administrative Assistants,0.0
Male,25.0,OFF-Legal Secretaries and Administrative Assistants,0.0
Male,26.0,OFF-Legal Secretaries and Administrative Assistants,0.0
Male,27.0,OFF-Legal Secretaries and Administrative Assistants,0.0
Male,28.0,OFF-Legal Secretaries and Administrative Assistants,0.0
Male,29.0,OFF-Legal Secretaries and Administrative Assistants,0.0
Male,30.0,OFF-Legal Secretaries and Administrative Assistants,0.0
Female,18.0,OFF-Legal Secretaries and Administrative Assistants,0.0
Female,19.0,OFF-Legal Secretaries and Administrative Assistants,0.0
Female,20.0,OFF-Legal Secretaries and Administrative Assistants,0.0
Female,21.0,OFF-Legal Secretaries and Administrative Assistants,0.0
Female,22.0,OFF-Legal Secretaries and Administrative Assistants,0.0
Female,23.0,OFF-Legal Secretaries and Administrative Assistants,0.0
Female,24.0,OFF-Legal Secretaries and Administrative Assistants,0.0
Female,25.0,OFF-Legal Secretaries and Administrative Assistants,0.0
Female,26.0,OFF-Legal Secretaries and Administrative Assistants,0.0
Female,27.0,OFF-Legal Secretaries and Administrative Assistants,0.0
Female,28.0,OFF-Legal Secretaries and Administrative Assistants,0.0
Female,29.0,OFF-Legal Secretaries and Administrative Assistants,0.0
Female,30.0,OFF-Legal Secretaries and Administrative Assistants,0.0
Male,18.0,OFF-Medical Secretaries and Administrative Assistants,0.0
Male,19.0,OFF-Medical Secretaries and Administrative Assistants,0.0
Male,20.0,OFF-Medical Secretaries and Administrative Assistants,0.0
Male,21.0,OFF-Medical Secretaries and Administrative Assistants,0.0
Male,22.0,OFF-Medical Secretaries and Administrative Assistants,0.0
Male,23.0,OFF-Medical Secretaries and Administrative Assistants,0.0
Male,24.0,OFF-Medical Secretaries and Administrative Assistants,0.0
Male,25.0,OFF-Medical Secretaries and Administrative Assistants,0.0
Male,26.0,OFF-Medical Secretaries and Administrative Assistants,55.0
Male,27.0,OFF-Medical Secretaries and Administrative Assistants,122.0
Male,28.0,OFF-Medical Secretaries and Administrative Assistants,0.0
Male,29.0,OFF-Medical Secretaries and Administrative Assistants,0.0
Male,30.0,OFF-Medical Secretaries and Administrative Assistants,0.0
Female,18.0,OFF-Medical Secretaries and Administrative Assistants,0.0
Female,19.0,OFF-Medical Secretaries and Administrative Assistants,0.0
Female,20.0,OFF-Medical Secretaries and Administrative Assistants,0.0
Female,21.0,OFF-Medical Secretaries and Administrative Assistants,0.0
Female,22.0,OFF-Medical Secretaries and Administrative Assistants,0.0
Female,23.0,OFF-Medical Secretaries and Administrative Assistants,0.0
Female,24.0,OFF-Medical Secretaries and Administrative Assistants,0.0
Female,25.0,OFF-Medical Secretaries and Administrative Assistants,0.0
Female,26.0,OFF-Medical Secretaries and Administrative Assistants,0.0
Female,27.0,OFF-Medical Secretaries and Administrative Assistants,0.0
Female,28.0,OFF-Medical Secretaries and Administrative Assistants,0.0
Female,29.0,OFF-Medical Secretaries and Administrative Assistants,0.0
Female,30.0,OFF-Medical Secretaries and Administrative Assistants,0.0
Male,18.0,"OFF-Secretaries And Administrative Assistants, Except Legal, Medical, And Executive",110.0
Male,19.0,"OFF-Secretaries And Administrative Assistants, Except Legal, Medical, And Executive",0.0
Male,20.0,"OFF-Secretaries And Administrative Assistants, Except Legal, Medical, And Executive",102.0
Male,21.0,"OFF-Secretaries And Administrative Assistants, Except Legal, Medical, And Executive",0.0
Male,22.0,"OFF-Secretaries And Administrative Assistants, Except Legal, Medical, And Executive",0.0
Male,23.0,"OFF-Secretaries And Administrative Assistants, Except Legal, Medical, And Executive",0.0
Male,24.0,"OFF-Secretaries And Administrative Assistants, Except Legal, Medical, And Executive",0.0
Male,25.0,"OFF-Secretaries And Administrative Assistants, Except Legal, Medical, And Executive",66.0
Male,26.0,"OFF-Secretaries And Administrative Assistants, Except Legal, Medical, And Executive",23.0
Male,27.0,"OFF-Secretaries And Administrative Assistants, Except Legal, Medical, And Executive",0.0
Male,28.0,"OFF-Secretaries And Administrative Assistants, Except Legal, Medical, And Executive",91.0
Male,29.0,"OFF-Secretaries And Administrative Assistants, Except Legal, Medical, And Executive",0.0
Male,30.0,"OFF-Secretaries And Administrative Assistants, Except Legal, Medical, And Executive",0.0
Female,18.0,"OFF-Secretaries And Administrative Assistants, Except Legal, Medical, And Executive",0.0
Female,19.0,"OFF-Secretaries And Administrative Assistants, Except Legal, Medical, And Executive",0.0
Female,20.0,"OFF-Secretaries And Administrative Assistants, Except Legal, Medical, And Executive",371.0
Female,21.0,"OFF-Secretaries And Administrative Assistants, Except Legal, Medical, And Executive",240.0
Female,22.0,"OFF-Secretaries And Administrative Assistants, Except Legal, Medical, And Executive",119.0
Female,23.0,"OFF-Secretaries And Administrative Assistants, Except Legal, Medical, And Executive",1103.0
Female,24.0,"OFF-Secretaries And Administrative Assistants, Except Legal, Medical, And Executive",0.0
Female,25.0,"OFF-Secretaries And Administrative Assistants, Except Legal, Medical, And Executive",143.0
Female,26.0,"OFF-Secretaries And Administrative Assistants, Except Legal, Medical, And Executive",382.0
Female,27.0,"OFF-Secretaries And Administrative Assistants, Except Legal, Medical, And Executive",430.0
Female,28.0,"OFF-Secretaries And Administrative Assistants, Except Legal, Medical, And Executive",60.0
Female,29.0,"OFF-Secretaries And Administrative Assistants, Except Legal, Medical, And Executive",123.0
Female,30.0,"OFF-Secretaries And Administrative Assistants, Except Legal, Medical, And Executive",732.0
Male,18.0,OFF-Data Entry Keyers,0.0
Male,19.0,OFF-Data Entry Keyers,0.0
Male,20.0,OFF-Data Entry Keyers,77.0
Male,21.0,OFF-Data Entry Keyers,0.0
Male,22.0,OFF-Data Entry Keyers,0.0
Male,23.0,OFF-Data Entry Keyers,34.0
Male,24.0,OFF-Data Entry Keyers,0.0
Male,25.0,OFF-Data Entry Keyers,0.0
Male,26.0,OFF-Data Entry Keyers,0.0
Male,27.0,OFF-Data Entry Keyers,0.0
Male,28.0,OFF-Data Entry Keyers,0.0
Male,29.0,OFF-Data Entry Keyers,0.0
Male,30.0,OFF-Data Entry Keyers,0.0
Female,18.0,OFF-Data Entry Keyers,0.0
Female,19.0,OFF-Data Entry Keyers,0.0
Female,20.0,OFF-Data Entry Keyers,0.0
Female,21.0,OFF-Data Entry Keyers,0.0
Female,22.0,OFF-Data Entry Keyers,64.0
Female,23.0,OFF-Data Entry Keyers,150.0
Female,24.0,OFF-Data Entry Keyers,86.0
Female,25.0,OFF-Data Entry Keyers,58.0
Female,26.0,OFF-Data Entry Keyers,0.0
Female,27.0,OFF-Data Entry Keyers,0.0
Female,28.0,OFF-Data Entry Keyers,0.0
Female,29.0,OFF-Data Entry Keyers,0.0
Female,30.0,OFF-Data Entry Keyers,0.0
Male,18.0,OFF-Word Processors And Typists,0.0
Male,19.0,OFF-Word Processors And Typists,0.0
Male,20.0,OFF-Word Processors And Typists,0.0
Male,21.0,OFF-Word Processors And Typists,0.0
Male,22.0,OFF-Word Processors And Typists,0.0
Male,23.0,OFF-Word Processors And Typists,297.0
Male,24.0,OFF-Word Processors And Typists,82.0
Male,25.0,OFF-Word Processors And Typists,0.0
Male,26.0,OFF-Word Processors And Typists,0.0
Male,27.0,OFF-Word Processors And Typists,0.0
Male,28.0,OFF-Word Processors And Typists,0.0
Male,29.0,OFF-Word Processors And Typists,0.0
Male,30.0,OFF-Word Processors And Typists,0.0
Female,18.0,OFF-Word Processors And Typists,0.0
Female,19.0,OFF-Word Processors And Typists,0.0
Female,20.0,OFF-Word Processors And Typists,0.0
Female,21.0,OFF-Word Processors And Typists,0.0
Female,22.0,OFF-Word Processors And Typists,0.0
Female,23.0,OFF-Word Processors And Typists,0.0
Female,24.0,OFF-Word Processors And Typists,0.0
Female,25.0,OFF-Word Processors And Typists,0.0
Female,26.0,OFF-Word Processors And Typists,0.0
Female,27.0,OFF-Word Processors And Typists,0.0
Female,28.0,OFF-Word Processors And Typists,0.0
Female,29.0,OFF-Word Processors And Typists,0.0
Female,30.0,OFF-Word Processors And Typists,0.0
Male,18.0,OFF-Insurance Claims And Policy Processing Clerks,0.0
Male,19.0,OFF-Insurance Claims And Policy Processing Clerks,0.0
Male,20.0,OFF-Insurance Claims And Policy Processing Clerks,0.0
Male,21.0,OFF-Insurance Claims And Policy Processing Clerks,0.0
Male,22.0,OFF-Insurance Claims And Policy Processing Clerks,0.0
Male,23.0,OFF-Insurance Claims And Policy Processing Clerks,0.0
Male,24.0,OFF-Insurance Claims And Policy Processing Clerks,0.0
Male,25.0,OFF-Insurance Claims And Policy Processing Clerks,80.0
Male,26.0,OFF-Insurance Claims And Policy Processing Clerks,0.0
Male,27.0,OFF-Insurance Claims And Policy Processing Clerks,0.0
Male,28.0,OFF-Insurance Claims And Policy Processing Clerks,0.0
Male,29.0,OFF-Insurance Claims And Policy Processing Clerks,0.0
Male,30.0,OFF-Insurance Claims And Policy Processing Clerks,0.0
Female,18.0,OFF-Insurance Claims And Policy Processing Clerks,0.0
Female,19.0,OFF-Insurance Claims And Policy Processing Clerks,0.0
Female,20.0,OFF-Insurance Claims And Policy Processing Clerks,0.0
Female,21.0,OFF-Insurance Claims And Policy Processing Clerks,0.0
Female,22.0,OFF-Insurance Claims And Policy Processing Clerks,0.0
Female,23.0,OFF-Insurance Claims And Policy Processing Clerks,0.0
Female,24.0,OFF-Insurance Claims And Policy Processing Clerks,0.0
Female,25.0,OFF-Insurance Claims And Policy Processing Clerks,0.0
Female,26.0,OFF-Insurance Claims And Policy Processing Clerks,278.0
Female,27.0,OFF-Insurance Claims And Policy Processing Clerks,0.0
Female,28.0,OFF-Insurance Claims And Policy Processing Clerks,0.0
Female,29.0,OFF-Insurance Claims And Policy Processing Clerks,0.0
Female,30.0,OFF-Insurance Claims And Policy Processing Clerks,48.0
Male,18.0,"OFF-Mail Clerks And Mail Machine Operators, Except Postal Service",0.0
Male,19.0,"OFF-Mail Clerks And Mail Machine Operators, Except Postal Service",316.0
Male,20.0,"OFF-Mail Clerks And Mail Machine Operators, Except Postal Service",197.0
Male,21.0,"OFF-Mail Clerks And Mail Machine Operators, Except Postal Service",0.0
Male,22.0,"OFF-Mail Clerks And Mail Machine Operators, Except Postal Service",0.0
Male,23.0,"OFF-Mail Clerks And Mail Machine Operators, Except Postal Service",0.0
Male,24.0,"OFF-Mail Clerks And Mail Machine Operators, Except Postal Service",72.0
Male,25.0,"OFF-Mail Clerks And Mail Machine Operators, Except Postal Service",0.0
Male,26.0,"OFF-Mail Clerks And Mail Machine Operators, Except Postal Service",0.0
Male,27.0,"OFF-Mail Clerks And Mail Machine Operators, Except Postal Service",92.0
Male,28.0,"OFF-Mail Clerks And Mail Machine Operators, Except Postal Service",0.0
Male,29.0,"OFF-Mail Clerks And Mail Machine Operators, Except Postal Service",0.0
Male,30.0,"OFF-Mail Clerks And Mail Machine Operators, Except Postal Service",0.0
Female,18.0,"OFF-Mail Clerks And Mail Machine Operators, Except Postal Service",0.0
Female,19.0,"OFF-Mail Clerks And Mail Machine Operators, Except Postal Service",0.0
Female,20.0,"OFF-Mail Clerks And Mail Machine Operators, Except Postal Service",0.0
Female,21.0,"OFF-Mail Clerks And Mail Machine Operators, Except Postal Service",0.0
Female,22.0,"OFF-Mail Clerks And Mail Machine Operators, Except Postal Service",298.0
Female,23.0,"OFF-Mail Clerks And Mail Machine Operators, Except Postal Service",0.0
Female,24.0,"OFF-Mail Clerks And Mail Machine Operators, Except Postal Service",0.0
Female,25.0,"OFF-Mail Clerks And Mail Machine Operators, Except Postal Service",0.0
Female,26.0,"OFF-Mail Clerks And Mail Machine Operators, Except Postal Service",0.0
Female,27.0,"OFF-Mail Clerks And Mail Machine Operators, Except Postal Service",0.0
Female,28.0,"OFF-Mail Clerks And Mail Machine Operators, Except Postal Service",0.0
Female,29.0,"OFF-Mail Clerks And Mail Machine Operators, Except Postal Service",0.0
Female,30.0,"OFF-Mail Clerks And Mail Machine Operators, Except Postal Service",0.0
Male,18.0,"OFF-Office Clerks, General",296.0
Male,19.0,"OFF-Office Clerks, General",451.0
Male,20.0,"OFF-Office Clerks, General",105.0
Male,21.0,"OFF-Office Clerks, General",314.0
Male,22.0,"OFF-Office Clerks, General",61.0
Male,23.0,"OFF-Office Clerks, General",60.0
Male,24.0,"OFF-Office Clerks, General",209.0
Male,25.0,"OFF-Office Clerks, General",0.0
Male,26.0,"OFF-Office Clerks, General",560.0
Male,27.0,"OFF-Office Clerks, General",386.0
Male,28.0,"OFF-Office Clerks, General",224.0
Male,29.0,"OFF-Office Clerks, General",148.0
Male,30.0,"OFF-Office Clerks, General",40.0
Female,18.0,"OFF-Office Clerks, General",0.0
Female,19.0,"OFF-Office Clerks, General",42.0
Female,20.0,"OFF-Office Clerks, General",405.0
Female,21.0,"OFF-Office Clerks, General",492.0
Female,22.0,"OFF-Office Clerks, General",356.0
Female,23.0,"OFF-Office Clerks, General",291.0
Female,24.0,"OFF-Office Clerks, General",133.0
Female,25.0,"OFF-Office Clerks, General",728.0
Female,26.0,"OFF-Office Clerks, General",104.0
Female,27.0,"OFF-Office Clerks, General",62.0
Female,28.0,"OFF-Office Clerks, General",115.0
Female,29.0,"OFF-Office Clerks, General",690.0
Female,30.0,"OFF-Office Clerks, General",402.0
Male,18.0,"OFF-Office Machine Operators, Except Computer",0.0
Male,19.0,"OFF-Office Machine Operators, Except Computer",0.0
Male,20.0,"OFF-Office Machine Operators, Except Computer",0.0
Male,21.0,"OFF-Office Machine Operators, Except Computer",0.0
Male,22.0,"OFF-Office Machine Operators, Except Computer",0.0
Male,23.0,"OFF-Office Machine Operators, Except Computer",0.0
Male,24.0,"OFF-Office Machine Operators, Except Computer",0.0
Male,25.0,"OFF-Office Machine Operators, Except Computer",0.0
Male,26.0,"OFF-Office Machine Operators, Except Computer",0.0
Male,27.0,"OFF-Office Machine Operators, Except Computer",0.0
Male,28.0,"OFF-Office Machine Operators, Except Computer",0.0
Male,29.0,"OFF-Office Machine Operators, Except Computer",0.0
Male,30.0,"OFF-Office Machine Operators, Except Computer",0.0
Female,18.0,"OFF-Office Machine Operators, Except Computer",0.0
Female,19.0,"OFF-Office Machine Operators, Except Computer",0.0
Female,20.0,"OFF-Office Machine Operators, Except Computer",0.0
Female,21.0,"OFF-Office Machine Operators, Except Computer",0.0
Female,22.0,"OFF-Office Machine Operators, Except Computer",0.0
Female,23.0,"OFF-Office Machine Operators, Except Computer",0.0
Female,24.0,"OFF-Office Machine Operators, Except Computer",0.0
Female,25.0,"OFF-Office Machine Operators, Except Computer",0.0
Female,26.0,"OFF-Office Machine Operators, Except Computer",0.0
Female,27.0,"OFF-Office Machine Operators, Except Computer",0.0
Female,28.0,"OFF-Office Machine Operators, Except Computer",0.0
Female,29.0,"OFF-Office Machine Operators, Except Computer",0.0
Female,30.0,"OFF-Office Machine Operators, Except Computer",0.0
Male,18.0,OFF-Proofreaders And Copy Markers,0.0
Male,19.0,OFF-Proofreaders And Copy Markers,0.0
Male,20.0,OFF-Proofreaders And Copy Markers,0.0
Male,21.0,OFF-Proofreaders And Copy Markers,0.0
Male,22.0,OFF-Proofreaders And Copy Markers,0.0
Male,23.0,OFF-Proofreaders And Copy Markers,0.0
Male,24.0,OFF-Proofreaders And Copy Markers,0.0
Male,25.0,OFF-Proofreaders And Copy Markers,0.0
Male,26.0,OFF-Proofreaders And Copy Markers,0.0
Male,27.0,OFF-Proofreaders And Copy Markers,0.0
Male,28.0,OFF-Proofreaders And Copy Markers,0.0
Male,29.0,OFF-Proofreaders And Copy Markers,0.0
Male,30.0,OFF-Proofreaders And Copy Markers,0.0
Female,18.0,OFF-Proofreaders And Copy Markers,0.0
Female,19.0,OFF-Proofreaders And Copy Markers,0.0
Female,20.0,OFF-Proofreaders And Copy Markers,0.0
Female,21.0,OFF-Proofreaders And Copy Markers,0.0
Female,22.0,OFF-Proofreaders And Copy Markers,0.0
Female,23.0,OFF-Proofreaders And Copy Markers,0.0
Female,24.0,OFF-Proofreaders And Copy Markers,0.0
Female,25.0,OFF-Proofreaders And Copy Markers,0.0
Female,26.0,OFF-Proofreaders And Copy Markers,0.0
Female,27.0,OFF-Proofreaders And Copy Markers,0.0
Female,28.0,OFF-Proofreaders And Copy Markers,0.0
Female,29.0,OFF-Proofreaders And Copy Markers,0.0
Female,30.0,OFF-Proofreaders And Copy Markers,0.0
Male,18.0,OFF-Statistical Assistants,0.0
Male,19.0,OFF-Statistical Assistants,0.0
Male,20.0,OFF-Statistical Assistants,73.0
Male,21.0,OFF-Statistical Assistants,0.0
Male,22.0,OFF-Statistical Assistants,0.0
Male,23.0,OFF-Statistical Assistants,0.0
Male,24.0,OFF-Statistical Assistants,0.0
Male,25.0,OFF-Statistical Assistants,0.0
Male,26.0,OFF-Statistical Assistants,0.0
Male,27.0,OFF-Statistical Assistants,0.0
Male,28.0,OFF-Statistical Assistants,0.0
Male,29.0,OFF-Statistical Assistants,0.0
Male,30.0,OFF-Statistical Assistants,0.0
Female,18.0,OFF-Statistical Assistants,0.0
Female,19.0,OFF-Statistical Assistants,0.0
Female,20.0,OFF-Statistical Assistants,0.0
Female,21.0,OFF-Statistical Assistants,0.0
Female,22.0,OFF-Statistical Assistants,0.0
Female,23.0,OFF-Statistical Assistants,0.0
Female,24.0,OFF-Statistical Assistants,0.0
Female,25.0,OFF-Statistical Assistants,0.0
Female,26.0,OFF-Statistical Assistants,0.0
Female,27.0,OFF-Statistical Assistants,0.0
Female,28.0,OFF-Statistical Assistants,0.0
Female,29.0,OFF-Statistical Assistants,0.0
Female,30.0,OFF-Statistical Assistants,0.0
Male,18.0,OFF-Other Office And Administrative Support Workers,0.0
Male,19.0,OFF-Other Office And Administrative Support Workers,0.0
Male,20.0,OFF-Other Office And Administrative Support Workers,0.0
Male,21.0,OFF-Other Office And Administrative Support Workers,0.0
Male,22.0,OFF-Other Office And Administrative Support Workers,0.0
Male,23.0,OFF-Other Office And Administrative Support Workers,0.0
Male,24.0,OFF-Other Office And Administrative Support Workers,0.0
Male,25.0,OFF-Other Office And Administrative Support Workers,0.0
Male,26.0,OFF-Other Office And Administrative Support Workers,117.0
Male,27.0,OFF-Other Office And Administrative Support Workers,111.0
Male,28.0,OFF-Other Office And Administrative Support Workers,112.0
Male,29.0,OFF-Other Office And Administrative Support Workers,0.0
Male,30.0,OFF-Other Office And Administrative Support Workers,0.0
Female,18.0,OFF-Other Office And Administrative Support Workers,0.0
Female,19.0,OFF-Other Office And Administrative Support Workers,0.0
Female,20.0,OFF-Other Office And Administrative Support Workers,0.0
Female,21.0,OFF-Other Office And Administrative Support Workers,0.0
Female,22.0,OFF-Other Office And Administrative Support Workers,0.0
Female,23.0,OFF-Other Office And Administrative Support Workers,0.0
Female,24.0,OFF-Other Office And Administrative Support Workers,0.0
Female,25.0,OFF-Other Office And Administrative Support Workers,73.0
Female,26.0,OFF-Other Office And Administrative Support Workers,93.0
Female,27.0,OFF-Other Office And Administrative Support Workers,0.0
Female,28.0,OFF-Other Office And Administrative Support Workers,0.0
Female,29.0,OFF-Other Office And Administrative Support Workers,52.0
Female,30.0,OFF-Other Office And Administrative Support Workers,47.0
Male,18.0,"FFF-First-Line Supervisors Of Farming, Fishing, And Forestry Workers",0.0
Male,19.0,"FFF-First-Line Supervisors Of Farming, Fishing, And Forestry Workers",0.0
Male,20.0,"FFF-First-Line Supervisors Of Farming, Fishing, And Forestry Workers",0.0
Male,21.0,"FFF-First-Line Supervisors Of Farming, Fishing, And Forestry Workers",0.0
Male,22.0,"FFF-First-Line Supervisors Of Farming, Fishing, And Forestry Workers",0.0
Male,23.0,"FFF-First-Line Supervisors Of Farming, Fishing, And Forestry Workers",0.0
Male,24.0,"FFF-First-Line Supervisors Of Farming, Fishing, And Forestry Workers",0.0
Male,25.0,"FFF-First-Line Supervisors Of Farming, Fishing, And Forestry Workers",0.0
Male,26.0,"FFF-First-Line Supervisors Of Farming, Fishing, And Forestry Workers",0.0
Male,27.0,"FFF-First-Line Supervisors Of Farming, Fishing, And Forestry Workers",0.0
Male,28.0,"FFF-First-Line Supervisors Of Farming, Fishing, And Forestry Workers",0.0
Male,29.0,"FFF-First-Line Supervisors Of Farming, Fishing, And Forestry Workers",0.0
Male,30.0,"FFF-First-Line Supervisors Of Farming, Fishing, And Forestry Workers",0.0
Female,18.0,"FFF-First-Line Supervisors Of Farming, Fishing, And Forestry Workers",0.0
Female,19.0,"FFF-First-Line Supervisors Of Farming, Fishing, And Forestry Workers",0.0
Female,20.0,"FFF-First-Line Supervisors Of Farming, Fishing, And Forestry Workers",165.0
Female,21.0,"FFF-First-Line Supervisors Of Farming, Fishing, And Forestry Workers",0.0
Female,22.0,"FFF-First-Line Supervisors Of Farming, Fishing, And Forestry Workers",0.0
Female,23.0,"FFF-First-Line Supervisors Of Farming, Fishing, And Forestry Workers",0.0
Female,24.0,"FFF-First-Line Supervisors Of Farming, Fishing, And Forestry Workers",0.0
Female,25.0,"FFF-First-Line Supervisors Of Farming, Fishing, And Forestry Workers",0.0
Female,26.0,"FFF-First-Line Supervisors Of Farming, Fishing, And Forestry Workers",0.0
Female,27.0,"FFF-First-Line Supervisors Of Farming, Fishing, And Forestry Workers",0.0
Female,28.0,"FFF-First-Line Supervisors Of Farming, Fishing, And Forestry Workers",0.0
Female,29.0,"FFF-First-Line Supervisors Of Farming, Fishing, And Forestry Workers",0.0
Female,30.0,"FFF-First-Line Supervisors Of Farming, Fishing, And Forestry Workers",0.0
Male,18.0,FFF-Agricultural Inspectors,0.0
Male,19.0,FFF-Agricultural Inspectors,0.0
Male,20.0,FFF-Agricultural Inspectors,0.0
Male,21.0,FFF-Agricultural Inspectors,0.0
Male,22.0,FFF-Agricultural Inspectors,0.0
Male,23.0,FFF-Agricultural Inspectors,0.0
Male,24.0,FFF-Agricultural Inspectors,0.0
Male,25.0,FFF-Agricultural Inspectors,0.0
Male,26.0,FFF-Agricultural Inspectors,0.0
Male,27.0,FFF-Agricultural Inspectors,0.0
Male,28.0,FFF-Agricultural Inspectors,0.0
Male,29.0,FFF-Agricultural Inspectors,0.0
Male,30.0,FFF-Agricultural Inspectors,0.0
Female,18.0,FFF-Agricultural Inspectors,0.0
Female,19.0,FFF-Agricultural Inspectors,0.0
Female,20.0,FFF-Agricultural Inspectors,0.0
Female,21.0,FFF-Agricultural Inspectors,0.0
Female,22.0,FFF-Agricultural Inspectors,0.0
Female,23.0,FFF-Agricultural Inspectors,0.0
Female,24.0,FFF-Agricultural Inspectors,0.0
Female,25.0,FFF-Agricultural Inspectors,0.0
Female,26.0,FFF-Agricultural Inspectors,0.0
Female,27.0,FFF-Agricultural Inspectors,0.0
Female,28.0,FFF-Agricultural Inspectors,0.0
Female,29.0,FFF-Agricultural Inspectors,0.0
Female,30.0,FFF-Agricultural Inspectors,0.0
Male,18.0,"FFF-Graders And Sorters, Agricultural Products",0.0
Male,19.0,"FFF-Graders And Sorters, Agricultural Products",0.0
Male,20.0,"FFF-Graders And Sorters, Agricultural Products",0.0
Male,21.0,"FFF-Graders And Sorters, Agricultural Products",0.0
Male,22.0,"FFF-Graders And Sorters, Agricultural Products",0.0
Male,23.0,"FFF-Graders And Sorters, Agricultural Products",0.0
Male,24.0,"FFF-Graders And Sorters, Agricultural Products",0.0
Male,25.0,"FFF-Graders And Sorters, Agricultural Products",0.0
Male,26.0,"FFF-Graders And Sorters, Agricultural Products",0.0
Male,27.0,"FFF-Graders And Sorters, Agricultural Products",0.0
Male,28.0,"FFF-Graders And Sorters, Agricultural Products",0.0
Male,29.0,"FFF-Graders And Sorters, Agricultural Products",0.0
Male,30.0,"FFF-Graders And Sorters, Agricultural Products",0.0
Female,18.0,"FFF-Graders And Sorters, Agricultural Products",0.0
Female,19.0,"FFF-Graders And Sorters, Agricultural Products",0.0
Female,20.0,"FFF-Graders And Sorters, Agricultural Products",0.0
Female,21.0,"FFF-Graders And Sorters, Agricultural Products",0.0
Female,22.0,"FFF-Graders And Sorters, Agricultural Products",0.0
Female,23.0,"FFF-Graders And Sorters, Agricultural Products",0.0
Female,24.0,"FFF-Graders And Sorters, Agricultural Products",0.0
Female,25.0,"FFF-Graders And Sorters, Agricultural Products",0.0
Female,26.0,"FFF-Graders And Sorters, Agricultural Products",0.0
Female,27.0,"FFF-Graders And Sorters, Agricultural Products",0.0
Female,28.0,"FFF-Graders And Sorters, Agricultural Products",0.0
Female,29.0,"FFF-Graders And Sorters, Agricultural Products",0.0
Female,30.0,"FFF-Graders And Sorters, Agricultural Products",0.0
Male,18.0,FFF-Other Agricultural Workers,119.0
Male,19.0,FFF-Other Agricultural Workers,8.0
Male,20.0,FFF-Other Agricultural Workers,59.0
Male,21.0,FFF-Other Agricultural Workers,0.0
Male,22.0,FFF-Other Agricultural Workers,0.0
Male,23.0,FFF-Other Agricultural Workers,0.0
Male,24.0,FFF-Other Agricultural Workers,0.0
Male,25.0,FFF-Other Agricultural Workers,0.0
Male,26.0,FFF-Other Agricultural Workers,255.0
Male,27.0,FFF-Other Agricultural Workers,0.0
Male,28.0,FFF-Other Agricultural Workers,0.0
Male,29.0,FFF-Other Agricultural Workers,0.0
Male,30.0,FFF-Other Agricultural Workers,0.0
Female,18.0,FFF-Other Agricultural Workers,22.0
Female,19.0,FFF-Other Agricultural Workers,209.0
Female,20.0,FFF-Other Agricultural Workers,208.0
Female,21.0,FFF-Other Agricultural Workers,0.0
Female,22.0,FFF-Other Agricultural Workers,0.0
Female,23.0,FFF-Other Agricultural Workers,0.0
Female,24.0,FFF-Other Agricultural Workers,0.0
Female,25.0,FFF-Other Agricultural Workers,0.0
Female,26.0,FFF-Other Agricultural Workers,0.0
Female,27.0,FFF-Other Agricultural Workers,0.0
Female,28.0,FFF-Other Agricultural Workers,0.0
Female,29.0,FFF-Other Agricultural Workers,0.0
Female,30.0,FFF-Other Agricultural Workers,105.0
Male,18.0,FFF-Fishing And Hunting Workers,0.0
Male,19.0,FFF-Fishing And Hunting Workers,0.0
Male,20.0,FFF-Fishing And Hunting Workers,0.0
Male,21.0,FFF-Fishing And Hunting Workers,0.0
Male,22.0,FFF-Fishing And Hunting Workers,0.0
Male,23.0,FFF-Fishing And Hunting Workers,0.0
Male,24.0,FFF-Fishing And Hunting Workers,0.0
Male,25.0,FFF-Fishing And Hunting Workers,0.0
Male,26.0,FFF-Fishing And Hunting Workers,0.0
Male,27.0,FFF-Fishing And Hunting Workers,0.0
Male,28.0,FFF-Fishing And Hunting Workers,0.0
Male,29.0,FFF-Fishing And Hunting Workers,0.0
Male,30.0,FFF-Fishing And Hunting Workers,0.0
Female,18.0,FFF-Fishing And Hunting Workers,0.0
Female,19.0,FFF-Fishing And Hunting Workers,0.0
Female,20.0,FFF-Fishing And Hunting Workers,0.0
Female,21.0,FFF-Fishing And Hunting Workers,0.0
Female,22.0,FFF-Fishing And Hunting Workers,0.0
Female,23.0,FFF-Fishing And Hunting Workers,0.0
Female,24.0,FFF-Fishing And Hunting Workers,0.0
Female,25.0,FFF-Fishing And Hunting Workers,0.0
Female,26.0,FFF-Fishing And Hunting Workers,0.0
Female,27.0,FFF-Fishing And Hunting Workers,0.0
Female,28.0,FFF-Fishing And Hunting Workers,0.0
Female,29.0,FFF-Fishing And Hunting Workers,0.0
Female,30.0,FFF-Fishing And Hunting Workers,0.0
Male,18.0,FFF-Forest And Conservation Workers,0.0
Male,19.0,FFF-Forest And Conservation Workers,0.0
Male,20.0,FFF-Forest And Conservation Workers,0.0
Male,21.0,FFF-Forest And Conservation Workers,0.0
Male,22.0,FFF-Forest And Conservation Workers,0.0
Male,23.0,FFF-Forest And Conservation Workers,0.0
Male,24.0,FFF-Forest And Conservation Workers,0.0
Male,25.0,FFF-Forest And Conservation Workers,0.0
Male,26.0,FFF-Forest And Conservation Workers,0.0
Male,27.0,FFF-Forest And Conservation Workers,0.0
Male,28.0,FFF-Forest And Conservation Workers,0.0
Male,29.0,FFF-Forest And Conservation Workers,0.0
Male,30.0,FFF-Forest And Conservation Workers,0.0
Female,18.0,FFF-Forest And Conservation Workers,0.0
Female,19.0,FFF-Forest And Conservation Workers,0.0
Female,20.0,FFF-Forest And Conservation Workers,0.0
Female,21.0,FFF-Forest And Conservation Workers,0.0
Female,22.0,FFF-Forest And Conservation Workers,0.0
Female,23.0,FFF-Forest And Conservation Workers,0.0
Female,24.0,FFF-Forest And Conservation Workers,0.0
Female,25.0,FFF-Forest And Conservation Workers,0.0
Female,26.0,FFF-Forest And Conservation Workers,0.0
Female,27.0,FFF-Forest And Conservation Workers,0.0
Female,28.0,FFF-Forest And Conservation Workers,0.0
Female,29.0,FFF-Forest And Conservation Workers,0.0
Female,30.0,FFF-Forest And Conservation Workers,0.0
Male,18.0,FFF-Logging Workers,0.0
Male,19.0,FFF-Logging Workers,12.0
Male,20.0,FFF-Logging Workers,0.0
Male,21.0,FFF-Logging Workers,0.0
Male,22.0,FFF-Logging Workers,0.0
Male,23.0,FFF-Logging Workers,0.0
Male,24.0,FFF-Logging Workers,0.0
Male,25.0,FFF-Logging Workers,0.0
Male,26.0,FFF-Logging Workers,0.0
Male,27.0,FFF-Logging Workers,0.0
Male,28.0,FFF-Logging Workers,0.0
Male,29.0,FFF-Logging Workers,0.0
Male,30.0,FFF-Logging Workers,0.0
Female,18.0,FFF-Logging Workers,0.0
Female,19.0,FFF-Logging Workers,0.0
Female,20.0,FFF-Logging Workers,0.0
Female,21.0,FFF-Logging Workers,0.0
Female,22.0,FFF-Logging Workers,0.0
Female,23.0,FFF-Logging Workers,0.0
Female,24.0,FFF-Logging Workers,0.0
Female,25.0,FFF-Logging Workers,0.0
Female,26.0,FFF-Logging Workers,0.0
Female,27.0,FFF-Logging Workers,0.0
Female,28.0,FFF-Logging Workers,0.0
Female,29.0,FFF-Logging Workers,0.0
Female,30.0,FFF-Logging Workers,0.0
Male,18.0,CON-First-Line Supervisors Of Construction Trades And Extraction Workers,0.0
Male,19.0,CON-First-Line Supervisors Of Construction Trades And Extraction Workers,0.0
Male,20.0,CON-First-Line Supervisors Of Construction Trades And Extraction Workers,0.0
Male,21.0,CON-First-Line Supervisors Of Construction Trades And Extraction Workers,0.0
Male,22.0,CON-First-Line Supervisors Of Construction Trades And Extraction Workers,0.0
Male,23.0,CON-First-Line Supervisors Of Construction Trades And Extraction Workers,0.0
Male,24.0,CON-First-Line Supervisors Of Construction Trades And Extraction Workers,0.0
Male,25.0,CON-First-Line Supervisors Of Construction Trades And Extraction Workers,500.0
Male,26.0,CON-First-Line Supervisors Of Construction Trades And Extraction Workers,244.0
Male,27.0,CON-First-Line Supervisors Of Construction Trades And Extraction Workers,415.0
Male,28.0,CON-First-Line Supervisors Of Construction Trades And Extraction Workers,0.0
Male,29.0,CON-First-Line Supervisors Of Construction Trades And Extraction Workers,177.0
Male,30.0,CON-First-Line Supervisors Of Construction Trades And Extraction Workers,0.0
Female,18.0,CON-First-Line Supervisors Of Construction Trades And Extraction Workers,0.0
Female,19.0,CON-First-Line Supervisors Of Construction Trades And Extraction Workers,0.0
Female,20.0,CON-First-Line Supervisors Of Construction Trades And Extraction Workers,0.0
Female,21.0,CON-First-Line Supervisors Of Construction Trades And Extraction Workers,0.0
Female,22.0,CON-First-Line Supervisors Of Construction Trades And Extraction Workers,0.0
Female,23.0,CON-First-Line Supervisors Of Construction Trades And Extraction Workers,0.0
Female,24.0,CON-First-Line Supervisors Of Construction Trades And Extraction Workers,0.0
Female,25.0,CON-First-Line Supervisors Of Construction Trades And Extraction Workers,0.0
Female,26.0,CON-First-Line Supervisors Of Construction Trades And Extraction Workers,0.0
Female,27.0,CON-First-Line Supervisors Of Construction Trades And Extraction Workers,0.0
Female,28.0,CON-First-Line Supervisors Of Construction Trades And Extraction Workers,0.0
Female,29.0,CON-First-Line Supervisors Of Construction Trades And Extraction Workers,0.0
Female,30.0,CON-First-Line Supervisors Of Construction Trades And Extraction Workers,0.0
Male,18.0,CON-Boilermakers,0.0
Male,19.0,CON-Boilermakers,0.0
Male,20.0,CON-Boilermakers,0.0
Male,21.0,CON-Boilermakers,0.0
Male,22.0,CON-Boilermakers,0.0
Male,23.0,CON-Boilermakers,0.0
Male,24.0,CON-Boilermakers,0.0
Male,25.0,CON-Boilermakers,0.0
Male,26.0,CON-Boilermakers,0.0
Male,27.0,CON-Boilermakers,0.0
Male,28.0,CON-Boilermakers,0.0
Male,29.0,CON-Boilermakers,0.0
Male,30.0,CON-Boilermakers,0.0
Female,18.0,CON-Boilermakers,0.0
Female,19.0,CON-Boilermakers,0.0
Female,20.0,CON-Boilermakers,0.0
Female,21.0,CON-Boilermakers,0.0
Female,22.0,CON-Boilermakers,0.0
Female,23.0,CON-Boilermakers,0.0
Female,24.0,CON-Boilermakers,0.0
Female,25.0,CON-Boilermakers,0.0
Female,26.0,CON-Boilermakers,0.0
Female,27.0,CON-Boilermakers,0.0
Female,28.0,CON-Boilermakers,0.0
Female,29.0,CON-Boilermakers,0.0
Female,30.0,CON-Boilermakers,0.0
Male,18.0,"CON-Brickmasons, Blockmasons, Stonemasons, And Reinforcing Iron And Rebar Workers",0.0
Male,19.0,"CON-Brickmasons, Blockmasons, Stonemasons, And Reinforcing Iron And Rebar Workers",0.0
Male,20.0,"CON-Brickmasons, Blockmasons, Stonemasons, And Reinforcing Iron And Rebar Workers",0.0
Male,21.0,"CON-Brickmasons, Blockmasons, Stonemasons, And Reinforcing Iron And Rebar Workers",0.0
Male,22.0,"CON-Brickmasons, Blockmasons, Stonemasons, And Reinforcing Iron And Rebar Workers",0.0
Male,23.0,"CON-Brickmasons, Blockmasons, Stonemasons, And Reinforcing Iron And Rebar Workers",284.0
Male,24.0,"CON-Brickmasons, Blockmasons, Stonemasons, And Reinforcing Iron And Rebar Workers",0.0
Male,25.0,"CON-Brickmasons, Blockmasons, Stonemasons, And Reinforcing Iron And Rebar Workers",0.0
Male,26.0,"CON-Brickmasons, Blockmasons, Stonemasons, And Reinforcing Iron And Rebar Workers",0.0
Male,27.0,"CON-Brickmasons, Blockmasons, Stonemasons, And Reinforcing Iron And Rebar Workers",0.0
Male,28.0,"CON-Brickmasons, Blockmasons, Stonemasons, And Reinforcing Iron And Rebar Workers",0.0
Male,29.0,"CON-Brickmasons, Blockmasons, Stonemasons, And Reinforcing Iron And Rebar Workers",164.0
Male,30.0,"CON-Brickmasons, Blockmasons, Stonemasons, And Reinforcing Iron And Rebar Workers",0.0
Female,18.0,"CON-Brickmasons, Blockmasons, Stonemasons, And Reinforcing Iron And Rebar Workers",0.0
Female,19.0,"CON-Brickmasons, Blockmasons, Stonemasons, And Reinforcing Iron And Rebar Workers",0.0
Female,20.0,"CON-Brickmasons, Blockmasons, Stonemasons, And Reinforcing Iron And Rebar Workers",0.0
Female,21.0,"CON-Brickmasons, Blockmasons, Stonemasons, And Reinforcing Iron And Rebar Workers",0.0
Female,22.0,"CON-Brickmasons, Blockmasons, Stonemasons, And Reinforcing Iron And Rebar Workers",0.0
Female,23.0,"CON-Brickmasons, Blockmasons, Stonemasons, And Reinforcing Iron And Rebar Workers",0.0
Female,24.0,"CON-Brickmasons, Blockmasons, Stonemasons, And Reinforcing Iron And Rebar Workers",0.0
Female,25.0,"CON-Brickmasons, Blockmasons, Stonemasons, And Reinforcing Iron And Rebar Workers",0.0
Female,26.0,"CON-Brickmasons, Blockmasons, Stonemasons, And Reinforcing Iron And Rebar Workers",0.0
Female,27.0,"CON-Brickmasons, Blockmasons, Stonemasons, And Reinforcing Iron And Rebar Workers",0.0
Female,28.0,"CON-Brickmasons, Blockmasons, Stonemasons, And Reinforcing Iron And Rebar Workers",0.0
Female,29.0,"CON-Brickmasons, Blockmasons, Stonemasons, And Reinforcing Iron And Rebar Workers",0.0
Female,30.0,"CON-Brickmasons, Blockmasons, Stonemasons, And Reinforcing Iron And Rebar Workers",0.0
Male,18.0,CON-Carpenters,12.0
Male,19.0,CON-Carpenters,514.0
Male,20.0,CON-Carpenters,83.0
Male,21.0,CON-Carpenters,79.0
Male,22.0,CON-Carpenters,164.0
Male,23.0,CON-Carpenters,285.0
Male,24.0,CON-Carpenters,0.0
Male,25.0,CON-Carpenters,446.0
Male,26.0,CON-Carpenters,145.0
Male,27.0,CON-Carpenters,674.0
Male,28.0,CON-Carpenters,46.0
Male,29.0,CON-Carpenters,301.0
Male,30.0,CON-Carpenters,343.0
Female,18.0,CON-Carpenters,0.0
Female,19.0,CON-Carpenters,0.0
Female,20.0,CON-Carpenters,316.0
Female,21.0,CON-Carpenters,0.0
Female,22.0,CON-Carpenters,137.0
Female,23.0,CON-Carpenters,0.0
Female,24.0,CON-Carpenters,0.0
Female,25.0,CON-Carpenters,0.0
Female,26.0,CON-Carpenters,0.0
Female,27.0,CON-Carpenters,0.0
Female,28.0,CON-Carpenters,0.0
Female,29.0,CON-Carpenters,0.0
Female,30.0,CON-Carpenters,67.0
Male,18.0,"CON-Carpet, Floor, And Tile Installers And Finishers",0.0
Male,19.0,"CON-Carpet, Floor, And Tile Installers And Finishers",0.0
Male,20.0,"CON-Carpet, Floor, And Tile Installers And Finishers",0.0
Male,21.0,"CON-Carpet, Floor, And Tile Installers And Finishers",0.0
Male,22.0,"CON-Carpet, Floor, And Tile Installers And Finishers",0.0
Male,23.0,"CON-Carpet, Floor, And Tile Installers And Finishers",0.0
Male,24.0,"CON-Carpet, Floor, And Tile Installers And Finishers",0.0
Male,25.0,"CON-Carpet, Floor, And Tile Installers And Finishers",0.0
Male,26.0,"CON-Carpet, Floor, And Tile Installers And Finishers",0.0
Male,27.0,"CON-Carpet, Floor, And Tile Installers And Finishers",0.0
Male,28.0,"CON-Carpet, Floor, And Tile Installers And Finishers",0.0
Male,29.0,"CON-Carpet, Floor, And Tile Installers And Finishers",294.0
Male,30.0,"CON-Carpet, Floor, And Tile Installers And Finishers",0.0
Female,18.0,"CON-Carpet, Floor, And Tile Installers And Finishers",0.0
Female,19.0,"CON-Carpet, Floor, And Tile Installers And Finishers",0.0
Female,20.0,"CON-Carpet, Floor, And Tile Installers And Finishers",0.0
Female,21.0,"CON-Carpet, Floor, And Tile Installers And Finishers",0.0
Female,22.0,"CON-Carpet, Floor, And Tile Installers And Finishers",0.0
Female,23.0,"CON-Carpet, Floor, And Tile Installers And Finishers",0.0
Female,24.0,"CON-Carpet, Floor, And Tile Installers And Finishers",0.0
Female,25.0,"CON-Carpet, Floor, And Tile Installers And Finishers",0.0
Female,26.0,"CON-Carpet, Floor, And Tile Installers And Finishers",0.0
Female,27.0,"CON-Carpet, Floor, And Tile Installers And Finishers",0.0
Female,28.0,"CON-Carpet, Floor, And Tile Installers And Finishers",0.0
Female,29.0,"CON-Carpet, Floor, And Tile Installers And Finishers",0.0
Female,30.0,"CON-Carpet, Floor, And Tile Installers And Finishers",0.0
Male,18.0,"CON-Cement Masons, Concrete Finishers, And Terrazzo Workers",0.0
Male,19.0,"CON-Cement Masons, Concrete Finishers, And Terrazzo Workers",0.0
Male,20.0,"CON-Cement Masons, Concrete Finishers, And Terrazzo Workers",0.0
Male,21.0,"CON-Cement Masons, Concrete Finishers, And Terrazzo Workers",0.0
Male,22.0,"CON-Cement Masons, Concrete Finishers, And Terrazzo Workers",0.0
Male,23.0,"CON-Cement Masons, Concrete Finishers, And Terrazzo Workers",0.0
Male,24.0,"CON-Cement Masons, Concrete Finishers, And Terrazzo Workers",0.0
Male,25.0,"CON-Cement Masons, Concrete Finishers, And Terrazzo Workers",0.0
Male,26.0,"CON-Cement Masons, Concrete Finishers, And Terrazzo Workers",0.0
Male,27.0,"CON-Cement Masons, Concrete Finishers, And Terrazzo Workers",0.0
Male,28.0,"CON-Cement Masons, Concrete Finishers, And Terrazzo Workers",0.0
Male,29.0,"CON-Cement Masons, Concrete Finishers, And Terrazzo Workers",0.0
Male,30.0,"CON-Cement Masons, Concrete Finishers, And Terrazzo Workers",0.0
Female,18.0,"CON-Cement Masons, Concrete Finishers, And Terrazzo Workers",0.0
Female,19.0,"CON-Cement Masons, Concrete Finishers, And Terrazzo Workers",0.0
Female,20.0,"CON-Cement Masons, Concrete Finishers, And Terrazzo Workers",0.0
Female,21.0,"CON-Cement Masons, Concrete Finishers, And Terrazzo Workers",0.0
Female,22.0,"CON-Cement Masons, Concrete Finishers, And Terrazzo Workers",0.0
Female,23.0,"CON-Cement Masons, Concrete Finishers, And Terrazzo Workers",0.0
Female,24.0,"CON-Cement Masons, Concrete Finishers, And Terrazzo Workers",0.0
Female,25.0,"CON-Cement Masons, Concrete Finishers, And Terrazzo Workers",0.0
Female,26.0,"CON-Cement Masons, Concrete Finishers, And Terrazzo Workers",0.0
Female,27.0,"CON-Cement Masons, Concrete Finishers, And Terrazzo Workers",0.0
Female,28.0,"CON-Cement Masons, Concrete Finishers, And Terrazzo Workers",0.0
Female,29.0,"CON-Cement Masons, Concrete Finishers, And Terrazzo Workers",0.0
Female,30.0,"CON-Cement Masons, Concrete Finishers, And Terrazzo Workers",0.0
Male,18.0,CON-Construction Laborers,505.0
Male,19.0,CON-Construction Laborers,178.0
Male,20.0,CON-Construction Laborers,96.0
Male,21.0,CON-Construction Laborers,531.0
Male,22.0,CON-Construction Laborers,378.0
Male,23.0,CON-Construction Laborers,1487.0
Male,24.0,CON-Construction Laborers,539.0
Male,25.0,CON-Construction Laborers,785.0
Male,26.0,CON-Construction Laborers,166.0
Male,27.0,CON-Construction Laborers,122.0
Male,28.0,CON-Construction Laborers,247.0
Male,29.0,CON-Construction Laborers,0.0
Male,30.0,CON-Construction Laborers,180.0
Female,18.0,CON-Construction Laborers,0.0
Female,19.0,CON-Construction Laborers,0.0
Female,20.0,CON-Construction Laborers,0.0
Female,21.0,CON-Construction Laborers,0.0
Female,22.0,CON-Construction Laborers,0.0
Female,23.0,CON-Construction Laborers,0.0
Female,24.0,CON-Construction Laborers,0.0
Female,25.0,CON-Construction Laborers,0.0
Female,26.0,CON-Construction Laborers,0.0
Female,27.0,CON-Construction Laborers,0.0
Female,28.0,CON-Construction Laborers,0.0
Female,29.0,CON-Construction Laborers,0.0
Female,30.0,CON-Construction Laborers,0.0
Male,18.0,CON-Construction Equipment Operators,0.0
Male,19.0,CON-Construction Equipment Operators,0.0
Male,20.0,CON-Construction Equipment Operators,90.0
Male,21.0,CON-Construction Equipment Operators,0.0
Male,22.0,CON-Construction Equipment Operators,0.0
Male,23.0,CON-Construction Equipment Operators,29.0
Male,24.0,CON-Construction Equipment Operators,0.0
Male,25.0,CON-Construction Equipment Operators,0.0
Male,26.0,CON-Construction Equipment Operators,0.0
Male,27.0,CON-Construction Equipment Operators,41.0
Male,28.0,CON-Construction Equipment Operators,0.0
Male,29.0,CON-Construction Equipment Operators,0.0
Male,30.0,CON-Construction Equipment Operators,64.0
Female,18.0,CON-Construction Equipment Operators,0.0
Female,19.0,CON-Construction Equipment Operators,0.0
Female,20.0,CON-Construction Equipment Operators,0.0
Female,21.0,CON-Construction Equipment Operators,0.0
Female,22.0,CON-Construction Equipment Operators,0.0
Female,23.0,CON-Construction Equipment Operators,0.0
Female,24.0,CON-Construction Equipment Operators,0.0
Female,25.0,CON-Construction Equipment Operators,0.0
Female,26.0,CON-Construction Equipment Operators,0.0
Female,27.0,CON-Construction Equipment Operators,0.0
Female,28.0,CON-Construction Equipment Operators,0.0
Female,29.0,CON-Construction Equipment Operators,0.0
Female,30.0,CON-Construction Equipment Operators,0.0
Male,18.0,"CON-Drywall Installers, Ceiling Tile Installers, And Tapers",0.0
Male,19.0,"CON-Drywall Installers, Ceiling Tile Installers, And Tapers",198.0
Male,20.0,"CON-Drywall Installers, Ceiling Tile Installers, And Tapers",0.0
Male,21.0,"CON-Drywall Installers, Ceiling Tile Installers, And Tapers",0.0
Male,22.0,"CON-Drywall Installers, Ceiling Tile Installers, And Tapers",0.0
Male,23.0,"CON-Drywall Installers, Ceiling Tile Installers, And Tapers",0.0
Male,24.0,"CON-Drywall Installers, Ceiling Tile Installers, And Tapers",0.0
Male,25.0,"CON-Drywall Installers, Ceiling Tile Installers, And Tapers",0.0
Male,26.0,"CON-Drywall Installers, Ceiling Tile Installers, And Tapers",0.0
Male,27.0,"CON-Drywall Installers, Ceiling Tile Installers, And Tapers",0.0
Male,28.0,"CON-Drywall Installers, Ceiling Tile Installers, And Tapers",0.0
Male,29.0,"CON-Drywall Installers, Ceiling Tile Installers, And Tapers",0.0
Male,30.0,"CON-Drywall Installers, Ceiling Tile Installers, And Tapers",0.0
Female,18.0,"CON-Drywall Installers, Ceiling Tile Installers, And Tapers",0.0
Female,19.0,"CON-Drywall Installers, Ceiling Tile Installers, And Tapers",0.0
Female,20.0,"CON-Drywall Installers, Ceiling Tile Installers, And Tapers",0.0
Female,21.0,"CON-Drywall Installers, Ceiling Tile Installers, And Tapers",0.0
Female,22.0,"CON-Drywall Installers, Ceiling Tile Installers, And Tapers",0.0
Female,23.0,"CON-Drywall Installers, Ceiling Tile Installers, And Tapers",0.0
Female,24.0,"CON-Drywall Installers, Ceiling Tile Installers, And Tapers",0.0
Female,25.0,"CON-Drywall Installers, Ceiling Tile Installers, And Tapers",0.0
Female,26.0,"CON-Drywall Installers, Ceiling Tile Installers, And Tapers",0.0
Female,27.0,"CON-Drywall Installers, Ceiling Tile Installers, And Tapers",0.0
Female,28.0,"CON-Drywall Installers, Ceiling Tile Installers, And Tapers",0.0
Female,29.0,"CON-Drywall Installers, Ceiling Tile Installers, And Tapers",0.0
Female,30.0,"CON-Drywall Installers, Ceiling Tile Installers, And Tapers",0.0
Male,18.0,CON-Electricians,0.0
Male,19.0,CON-Electricians,0.0
Male,20.0,CON-Electricians,150.0
Male,21.0,CON-Electricians,224.0
Male,22.0,CON-Electricians,0.0
Male,23.0,CON-Electricians,122.0
Male,24.0,CON-Electricians,187.0
Male,25.0,CON-Electricians,334.0
Male,26.0,CON-Electricians,62.0
Male,27.0,CON-Electricians,62.0
Male,28.0,CON-Electricians,181.0
Male,29.0,CON-Electricians,193.0
Male,30.0,CON-Electricians,461.0
Female,18.0,CON-Electricians,0.0
Female,19.0,CON-Electricians,173.0
Female,20.0,CON-Electricians,0.0
Female,21.0,CON-Electricians,141.0
Female,22.0,CON-Electricians,98.0
Female,23.0,CON-Electricians,0.0
Female,24.0,CON-Electricians,0.0
Female,25.0,CON-Electricians,0.0
Female,26.0,CON-Electricians,0.0
Female,27.0,CON-Electricians,0.0
Female,28.0,CON-Electricians,0.0
Female,29.0,CON-Electricians,0.0
Female,30.0,CON-Electricians,0.0
Male,18.0,CON-Glaziers,0.0
Male,19.0,CON-Glaziers,0.0
Male,20.0,CON-Glaziers,0.0
Male,21.0,CON-Glaziers,0.0
Male,22.0,CON-Glaziers,0.0
Male,23.0,CON-Glaziers,0.0
Male,24.0,CON-Glaziers,0.0
Male,25.0,CON-Glaziers,0.0
Male,26.0,CON-Glaziers,0.0
Male,27.0,CON-Glaziers,0.0
Male,28.0,CON-Glaziers,0.0
Male,29.0,CON-Glaziers,0.0
Male,30.0,CON-Glaziers,0.0
Female,18.0,CON-Glaziers,0.0
Female,19.0,CON-Glaziers,0.0
Female,20.0,CON-Glaziers,0.0
Female,21.0,CON-Glaziers,0.0
Female,22.0,CON-Glaziers,0.0
Female,23.0,CON-Glaziers,0.0
Female,24.0,CON-Glaziers,0.0
Female,25.0,CON-Glaziers,0.0
Female,26.0,CON-Glaziers,0.0
Female,27.0,CON-Glaziers,0.0
Female,28.0,CON-Glaziers,0.0
Female,29.0,CON-Glaziers,0.0
Female,30.0,CON-Glaziers,0.0
Male,18.0,CON-Insulation Workers,0.0
Male,19.0,CON-Insulation Workers,86.0
Male,20.0,CON-Insulation Workers,0.0
Male,21.0,CON-Insulation Workers,0.0
Male,22.0,CON-Insulation Workers,0.0
Male,23.0,CON-Insulation Workers,0.0
Male,24.0,CON-Insulation Workers,0.0
Male,25.0,CON-Insulation Workers,0.0
Male,26.0,CON-Insulation Workers,0.0
Male,27.0,CON-Insulation Workers,0.0
Male,28.0,CON-Insulation Workers,64.0
Male,29.0,CON-Insulation Workers,0.0
Male,30.0,CON-Insulation Workers,0.0
Female,18.0,CON-Insulation Workers,0.0
Female,19.0,CON-Insulation Workers,0.0
Female,20.0,CON-Insulation Workers,0.0
Female,21.0,CON-Insulation Workers,0.0
Female,22.0,CON-Insulation Workers,0.0
Female,23.0,CON-Insulation Workers,0.0
Female,24.0,CON-Insulation Workers,0.0
Female,25.0,CON-Insulation Workers,0.0
Female,26.0,CON-Insulation Workers,0.0
Female,27.0,CON-Insulation Workers,0.0
Female,28.0,CON-Insulation Workers,0.0
Female,29.0,CON-Insulation Workers,0.0
Female,30.0,CON-Insulation Workers,0.0
Male,18.0,CON-Painters and Paperhangers,0.0
Male,19.0,CON-Painters and Paperhangers,0.0
Male,20.0,CON-Painters and Paperhangers,0.0
Male,21.0,CON-Painters and Paperhangers,100.0
Male,22.0,CON-Painters and Paperhangers,167.0
Male,23.0,CON-Painters and Paperhangers,193.0
Male,24.0,CON-Painters and Paperhangers,0.0
Male,25.0,CON-Painters and Paperhangers,62.0
Male,26.0,CON-Painters and Paperhangers,0.0
Male,27.0,CON-Painters and Paperhangers,0.0
Male,28.0,CON-Painters and Paperhangers,0.0
Male,29.0,CON-Painters and Paperhangers,0.0
Male,30.0,CON-Painters and Paperhangers,317.0
Female,18.0,CON-Painters and Paperhangers,0.0
Female,19.0,CON-Painters and Paperhangers,0.0
Female,20.0,CON-Painters and Paperhangers,0.0
Female,21.0,CON-Painters and Paperhangers,0.0
Female,22.0,CON-Painters and Paperhangers,0.0
Female,23.0,CON-Painters and Paperhangers,0.0
Female,24.0,CON-Painters and Paperhangers,0.0
Female,25.0,CON-Painters and Paperhangers,0.0
Female,26.0,CON-Painters and Paperhangers,0.0
Female,27.0,CON-Painters and Paperhangers,0.0
Female,28.0,CON-Painters and Paperhangers,0.0
Female,29.0,CON-Painters and Paperhangers,0.0
Female,30.0,CON-Painters and Paperhangers,0.0
Male,18.0,CON-Pipelayers,0.0
Male,19.0,CON-Pipelayers,0.0
Male,20.0,CON-Pipelayers,0.0
Male,21.0,CON-Pipelayers,0.0
Male,22.0,CON-Pipelayers,0.0
Male,23.0,CON-Pipelayers,0.0
Male,24.0,CON-Pipelayers,0.0
Male,25.0,CON-Pipelayers,0.0
Male,26.0,CON-Pipelayers,0.0
Male,27.0,CON-Pipelayers,0.0
Male,28.0,CON-Pipelayers,62.0
Male,29.0,CON-Pipelayers,0.0
Male,30.0,CON-Pipelayers,0.0
Female,18.0,CON-Pipelayers,0.0
Female,19.0,CON-Pipelayers,0.0
Female,20.0,CON-Pipelayers,0.0
Female,21.0,CON-Pipelayers,0.0
Female,22.0,CON-Pipelayers,0.0
Female,23.0,CON-Pipelayers,0.0
Female,24.0,CON-Pipelayers,0.0
Female,25.0,CON-Pipelayers,0.0
Female,26.0,CON-Pipelayers,0.0
Female,27.0,CON-Pipelayers,0.0
Female,28.0,CON-Pipelayers,0.0
Female,29.0,CON-Pipelayers,0.0
Female,30.0,CON-Pipelayers,0.0
Male,18.0,"CON-Plumbers, Pipefitters, And Steamfitters",365.0
Male,19.0,"CON-Plumbers, Pipefitters, And Steamfitters",0.0
Male,20.0,"CON-Plumbers, Pipefitters, And Steamfitters",0.0
Male,21.0,"CON-Plumbers, Pipefitters, And Steamfitters",0.0
Male,22.0,"CON-Plumbers, Pipefitters, And Steamfitters",78.0
Male,23.0,"CON-Plumbers, Pipefitters, And Steamfitters",320.0
Male,24.0,"CON-Plumbers, Pipefitters, And Steamfitters",0.0
Male,25.0,"CON-Plumbers, Pipefitters, And Steamfitters",108.0
Male,26.0,"CON-Plumbers, Pipefitters, And Steamfitters",285.0
Male,27.0,"CON-Plumbers, Pipefitters, And Steamfitters",126.0
Male,28.0,"CON-Plumbers, Pipefitters, And Steamfitters",58.0
Male,29.0,"CON-Plumbers, Pipefitters, And Steamfitters",473.0
Male,30.0,"CON-Plumbers, Pipefitters, And Steamfitters",420.0
Female,18.0,"CON-Plumbers, Pipefitters, And Steamfitters",0.0
Female,19.0,"CON-Plumbers, Pipefitters, And Steamfitters",0.0
Female,20.0,"CON-Plumbers, Pipefitters, And Steamfitters",0.0
Female,21.0,"CON-Plumbers, Pipefitters, And Steamfitters",0.0
Female,22.0,"CON-Plumbers, Pipefitters, And Steamfitters",0.0
Female,23.0,"CON-Plumbers, Pipefitters, And Steamfitters",0.0
Female,24.0,"CON-Plumbers, Pipefitters, And Steamfitters",0.0
Female,25.0,"CON-Plumbers, Pipefitters, And Steamfitters",0.0
Female,26.0,"CON-Plumbers, Pipefitters, And Steamfitters",0.0
Female,27.0,"CON-Plumbers, Pipefitters, And Steamfitters",0.0
Female,28.0,"CON-Plumbers, Pipefitters, And Steamfitters",0.0
Female,29.0,"CON-Plumbers, Pipefitters, And Steamfitters",0.0
Female,30.0,"CON-Plumbers, Pipefitters, And Steamfitters",0.0
Male,18.0,CON-Plasterers And Stucco Masons,0.0
Male,19.0,CON-Plasterers And Stucco Masons,0.0
Male,20.0,CON-Plasterers And Stucco Masons,0.0
Male,21.0,CON-Plasterers And Stucco Masons,0.0
Male,22.0,CON-Plasterers And Stucco Masons,0.0
Male,23.0,CON-Plasterers And Stucco Masons,0.0
Male,24.0,CON-Plasterers And Stucco Masons,0.0
Male,25.0,CON-Plasterers And Stucco Masons,0.0
Male,26.0,CON-Plasterers And Stucco Masons,0.0
Male,27.0,CON-Plasterers And Stucco Masons,0.0
Male,28.0,CON-Plasterers And Stucco Masons,0.0
Male,29.0,CON-Plasterers And Stucco Masons,0.0
Male,30.0,CON-Plasterers And Stucco Masons,0.0
Female,18.0,CON-Plasterers And Stucco Masons,0.0
Female,19.0,CON-Plasterers And Stucco Masons,0.0
Female,20.0,CON-Plasterers And Stucco Masons,0.0
Female,21.0,CON-Plasterers And Stucco Masons,0.0
Female,22.0,CON-Plasterers And Stucco Masons,0.0
Female,23.0,CON-Plasterers And Stucco Masons,0.0
Female,24.0,CON-Plasterers And Stucco Masons,0.0
Female,25.0,CON-Plasterers And Stucco Masons,0.0
Female,26.0,CON-Plasterers And Stucco Masons,0.0
Female,27.0,CON-Plasterers And Stucco Masons,0.0
Female,28.0,CON-Plasterers And Stucco Masons,0.0
Female,29.0,CON-Plasterers And Stucco Masons,0.0
Female,30.0,CON-Plasterers And Stucco Masons,0.0
Male,18.0,CON-Roofers,0.0
Male,19.0,CON-Roofers,0.0
Male,20.0,CON-Roofers,65.0
Male,21.0,CON-Roofers,0.0
Male,22.0,CON-Roofers,0.0
Male,23.0,CON-Roofers,0.0
Male,24.0,CON-Roofers,0.0
Male,25.0,CON-Roofers,0.0
Male,26.0,CON-Roofers,0.0
Male,27.0,CON-Roofers,0.0
Male,28.0,CON-Roofers,0.0
Male,29.0,CON-Roofers,0.0
Male,30.0,CON-Roofers,0.0
Female,18.0,CON-Roofers,0.0
Female,19.0,CON-Roofers,0.0
Female,20.0,CON-Roofers,0.0
Female,21.0,CON-Roofers,0.0
Female,22.0,CON-Roofers,0.0
Female,23.0,CON-Roofers,0.0
Female,24.0,CON-Roofers,0.0
Female,25.0,CON-Roofers,0.0
Female,26.0,CON-Roofers,0.0
Female,27.0,CON-Roofers,0.0
Female,28.0,CON-Roofers,0.0
Female,29.0,CON-Roofers,0.0
Female,30.0,CON-Roofers,0.0
Male,18.0,CON-Sheet Metal Workers,0.0
Male,19.0,CON-Sheet Metal Workers,0.0
Male,20.0,CON-Sheet Metal Workers,0.0
Male,21.0,CON-Sheet Metal Workers,0.0
Male,22.0,CON-Sheet Metal Workers,0.0
Male,23.0,CON-Sheet Metal Workers,40.0
Male,24.0,CON-Sheet Metal Workers,0.0
Male,25.0,CON-Sheet Metal Workers,0.0
Male,26.0,CON-Sheet Metal Workers,0.0
Male,27.0,CON-Sheet Metal Workers,0.0
Male,28.0,CON-Sheet Metal Workers,0.0
Male,29.0,CON-Sheet Metal Workers,0.0
Male,30.0,CON-Sheet Metal Workers,0.0
Female,18.0,CON-Sheet Metal Workers,0.0
Female,19.0,CON-Sheet Metal Workers,0.0
Female,20.0,CON-Sheet Metal Workers,0.0
Female,21.0,CON-Sheet Metal Workers,0.0
Female,22.0,CON-Sheet Metal Workers,0.0
Female,23.0,CON-Sheet Metal Workers,0.0
Female,24.0,CON-Sheet Metal Workers,0.0
Female,25.0,CON-Sheet Metal Workers,0.0
Female,26.0,CON-Sheet Metal Workers,0.0
Female,27.0,CON-Sheet Metal Workers,0.0
Female,28.0,CON-Sheet Metal Workers,0.0
Female,29.0,CON-Sheet Metal Workers,0.0
Female,30.0,CON-Sheet Metal Workers,0.0
Male,18.0,CON-Structural Iron And Steel Workers,0.0
Male,19.0,CON-Structural Iron And Steel Workers,0.0
Male,20.0,CON-Structural Iron And Steel Workers,0.0
Male,21.0,CON-Structural Iron And Steel Workers,0.0
Male,22.0,CON-Structural Iron And Steel Workers,0.0
Male,23.0,CON-Structural Iron And Steel Workers,0.0
Male,24.0,CON-Structural Iron And Steel Workers,0.0
Male,25.0,CON-Structural Iron And Steel Workers,0.0
Male,26.0,CON-Structural Iron And Steel Workers,144.0
Male,27.0,CON-Structural Iron And Steel Workers,280.0
Male,28.0,CON-Structural Iron And Steel Workers,0.0
Male,29.0,CON-Structural Iron And Steel Workers,0.0
Male,30.0,CON-Structural Iron And Steel Workers,0.0
Female,18.0,CON-Structural Iron And Steel Workers,0.0
Female,19.0,CON-Structural Iron And Steel Workers,0.0
Female,20.0,CON-Structural Iron And Steel Workers,0.0
Female,21.0,CON-Structural Iron And Steel Workers,0.0
Female,22.0,CON-Structural Iron And Steel Workers,0.0
Female,23.0,CON-Structural Iron And Steel Workers,0.0
Female,24.0,CON-Structural Iron And Steel Workers,0.0
Female,25.0,CON-Structural Iron And Steel Workers,0.0
Female,26.0,CON-Structural Iron And Steel Workers,0.0
Female,27.0,CON-Structural Iron And Steel Workers,0.0
Female,28.0,CON-Structural Iron And Steel Workers,0.0
Female,29.0,CON-Structural Iron And Steel Workers,0.0
Female,30.0,CON-Structural Iron And Steel Workers,0.0
Male,18.0,CON-Solar Photovoltaic Installers,0.0
Male,19.0,CON-Solar Photovoltaic Installers,0.0
Male,20.0,CON-Solar Photovoltaic Installers,0.0
Male,21.0,CON-Solar Photovoltaic Installers,206.0
Male,22.0,CON-Solar Photovoltaic Installers,116.0
Male,23.0,CON-Solar Photovoltaic Installers,0.0
Male,24.0,CON-Solar Photovoltaic Installers,0.0
Male,25.0,CON-Solar Photovoltaic Installers,0.0
Male,26.0,CON-Solar Photovoltaic Installers,0.0
Male,27.0,CON-Solar Photovoltaic Installers,0.0
Male,28.0,CON-Solar Photovoltaic Installers,57.0
Male,29.0,CON-Solar Photovoltaic Installers,0.0
Male,30.0,CON-Solar Photovoltaic Installers,131.0
Female,18.0,CON-Solar Photovoltaic Installers,0.0
Female,19.0,CON-Solar Photovoltaic Installers,0.0
Female,20.0,CON-Solar Photovoltaic Installers,0.0
Female,21.0,CON-Solar Photovoltaic Installers,0.0
Female,22.0,CON-Solar Photovoltaic Installers,0.0
Female,23.0,CON-Solar Photovoltaic Installers,0.0
Female,24.0,CON-Solar Photovoltaic Installers,0.0
Female,25.0,CON-Solar Photovoltaic Installers,0.0
Female,26.0,CON-Solar Photovoltaic Installers,0.0
Female,27.0,CON-Solar Photovoltaic Installers,0.0
Female,28.0,CON-Solar Photovoltaic Installers,0.0
Female,29.0,CON-Solar Photovoltaic Installers,0.0
Female,30.0,CON-Solar Photovoltaic Installers,0.0
Male,18.0,"CON-Helpers, Construction Trades",0.0
Male,19.0,"CON-Helpers, Construction Trades",0.0
Male,20.0,"CON-Helpers, Construction Trades",0.0
Male,21.0,"CON-Helpers, Construction Trades",0.0
Male,22.0,"CON-Helpers, Construction Trades",0.0
Male,23.0,"CON-Helpers, Construction Trades",0.0
Male,24.0,"CON-Helpers, Construction Trades",643.0
Male,25.0,"CON-Helpers, Construction Trades",0.0
Male,26.0,"CON-Helpers, Construction Trades",59.0
Male,27.0,"CON-Helpers, Construction Trades",0.0
Male,28.0,"CON-Helpers, Construction Trades",0.0
Male,29.0,"CON-Helpers, Construction Trades",0.0
Male,30.0,"CON-Helpers, Construction Trades",0.0
Female,18.0,"CON-Helpers, Construction Trades",0.0
Female,19.0,"CON-Helpers, Construction Trades",0.0
Female,20.0,"CON-Helpers, Construction Trades",0.0
Female,21.0,"CON-Helpers, Construction Trades",0.0
Female,22.0,"CON-Helpers, Construction Trades",0.0
Female,23.0,"CON-Helpers, Construction Trades",0.0
Female,24.0,"CON-Helpers, Construction Trades",0.0
Female,25.0,"CON-Helpers, Construction Trades",0.0
Female,26.0,"CON-Helpers, Construction Trades",0.0
Female,27.0,"CON-Helpers, Construction Trades",0.0
Female,28.0,"CON-Helpers, Construction Trades",0.0
Female,29.0,"CON-Helpers, Construction Trades",0.0
Female,30.0,"CON-Helpers, Construction Trades",0.0
Male,18.0,CON-Construction And Building Inspectors,0.0
Male,19.0,CON-Construction And Building Inspectors,0.0
Male,20.0,CON-Construction And Building Inspectors,0.0
Male,21.0,CON-Construction And Building Inspectors,0.0
Male,22.0,CON-Construction And Building Inspectors,0.0
Male,23.0,CON-Construction And Building Inspectors,0.0
Male,24.0,CON-Construction And Building Inspectors,0.0
Male,25.0,CON-Construction And Building Inspectors,0.0
Male,26.0,CON-Construction And Building Inspectors,0.0
Male,27.0,CON-Construction And Building Inspectors,72.0
Male,28.0,CON-Construction And Building Inspectors,0.0
Male,29.0,CON-Construction And Building Inspectors,0.0
Male,30.0,CON-Construction And Building Inspectors,0.0
Female,18.0,CON-Construction And Building Inspectors,0.0
Female,19.0,CON-Construction And Building Inspectors,0.0
Female,20.0,CON-Construction And Building Inspectors,0.0
Female,21.0,CON-Construction And Building Inspectors,0.0
Female,22.0,CON-Construction And Building Inspectors,0.0
Female,23.0,CON-Construction And Building Inspectors,0.0
Female,24.0,CON-Construction And Building Inspectors,0.0
Female,25.0,CON-Construction And Building Inspectors,0.0
Female,26.0,CON-Construction And Building Inspectors,0.0
Female,27.0,CON-Construction And Building Inspectors,0.0
Female,28.0,CON-Construction And Building Inspectors,0.0
Female,29.0,CON-Construction And Building Inspectors,0.0
Female,30.0,CON-Construction And Building Inspectors,0.0
Male,18.0,CON-Elevator And Escalator Installers And Repairers,0.0
Male,19.0,CON-Elevator And Escalator Installers And Repairers,0.0
Male,20.0,CON-Elevator And Escalator Installers And Repairers,0.0
Male,21.0,CON-Elevator And Escalator Installers And Repairers,0.0
Male,22.0,CON-Elevator And Escalator Installers And Repairers,0.0
Male,23.0,CON-Elevator And Escalator Installers And Repairers,0.0
Male,24.0,CON-Elevator And Escalator Installers And Repairers,0.0
Male,25.0,CON-Elevator And Escalator Installers And Repairers,0.0
Male,26.0,CON-Elevator And Escalator Installers And Repairers,0.0
Male,27.0,CON-Elevator And Escalator Installers And Repairers,0.0
Male,28.0,CON-Elevator And Escalator Installers And Repairers,0.0
Male,29.0,CON-Elevator And Escalator Installers And Repairers,0.0
Male,30.0,CON-Elevator And Escalator Installers And Repairers,0.0
Female,18.0,CON-Elevator And Escalator Installers And Repairers,0.0
Female,19.0,CON-Elevator And Escalator Installers And Repairers,0.0
Female,20.0,CON-Elevator And Escalator Installers And Repairers,0.0
Female,21.0,CON-Elevator And Escalator Installers And Repairers,0.0
Female,22.0,CON-Elevator And Escalator Installers And Repairers,0.0
Female,23.0,CON-Elevator And Escalator Installers And Repairers,0.0
Female,24.0,CON-Elevator And Escalator Installers And Repairers,0.0
Female,25.0,CON-Elevator And Escalator Installers And Repairers,0.0
Female,26.0,CON-Elevator And Escalator Installers And Repairers,0.0
Female,27.0,CON-Elevator And Escalator Installers And Repairers,0.0
Female,28.0,CON-Elevator And Escalator Installers And Repairers,0.0
Female,29.0,CON-Elevator And Escalator Installers And Repairers,0.0
Female,30.0,CON-Elevator And Escalator Installers And Repairers,0.0
Male,18.0,CON-Fence Erectors,0.0
Male,19.0,CON-Fence Erectors,0.0
Male,20.0,CON-Fence Erectors,0.0
Male,21.0,CON-Fence Erectors,0.0
Male,22.0,CON-Fence Erectors,0.0
Male,23.0,CON-Fence Erectors,0.0
Male,24.0,CON-Fence Erectors,0.0
Male,25.0,CON-Fence Erectors,0.0
Male,26.0,CON-Fence Erectors,0.0
Male,27.0,CON-Fence Erectors,0.0
Male,28.0,CON-Fence Erectors,206.0
Male,29.0,CON-Fence Erectors,0.0
Male,30.0,CON-Fence Erectors,0.0
Female,18.0,CON-Fence Erectors,0.0
Female,19.0,CON-Fence Erectors,0.0
Female,20.0,CON-Fence Erectors,0.0
Female,21.0,CON-Fence Erectors,0.0
Female,22.0,CON-Fence Erectors,0.0
Female,23.0,CON-Fence Erectors,0.0
Female,24.0,CON-Fence Erectors,0.0
Female,25.0,CON-Fence Erectors,0.0
Female,26.0,CON-Fence Erectors,0.0
Female,27.0,CON-Fence Erectors,0.0
Female,28.0,CON-Fence Erectors,0.0
Female,29.0,CON-Fence Erectors,0.0
Female,30.0,CON-Fence Erectors,0.0
Male,18.0,CON-Hazardous Materials Removal Workers,0.0
Male,19.0,CON-Hazardous Materials Removal Workers,0.0
Male,20.0,CON-Hazardous Materials Removal Workers,0.0
Male,21.0,CON-Hazardous Materials Removal Workers,0.0
Male,22.0,CON-Hazardous Materials Removal Workers,0.0
Male,23.0,CON-Hazardous Materials Removal Workers,0.0
Male,24.0,CON-Hazardous Materials Removal Workers,88.0
Male,25.0,CON-Hazardous Materials Removal Workers,0.0
Male,26.0,CON-Hazardous Materials Removal Workers,0.0
Male,27.0,CON-Hazardous Materials Removal Workers,0.0
Male,28.0,CON-Hazardous Materials Removal Workers,0.0
Male,29.0,CON-Hazardous Materials Removal Workers,0.0
Male,30.0,CON-Hazardous Materials Removal Workers,0.0
Female,18.0,CON-Hazardous Materials Removal Workers,0.0
Female,19.0,CON-Hazardous Materials Removal Workers,0.0
Female,20.0,CON-Hazardous Materials Removal Workers,0.0
Female,21.0,CON-Hazardous Materials Removal Workers,0.0
Female,22.0,CON-Hazardous Materials Removal Workers,0.0
Female,23.0,CON-Hazardous Materials Removal Workers,0.0
Female,24.0,CON-Hazardous Materials Removal Workers,0.0
Female,25.0,CON-Hazardous Materials Removal Workers,0.0
Female,26.0,CON-Hazardous Materials Removal Workers,0.0
Female,27.0,CON-Hazardous Materials Removal Workers,0.0
Female,28.0,CON-Hazardous Materials Removal Workers,0.0
Female,29.0,CON-Hazardous Materials Removal Workers,0.0
Female,30.0,CON-Hazardous Materials Removal Workers,0.0
Male,18.0,CON-Highway Maintenance Workers,0.0
Male,19.0,CON-Highway Maintenance Workers,0.0
Male,20.0,CON-Highway Maintenance Workers,0.0
Male,21.0,CON-Highway Maintenance Workers,0.0
Male,22.0,CON-Highway Maintenance Workers,0.0
Male,23.0,CON-Highway Maintenance Workers,0.0
Male,24.0,CON-Highway Maintenance Workers,0.0
Male,25.0,CON-Highway Maintenance Workers,0.0
Male,26.0,CON-Highway Maintenance Workers,0.0
Male,27.0,CON-Highway Maintenance Workers,0.0
Male,28.0,CON-Highway Maintenance Workers,0.0
Male,29.0,CON-Highway Maintenance Workers,0.0
Male,30.0,CON-Highway Maintenance Workers,0.0
Female,18.0,CON-Highway Maintenance Workers,0.0
Female,19.0,CON-Highway Maintenance Workers,0.0
Female,20.0,CON-Highway Maintenance Workers,0.0
Female,21.0,CON-Highway Maintenance Workers,0.0
Female,22.0,CON-Highway Maintenance Workers,0.0
Female,23.0,CON-Highway Maintenance Workers,0.0
Female,24.0,CON-Highway Maintenance Workers,0.0
Female,25.0,CON-Highway Maintenance Workers,0.0
Female,26.0,CON-Highway Maintenance Workers,0.0
Female,27.0,CON-Highway Maintenance Workers,0.0
Female,28.0,CON-Highway Maintenance Workers,0.0
Female,29.0,CON-Highway Maintenance Workers,0.0
Female,30.0,CON-Highway Maintenance Workers,0.0
Male,18.0,CON-Rail-Track Laying And Maintenance Equipment Operators,0.0
Male,19.0,CON-Rail-Track Laying And Maintenance Equipment Operators,0.0
Male,20.0,CON-Rail-Track Laying And Maintenance Equipment Operators,0.0
Male,21.0,CON-Rail-Track Laying And Maintenance Equipment Operators,0.0
Male,22.0,CON-Rail-Track Laying And Maintenance Equipment Operators,0.0
Male,23.0,CON-Rail-Track Laying And Maintenance Equipment Operators,0.0
Male,24.0,CON-Rail-Track Laying And Maintenance Equipment Operators,0.0
Male,25.0,CON-Rail-Track Laying And Maintenance Equipment Operators,0.0
Male,26.0,CON-Rail-Track Laying And Maintenance Equipment Operators,0.0
Male,27.0,CON-Rail-Track Laying And Maintenance Equipment Operators,0.0
Male,28.0,CON-Rail-Track Laying And Maintenance Equipment Operators,0.0
Male,29.0,CON-Rail-Track Laying And Maintenance Equipment Operators,0.0
Male,30.0,CON-Rail-Track Laying And Maintenance Equipment Operators,0.0
Female,18.0,CON-Rail-Track Laying And Maintenance Equipment Operators,0.0
Female,19.0,CON-Rail-Track Laying And Maintenance Equipment Operators,0.0
Female,20.0,CON-Rail-Track Laying And Maintenance Equipment Operators,0.0
Female,21.0,CON-Rail-Track Laying And Maintenance Equipment Operators,0.0
Female,22.0,CON-Rail-Track Laying And Maintenance Equipment Operators,0.0
Female,23.0,CON-Rail-Track Laying And Maintenance Equipment Operators,0.0
Female,24.0,CON-Rail-Track Laying And Maintenance Equipment Operators,0.0
Female,25.0,CON-Rail-Track Laying And Maintenance Equipment Operators,0.0
Female,26.0,CON-Rail-Track Laying And Maintenance Equipment Operators,0.0
Female,27.0,CON-Rail-Track Laying And Maintenance Equipment Operators,0.0
Female,28.0,CON-Rail-Track Laying And Maintenance Equipment Operators,0.0
Female,29.0,CON-Rail-Track Laying And Maintenance Equipment Operators,0.0
Female,30.0,CON-Rail-Track Laying And Maintenance Equipment Operators,0.0
Male,18.0,CON-Other Construction And Related Workers,0.0
Male,19.0,CON-Other Construction And Related Workers,0.0
Male,20.0,CON-Other Construction And Related Workers,134.0
Male,21.0,CON-Other Construction And Related Workers,0.0
Male,22.0,CON-Other Construction And Related Workers,0.0
Male,23.0,CON-Other Construction And Related Workers,0.0
Male,24.0,CON-Other Construction And Related Workers,0.0
Male,25.0,CON-Other Construction And Related Workers,0.0
Male,26.0,CON-Other Construction And Related Workers,0.0
Male,27.0,CON-Other Construction And Related Workers,0.0
Male,28.0,CON-Other Construction And Related Workers,0.0
Male,29.0,CON-Other Construction And Related Workers,0.0
Male,30.0,CON-Other Construction And Related Workers,0.0
Female,18.0,CON-Other Construction And Related Workers,0.0
Female,19.0,CON-Other Construction And Related Workers,0.0
Female,20.0,CON-Other Construction And Related Workers,0.0
Female,21.0,CON-Other Construction And Related Workers,0.0
Female,22.0,CON-Other Construction And Related Workers,0.0
Female,23.0,CON-Other Construction And Related Workers,0.0
Female,24.0,CON-Other Construction And Related Workers,0.0
Female,25.0,CON-Other Construction And Related Workers,0.0
Female,26.0,CON-Other Construction And Related Workers,0.0
Female,27.0,CON-Other Construction And Related Workers,0.0
Female,28.0,CON-Other Construction And Related Workers,0.0
Female,29.0,CON-Other Construction And Related Workers,0.0
Female,30.0,CON-Other Construction And Related Workers,0.0
Male,18.0,"EXT-Derrick, Rotary Drill, And Service Unit Operators, And Roustabouts, Oil And Gas",0.0
Male,19.0,"EXT-Derrick, Rotary Drill, And Service Unit Operators, And Roustabouts, Oil And Gas",0.0
Male,20.0,"EXT-Derrick, Rotary Drill, And Service Unit Operators, And Roustabouts, Oil And Gas",0.0
Male,21.0,"EXT-Derrick, Rotary Drill, And Service Unit Operators, And Roustabouts, Oil And Gas",0.0
Male,22.0,"EXT-Derrick, Rotary Drill, And Service Unit Operators, And Roustabouts, Oil And Gas",0.0
Male,23.0,"EXT-Derrick, Rotary Drill, And Service Unit Operators, And Roustabouts, Oil And Gas",0.0
Male,24.0,"EXT-Derrick, Rotary Drill, And Service Unit Operators, And Roustabouts, Oil And Gas",0.0
Male,25.0,"EXT-Derrick, Rotary Drill, And Service Unit Operators, And Roustabouts, Oil And Gas",0.0
Male,26.0,"EXT-Derrick, Rotary Drill, And Service Unit Operators, And Roustabouts, Oil And Gas",0.0
Male,27.0,"EXT-Derrick, Rotary Drill, And Service Unit Operators, And Roustabouts, Oil And Gas",0.0
Male,28.0,"EXT-Derrick, Rotary Drill, And Service Unit Operators, And Roustabouts, Oil And Gas",0.0
Male,29.0,"EXT-Derrick, Rotary Drill, And Service Unit Operators, And Roustabouts, Oil And Gas",0.0
Male,30.0,"EXT-Derrick, Rotary Drill, And Service Unit Operators, And Roustabouts, Oil And Gas",0.0
Female,18.0,"EXT-Derrick, Rotary Drill, And Service Unit Operators, And Roustabouts, Oil And Gas",0.0
Female,19.0,"EXT-Derrick, Rotary Drill, And Service Unit Operators, And Roustabouts, Oil And Gas",0.0
Female,20.0,"EXT-Derrick, Rotary Drill, And Service Unit Operators, And Roustabouts, Oil And Gas",0.0
Female,21.0,"EXT-Derrick, Rotary Drill, And Service Unit Operators, And Roustabouts, Oil And Gas",0.0
Female,22.0,"EXT-Derrick, Rotary Drill, And Service Unit Operators, And Roustabouts, Oil And Gas",0.0
Female,23.0,"EXT-Derrick, Rotary Drill, And Service Unit Operators, And Roustabouts, Oil And Gas",0.0
Female,24.0,"EXT-Derrick, Rotary Drill, And Service Unit Operators, And Roustabouts, Oil And Gas",0.0
Female,25.0,"EXT-Derrick, Rotary Drill, And Service Unit Operators, And Roustabouts, Oil And Gas",0.0
Female,26.0,"EXT-Derrick, Rotary Drill, And Service Unit Operators, And Roustabouts, Oil And Gas",0.0
Female,27.0,"EXT-Derrick, Rotary Drill, And Service Unit Operators, And Roustabouts, Oil And Gas",0.0
Female,28.0,"EXT-Derrick, Rotary Drill, And Service Unit Operators, And Roustabouts, Oil And Gas",0.0
Female,29.0,"EXT-Derrick, Rotary Drill, And Service Unit Operators, And Roustabouts, Oil And Gas",0.0
Female,30.0,"EXT-Derrick, Rotary Drill, And Service Unit Operators, And Roustabouts, Oil And Gas",0.0
Male,18.0,EXT-Surface Mining Machine Operators And Earth Drillers,0.0
Male,19.0,EXT-Surface Mining Machine Operators And Earth Drillers,0.0
Male,20.0,EXT-Surface Mining Machine Operators And Earth Drillers,0.0
Male,21.0,EXT-Surface Mining Machine Operators And Earth Drillers,0.0
Male,22.0,EXT-Surface Mining Machine Operators And Earth Drillers,0.0
Male,23.0,EXT-Surface Mining Machine Operators And Earth Drillers,0.0
Male,24.0,EXT-Surface Mining Machine Operators And Earth Drillers,0.0
Male,25.0,EXT-Surface Mining Machine Operators And Earth Drillers,0.0
Male,26.0,EXT-Surface Mining Machine Operators And Earth Drillers,0.0
Male,27.0,EXT-Surface Mining Machine Operators And Earth Drillers,0.0
Male,28.0,EXT-Surface Mining Machine Operators And Earth Drillers,80.0
Male,29.0,EXT-Surface Mining Machine Operators And Earth Drillers,0.0
Male,30.0,EXT-Surface Mining Machine Operators And Earth Drillers,0.0
Female,18.0,EXT-Surface Mining Machine Operators And Earth Drillers,0.0
Female,19.0,EXT-Surface Mining Machine Operators And Earth Drillers,0.0
Female,20.0,EXT-Surface Mining Machine Operators And Earth Drillers,0.0
Female,21.0,EXT-Surface Mining Machine Operators And Earth Drillers,0.0
Female,22.0,EXT-Surface Mining Machine Operators And Earth Drillers,0.0
Female,23.0,EXT-Surface Mining Machine Operators And Earth Drillers,0.0
Female,24.0,EXT-Surface Mining Machine Operators And Earth Drillers,0.0
Female,25.0,EXT-Surface Mining Machine Operators And Earth Drillers,0.0
Female,26.0,EXT-Surface Mining Machine Operators And Earth Drillers,0.0
Female,27.0,EXT-Surface Mining Machine Operators And Earth Drillers,0.0
Female,28.0,EXT-Surface Mining Machine Operators And Earth Drillers,0.0
Female,29.0,EXT-Surface Mining Machine Operators And Earth Drillers,0.0
Female,30.0,EXT-Surface Mining Machine Operators And Earth Drillers,0.0
Male,18.0,"EXT-Explosives Workers, Ordnance Handling Experts, and Blasters",0.0
Male,19.0,"EXT-Explosives Workers, Ordnance Handling Experts, and Blasters",0.0
Male,20.0,"EXT-Explosives Workers, Ordnance Handling Experts, and Blasters",0.0
Male,21.0,"EXT-Explosives Workers, Ordnance Handling Experts, and Blasters",0.0
Male,22.0,"EXT-Explosives Workers, Ordnance Handling Experts, and Blasters",0.0
Male,23.0,"EXT-Explosives Workers, Ordnance Handling Experts, and Blasters",0.0
Male,24.0,"EXT-Explosives Workers, Ordnance Handling Experts, and Blasters",0.0
Male,25.0,"EXT-Explosives Workers, Ordnance Handling Experts, and Blasters",0.0
Male,26.0,"EXT-Explosives Workers, Ordnance Handling Experts, and Blasters",0.0
Male,27.0,"EXT-Explosives Workers, Ordnance Handling Experts, and Blasters",0.0
Male,28.0,"EXT-Explosives Workers, Ordnance Handling Experts, and Blasters",0.0
Male,29.0,"EXT-Explosives Workers, Ordnance Handling Experts, and Blasters",0.0
Male,30.0,"EXT-Explosives Workers, Ordnance Handling Experts, and Blasters",0.0
Female,18.0,"EXT-Explosives Workers, Ordnance Handling Experts, and Blasters",0.0
Female,19.0,"EXT-Explosives Workers, Ordnance Handling Experts, and Blasters",0.0
Female,20.0,"EXT-Explosives Workers, Ordnance Handling Experts, and Blasters",0.0
Female,21.0,"EXT-Explosives Workers, Ordnance Handling Experts, and Blasters",0.0
Female,22.0,"EXT-Explosives Workers, Ordnance Handling Experts, and Blasters",0.0
Female,23.0,"EXT-Explosives Workers, Ordnance Handling Experts, and Blasters",0.0
Female,24.0,"EXT-Explosives Workers, Ordnance Handling Experts, and Blasters",0.0
Female,25.0,"EXT-Explosives Workers, Ordnance Handling Experts, and Blasters",0.0
Female,26.0,"EXT-Explosives Workers, Ordnance Handling Experts, and Blasters",0.0
Female,27.0,"EXT-Explosives Workers, Ordnance Handling Experts, and Blasters",0.0
Female,28.0,"EXT-Explosives Workers, Ordnance Handling Experts, and Blasters",0.0
Female,29.0,"EXT-Explosives Workers, Ordnance Handling Experts, and Blasters",0.0
Female,30.0,"EXT-Explosives Workers, Ordnance Handling Experts, and Blasters",0.0
Male,18.0,EXT-Underground Mining Machine Operators,0.0
Male,19.0,EXT-Underground Mining Machine Operators,0.0
Male,20.0,EXT-Underground Mining Machine Operators,0.0
Male,21.0,EXT-Underground Mining Machine Operators,0.0
Male,22.0,EXT-Underground Mining Machine Operators,0.0
Male,23.0,EXT-Underground Mining Machine Operators,0.0
Male,24.0,EXT-Underground Mining Machine Operators,0.0
Male,25.0,EXT-Underground Mining Machine Operators,0.0
Male,26.0,EXT-Underground Mining Machine Operators,0.0
Male,27.0,EXT-Underground Mining Machine Operators,0.0
Male,28.0,EXT-Underground Mining Machine Operators,0.0
Male,29.0,EXT-Underground Mining Machine Operators,0.0
Male,30.0,EXT-Underground Mining Machine Operators,0.0
Female,18.0,EXT-Underground Mining Machine Operators,0.0
Female,19.0,EXT-Underground Mining Machine Operators,0.0
Female,20.0,EXT-Underground Mining Machine Operators,0.0
Female,21.0,EXT-Underground Mining Machine Operators,0.0
Female,22.0,EXT-Underground Mining Machine Operators,0.0
Female,23.0,EXT-Underground Mining Machine Operators,0.0
Female,24.0,EXT-Underground Mining Machine Operators,0.0
Female,25.0,EXT-Underground Mining Machine Operators,0.0
Female,26.0,EXT-Underground Mining Machine Operators,0.0
Female,27.0,EXT-Underground Mining Machine Operators,0.0
Female,28.0,EXT-Underground Mining Machine Operators,0.0
Female,29.0,EXT-Underground Mining Machine Operators,0.0
Female,30.0,EXT-Underground Mining Machine Operators,0.0
Male,18.0,EXT-Other Extraction Workers,0.0
Male,19.0,EXT-Other Extraction Workers,0.0
Male,20.0,EXT-Other Extraction Workers,0.0
Male,21.0,EXT-Other Extraction Workers,0.0
Male,22.0,EXT-Other Extraction Workers,0.0
Male,23.0,EXT-Other Extraction Workers,0.0
Male,24.0,EXT-Other Extraction Workers,0.0
Male,25.0,EXT-Other Extraction Workers,0.0
Male,26.0,EXT-Other Extraction Workers,0.0
Male,27.0,EXT-Other Extraction Workers,0.0
Male,28.0,EXT-Other Extraction Workers,0.0
Male,29.0,EXT-Other Extraction Workers,0.0
Male,30.0,EXT-Other Extraction Workers,0.0
Female,18.0,EXT-Other Extraction Workers,0.0
Female,19.0,EXT-Other Extraction Workers,0.0
Female,20.0,EXT-Other Extraction Workers,0.0
Female,21.0,EXT-Other Extraction Workers,0.0
Female,22.0,EXT-Other Extraction Workers,0.0
Female,23.0,EXT-Other Extraction Workers,0.0
Female,24.0,EXT-Other Extraction Workers,0.0
Female,25.0,EXT-Other Extraction Workers,0.0
Female,26.0,EXT-Other Extraction Workers,0.0
Female,27.0,EXT-Other Extraction Workers,0.0
Female,28.0,EXT-Other Extraction Workers,0.0
Female,29.0,EXT-Other Extraction Workers,0.0
Female,30.0,EXT-Other Extraction Workers,0.0
Male,18.0,"RPR-First-Line Supervisors Of Mechanics, Installers, And Repairers",0.0
Male,19.0,"RPR-First-Line Supervisors Of Mechanics, Installers, And Repairers",0.0
Male,20.0,"RPR-First-Line Supervisors Of Mechanics, Installers, And Repairers",0.0
Male,21.0,"RPR-First-Line Supervisors Of Mechanics, Installers, And Repairers",0.0
Male,22.0,"RPR-First-Line Supervisors Of Mechanics, Installers, And Repairers",0.0
Male,23.0,"RPR-First-Line Supervisors Of Mechanics, Installers, And Repairers",0.0
Male,24.0,"RPR-First-Line Supervisors Of Mechanics, Installers, And Repairers",0.0
Male,25.0,"RPR-First-Line Supervisors Of Mechanics, Installers, And Repairers",0.0
Male,26.0,"RPR-First-Line Supervisors Of Mechanics, Installers, And Repairers",679.0
Male,27.0,"RPR-First-Line Supervisors Of Mechanics, Installers, And Repairers",0.0
Male,28.0,"RPR-First-Line Supervisors Of Mechanics, Installers, And Repairers",0.0
Male,29.0,"RPR-First-Line Supervisors Of Mechanics, Installers, And Repairers",0.0
Male,30.0,"RPR-First-Line Supervisors Of Mechanics, Installers, And Repairers",0.0
Female,18.0,"RPR-First-Line Supervisors Of Mechanics, Installers, And Repairers",0.0
Female,19.0,"RPR-First-Line Supervisors Of Mechanics, Installers, And Repairers",0.0
Female,20.0,"RPR-First-Line Supervisors Of Mechanics, Installers, And Repairers",0.0
Female,21.0,"RPR-First-Line Supervisors Of Mechanics, Installers, And Repairers",0.0
Female,22.0,"RPR-First-Line Supervisors Of Mechanics, Installers, And Repairers",0.0
Female,23.0,"RPR-First-Line Supervisors Of Mechanics, Installers, And Repairers",0.0
Female,24.0,"RPR-First-Line Supervisors Of Mechanics, Installers, And Repairers",0.0
Female,25.0,"RPR-First-Line Supervisors Of Mechanics, Installers, And Repairers",0.0
Female,26.0,"RPR-First-Line Supervisors Of Mechanics, Installers, And Repairers",0.0
Female,27.0,"RPR-First-Line Supervisors Of Mechanics, Installers, And Repairers",0.0
Female,28.0,"RPR-First-Line Supervisors Of Mechanics, Installers, And Repairers",0.0
Female,29.0,"RPR-First-Line Supervisors Of Mechanics, Installers, And Repairers",0.0
Female,30.0,"RPR-First-Line Supervisors Of Mechanics, Installers, And Repairers",0.0
Male,18.0,"RPR-Computer, Automated Teller, And Office Machine Repairers",0.0
Male,19.0,"RPR-Computer, Automated Teller, And Office Machine Repairers",0.0
Male,20.0,"RPR-Computer, Automated Teller, And Office Machine Repairers",0.0
Male,21.0,"RPR-Computer, Automated Teller, And Office Machine Repairers",0.0
Male,22.0,"RPR-Computer, Automated Teller, And Office Machine Repairers",46.0
Male,23.0,"RPR-Computer, Automated Teller, And Office Machine Repairers",0.0
Male,24.0,"RPR-Computer, Automated Teller, And Office Machine Repairers",0.0
Male,25.0,"RPR-Computer, Automated Teller, And Office Machine Repairers",0.0
Male,26.0,"RPR-Computer, Automated Teller, And Office Machine Repairers",0.0
Male,27.0,"RPR-Computer, Automated Teller, And Office Machine Repairers",0.0
Male,28.0,"RPR-Computer, Automated Teller, And Office Machine Repairers",0.0
Male,29.0,"RPR-Computer, Automated Teller, And Office Machine Repairers",0.0
Male,30.0,"RPR-Computer, Automated Teller, And Office Machine Repairers",40.0
Female,18.0,"RPR-Computer, Automated Teller, And Office Machine Repairers",0.0
Female,19.0,"RPR-Computer, Automated Teller, And Office Machine Repairers",0.0
Female,20.0,"RPR-Computer, Automated Teller, And Office Machine Repairers",0.0
Female,21.0,"RPR-Computer, Automated Teller, And Office Machine Repairers",0.0
Female,22.0,"RPR-Computer, Automated Teller, And Office Machine Repairers",0.0
Female,23.0,"RPR-Computer, Automated Teller, And Office Machine Repairers",0.0
Female,24.0,"RPR-Computer, Automated Teller, And Office Machine Repairers",0.0
Female,25.0,"RPR-Computer, Automated Teller, And Office Machine Repairers",0.0
Female,26.0,"RPR-Computer, Automated Teller, And Office Machine Repairers",0.0
Female,27.0,"RPR-Computer, Automated Teller, And Office Machine Repairers",0.0
Female,28.0,"RPR-Computer, Automated Teller, And Office Machine Repairers",0.0
Female,29.0,"RPR-Computer, Automated Teller, And Office Machine Repairers",0.0
Female,30.0,"RPR-Computer, Automated Teller, And Office Machine Repairers",0.0
Male,18.0,RPR-Radio And Telecommunications Equipment Installers And Repairers,0.0
Male,19.0,RPR-Radio And Telecommunications Equipment Installers And Repairers,0.0
Male,20.0,RPR-Radio And Telecommunications Equipment Installers And Repairers,0.0
Male,21.0,RPR-Radio And Telecommunications Equipment Installers And Repairers,0.0
Male,22.0,RPR-Radio And Telecommunications Equipment Installers And Repairers,0.0
Male,23.0,RPR-Radio And Telecommunications Equipment Installers And Repairers,0.0
Male,24.0,RPR-Radio And Telecommunications Equipment Installers And Repairers,0.0
Male,25.0,RPR-Radio And Telecommunications Equipment Installers And Repairers,0.0
Male,26.0,RPR-Radio And Telecommunications Equipment Installers And Repairers,0.0
Male,27.0,RPR-Radio And Telecommunications Equipment Installers And Repairers,0.0
Male,28.0,RPR-Radio And Telecommunications Equipment Installers And Repairers,0.0
Male,29.0,RPR-Radio And Telecommunications Equipment Installers And Repairers,0.0
Male,30.0,RPR-Radio And Telecommunications Equipment Installers And Repairers,0.0
Female,18.0,RPR-Radio And Telecommunications Equipment Installers And Repairers,0.0
Female,19.0,RPR-Radio And Telecommunications Equipment Installers And Repairers,0.0
Female,20.0,RPR-Radio And Telecommunications Equipment Installers And Repairers,0.0
Female,21.0,RPR-Radio And Telecommunications Equipment Installers And Repairers,0.0
Female,22.0,RPR-Radio And Telecommunications Equipment Installers And Repairers,0.0
Female,23.0,RPR-Radio And Telecommunications Equipment Installers And Repairers,0.0
Female,24.0,RPR-Radio And Telecommunications Equipment Installers And Repairers,0.0
Female,25.0,RPR-Radio And Telecommunications Equipment Installers And Repairers,0.0
Female,26.0,RPR-Radio And Telecommunications Equipment Installers And Repairers,0.0
Female,27.0,RPR-Radio And Telecommunications Equipment Installers And Repairers,0.0
Female,28.0,RPR-Radio And Telecommunications Equipment Installers And Repairers,0.0
Female,29.0,RPR-Radio And Telecommunications Equipment Installers And Repairers,0.0
Female,30.0,RPR-Radio And Telecommunications Equipment Installers And Repairers,0.0
Male,18.0,RPR-Avionics Technicians,0.0
Male,19.0,RPR-Avionics Technicians,0.0
Male,20.0,RPR-Avionics Technicians,0.0
Male,21.0,RPR-Avionics Technicians,0.0
Male,22.0,RPR-Avionics Technicians,0.0
Male,23.0,RPR-Avionics Technicians,0.0
Male,24.0,RPR-Avionics Technicians,0.0
Male,25.0,RPR-Avionics Technicians,0.0
Male,26.0,RPR-Avionics Technicians,0.0
Male,27.0,RPR-Avionics Technicians,0.0
Male,28.0,RPR-Avionics Technicians,0.0
Male,29.0,RPR-Avionics Technicians,0.0
Male,30.0,RPR-Avionics Technicians,0.0
Female,18.0,RPR-Avionics Technicians,0.0
Female,19.0,RPR-Avionics Technicians,0.0
Female,20.0,RPR-Avionics Technicians,0.0
Female,21.0,RPR-Avionics Technicians,0.0
Female,22.0,RPR-Avionics Technicians,0.0
Female,23.0,RPR-Avionics Technicians,0.0
Female,24.0,RPR-Avionics Technicians,0.0
Female,25.0,RPR-Avionics Technicians,0.0
Female,26.0,RPR-Avionics Technicians,0.0
Female,27.0,RPR-Avionics Technicians,0.0
Female,28.0,RPR-Avionics Technicians,0.0
Female,29.0,RPR-Avionics Technicians,0.0
Female,30.0,RPR-Avionics Technicians,0.0
Male,18.0,"RPR-Electric Motor, Power Tool, And Related Repairers",0.0
Male,19.0,"RPR-Electric Motor, Power Tool, And Related Repairers",0.0
Male,20.0,"RPR-Electric Motor, Power Tool, And Related Repairers",0.0
Male,21.0,"RPR-Electric Motor, Power Tool, And Related Repairers",0.0
Male,22.0,"RPR-Electric Motor, Power Tool, And Related Repairers",0.0
Male,23.0,"RPR-Electric Motor, Power Tool, And Related Repairers",0.0
Male,24.0,"RPR-Electric Motor, Power Tool, And Related Repairers",0.0
Male,25.0,"RPR-Electric Motor, Power Tool, And Related Repairers",597.0
Male,26.0,"RPR-Electric Motor, Power Tool, And Related Repairers",0.0
Male,27.0,"RPR-Electric Motor, Power Tool, And Related Repairers",0.0
Male,28.0,"RPR-Electric Motor, Power Tool, And Related Repairers",0.0
Male,29.0,"RPR-Electric Motor, Power Tool, And Related Repairers",126.0
Male,30.0,"RPR-Electric Motor, Power Tool, And Related Repairers",0.0
Female,18.0,"RPR-Electric Motor, Power Tool, And Related Repairers",0.0
Female,19.0,"RPR-Electric Motor, Power Tool, And Related Repairers",0.0
Female,20.0,"RPR-Electric Motor, Power Tool, And Related Repairers",0.0
Female,21.0,"RPR-Electric Motor, Power Tool, And Related Repairers",0.0
Female,22.0,"RPR-Electric Motor, Power Tool, And Related Repairers",0.0
Female,23.0,"RPR-Electric Motor, Power Tool, And Related Repairers",0.0
Female,24.0,"RPR-Electric Motor, Power Tool, And Related Repairers",0.0
Female,25.0,"RPR-Electric Motor, Power Tool, And Related Repairers",0.0
Female,26.0,"RPR-Electric Motor, Power Tool, And Related Repairers",0.0
Female,27.0,"RPR-Electric Motor, Power Tool, And Related Repairers",0.0
Female,28.0,"RPR-Electric Motor, Power Tool, And Related Repairers",0.0
Female,29.0,"RPR-Electric Motor, Power Tool, And Related Repairers",0.0
Female,30.0,"RPR-Electric Motor, Power Tool, And Related Repairers",0.0
Male,18.0,"RPR-Other Electrical And Electronic Equipment Mechanics, Installers, And Repairers",0.0
Male,19.0,"RPR-Other Electrical And Electronic Equipment Mechanics, Installers, And Repairers",0.0
Male,20.0,"RPR-Other Electrical And Electronic Equipment Mechanics, Installers, And Repairers",0.0
Male,21.0,"RPR-Other Electrical And Electronic Equipment Mechanics, Installers, And Repairers",0.0
Male,22.0,"RPR-Other Electrical And Electronic Equipment Mechanics, Installers, And Repairers",0.0
Male,23.0,"RPR-Other Electrical And Electronic Equipment Mechanics, Installers, And Repairers",0.0
Male,24.0,"RPR-Other Electrical And Electronic Equipment Mechanics, Installers, And Repairers",0.0
Male,25.0,"RPR-Other Electrical And Electronic Equipment Mechanics, Installers, And Repairers",0.0
Male,26.0,"RPR-Other Electrical And Electronic Equipment Mechanics, Installers, And Repairers",0.0
Male,27.0,"RPR-Other Electrical And Electronic Equipment Mechanics, Installers, And Repairers",0.0
Male,28.0,"RPR-Other Electrical And Electronic Equipment Mechanics, Installers, And Repairers",9.0
Male,29.0,"RPR-Other Electrical And Electronic Equipment Mechanics, Installers, And Repairers",0.0
Male,30.0,"RPR-Other Electrical And Electronic Equipment Mechanics, Installers, And Repairers",0.0
Female,18.0,"RPR-Other Electrical And Electronic Equipment Mechanics, Installers, And Repairers",0.0
Female,19.0,"RPR-Other Electrical And Electronic Equipment Mechanics, Installers, And Repairers",0.0
Female,20.0,"RPR-Other Electrical And Electronic Equipment Mechanics, Installers, And Repairers",0.0
Female,21.0,"RPR-Other Electrical And Electronic Equipment Mechanics, Installers, And Repairers",0.0
Female,22.0,"RPR-Other Electrical And Electronic Equipment Mechanics, Installers, And Repairers",0.0
Female,23.0,"RPR-Other Electrical And Electronic Equipment Mechanics, Installers, And Repairers",0.0
Female,24.0,"RPR-Other Electrical And Electronic Equipment Mechanics, Installers, And Repairers",0.0
Female,25.0,"RPR-Other Electrical And Electronic Equipment Mechanics, Installers, And Repairers",0.0
Female,26.0,"RPR-Other Electrical And Electronic Equipment Mechanics, Installers, And Repairers",0.0
Female,27.0,"RPR-Other Electrical And Electronic Equipment Mechanics, Installers, And Repairers",0.0
Female,28.0,"RPR-Other Electrical And Electronic Equipment Mechanics, Installers, And Repairers",0.0
Female,29.0,"RPR-Other Electrical And Electronic Equipment Mechanics, Installers, And Repairers",0.0
Female,30.0,"RPR-Other Electrical And Electronic Equipment Mechanics, Installers, And Repairers",0.0
Male,18.0,RPR-Audiovisual Equipment Installers And Repairers,0.0
Male,19.0,RPR-Audiovisual Equipment Installers And Repairers,0.0
Male,20.0,RPR-Audiovisual Equipment Installers And Repairers,0.0
Male,21.0,RPR-Audiovisual Equipment Installers And Repairers,0.0
Male,22.0,RPR-Audiovisual Equipment Installers And Repairers,0.0
Male,23.0,RPR-Audiovisual Equipment Installers And Repairers,0.0
Male,24.0,RPR-Audiovisual Equipment Installers And Repairers,0.0
Male,25.0,RPR-Audiovisual Equipment Installers And Repairers,0.0
Male,26.0,RPR-Audiovisual Equipment Installers And Repairers,0.0
Male,27.0,RPR-Audiovisual Equipment Installers And Repairers,119.0
Male,28.0,RPR-Audiovisual Equipment Installers And Repairers,0.0
Male,29.0,RPR-Audiovisual Equipment Installers And Repairers,0.0
Male,30.0,RPR-Audiovisual Equipment Installers And Repairers,0.0
Female,18.0,RPR-Audiovisual Equipment Installers And Repairers,0.0
Female,19.0,RPR-Audiovisual Equipment Installers And Repairers,0.0
Female,20.0,RPR-Audiovisual Equipment Installers And Repairers,0.0
Female,21.0,RPR-Audiovisual Equipment Installers And Repairers,0.0
Female,22.0,RPR-Audiovisual Equipment Installers And Repairers,0.0
Female,23.0,RPR-Audiovisual Equipment Installers And Repairers,0.0
Female,24.0,RPR-Audiovisual Equipment Installers And Repairers,0.0
Female,25.0,RPR-Audiovisual Equipment Installers And Repairers,0.0
Female,26.0,RPR-Audiovisual Equipment Installers And Repairers,0.0
Female,27.0,RPR-Audiovisual Equipment Installers And Repairers,0.0
Female,28.0,RPR-Audiovisual Equipment Installers And Repairers,0.0
Female,29.0,RPR-Audiovisual Equipment Installers And Repairers,0.0
Female,30.0,RPR-Audiovisual Equipment Installers And Repairers,0.0
Male,18.0,RPR-Security And Fire Alarm Systems Installers,0.0
Male,19.0,RPR-Security And Fire Alarm Systems Installers,0.0
Male,20.0,RPR-Security And Fire Alarm Systems Installers,0.0
Male,21.0,RPR-Security And Fire Alarm Systems Installers,0.0
Male,22.0,RPR-Security And Fire Alarm Systems Installers,0.0
Male,23.0,RPR-Security And Fire Alarm Systems Installers,0.0
Male,24.0,RPR-Security And Fire Alarm Systems Installers,0.0
Male,25.0,RPR-Security And Fire Alarm Systems Installers,0.0
Male,26.0,RPR-Security And Fire Alarm Systems Installers,0.0
Male,27.0,RPR-Security And Fire Alarm Systems Installers,0.0
Male,28.0,RPR-Security And Fire Alarm Systems Installers,0.0
Male,29.0,RPR-Security And Fire Alarm Systems Installers,0.0
Male,30.0,RPR-Security And Fire Alarm Systems Installers,0.0
Female,18.0,RPR-Security And Fire Alarm Systems Installers,0.0
Female,19.0,RPR-Security And Fire Alarm Systems Installers,0.0
Female,20.0,RPR-Security And Fire Alarm Systems Installers,0.0
Female,21.0,RPR-Security And Fire Alarm Systems Installers,0.0
Female,22.0,RPR-Security And Fire Alarm Systems Installers,0.0
Female,23.0,RPR-Security And Fire Alarm Systems Installers,0.0
Female,24.0,RPR-Security And Fire Alarm Systems Installers,0.0
Female,25.0,RPR-Security And Fire Alarm Systems Installers,0.0
Female,26.0,RPR-Security And Fire Alarm Systems Installers,0.0
Female,27.0,RPR-Security And Fire Alarm Systems Installers,0.0
Female,28.0,RPR-Security And Fire Alarm Systems Installers,0.0
Female,29.0,RPR-Security And Fire Alarm Systems Installers,0.0
Female,30.0,RPR-Security And Fire Alarm Systems Installers,0.0
Male,18.0,RPR-Aircraft Mechanics And Service Technicians,0.0
Male,19.0,RPR-Aircraft Mechanics And Service Technicians,0.0
Male,20.0,RPR-Aircraft Mechanics And Service Technicians,0.0
Male,21.0,RPR-Aircraft Mechanics And Service Technicians,0.0
Male,22.0,RPR-Aircraft Mechanics And Service Technicians,0.0
Male,23.0,RPR-Aircraft Mechanics And Service Technicians,0.0
Male,24.0,RPR-Aircraft Mechanics And Service Technicians,0.0
Male,25.0,RPR-Aircraft Mechanics And Service Technicians,60.0
Male,26.0,RPR-Aircraft Mechanics And Service Technicians,0.0
Male,27.0,RPR-Aircraft Mechanics And Service Technicians,0.0
Male,28.0,RPR-Aircraft Mechanics And Service Technicians,0.0
Male,29.0,RPR-Aircraft Mechanics And Service Technicians,70.0
Male,30.0,RPR-Aircraft Mechanics And Service Technicians,0.0
Female,18.0,RPR-Aircraft Mechanics And Service Technicians,0.0
Female,19.0,RPR-Aircraft Mechanics And Service Technicians,0.0
Female,20.0,RPR-Aircraft Mechanics And Service Technicians,0.0
Female,21.0,RPR-Aircraft Mechanics And Service Technicians,0.0
Female,22.0,RPR-Aircraft Mechanics And Service Technicians,0.0
Female,23.0,RPR-Aircraft Mechanics And Service Technicians,0.0
Female,24.0,RPR-Aircraft Mechanics And Service Technicians,0.0
Female,25.0,RPR-Aircraft Mechanics And Service Technicians,0.0
Female,26.0,RPR-Aircraft Mechanics And Service Technicians,0.0
Female,27.0,RPR-Aircraft Mechanics And Service Technicians,0.0
Female,28.0,RPR-Aircraft Mechanics And Service Technicians,0.0
Female,29.0,RPR-Aircraft Mechanics And Service Technicians,0.0
Female,30.0,RPR-Aircraft Mechanics And Service Technicians,0.0
Male,18.0,RPR-Automotive Body And Related Repairers,0.0
Male,19.0,RPR-Automotive Body And Related Repairers,0.0
Male,20.0,RPR-Automotive Body And Related Repairers,0.0
Male,21.0,RPR-Automotive Body And Related Repairers,0.0
Male,22.0,RPR-Automotive Body And Related Repairers,398.0
Male,23.0,RPR-Automotive Body And Related Repairers,214.0
Male,24.0,RPR-Automotive Body And Related Repairers,0.0
Male,25.0,RPR-Automotive Body And Related Repairers,0.0
Male,26.0,RPR-Automotive Body And Related Repairers,0.0
Male,27.0,RPR-Automotive Body And Related Repairers,0.0
Male,28.0,RPR-Automotive Body And Related Repairers,84.0
Male,29.0,RPR-Automotive Body And Related Repairers,68.0
Male,30.0,RPR-Automotive Body And Related Repairers,0.0
Female,18.0,RPR-Automotive Body And Related Repairers,0.0
Female,19.0,RPR-Automotive Body And Related Repairers,0.0
Female,20.0,RPR-Automotive Body And Related Repairers,0.0
Female,21.0,RPR-Automotive Body And Related Repairers,0.0
Female,22.0,RPR-Automotive Body And Related Repairers,0.0
Female,23.0,RPR-Automotive Body And Related Repairers,0.0
Female,24.0,RPR-Automotive Body And Related Repairers,0.0
Female,25.0,RPR-Automotive Body And Related Repairers,0.0
Female,26.0,RPR-Automotive Body And Related Repairers,0.0
Female,27.0,RPR-Automotive Body And Related Repairers,0.0
Female,28.0,RPR-Automotive Body And Related Repairers,0.0
Female,29.0,RPR-Automotive Body And Related Repairers,0.0
Female,30.0,RPR-Automotive Body And Related Repairers,0.0
Male,18.0,RPR-Automotive Glass Installers And Repairers,0.0
Male,19.0,RPR-Automotive Glass Installers And Repairers,0.0
Male,20.0,RPR-Automotive Glass Installers And Repairers,0.0
Male,21.0,RPR-Automotive Glass Installers And Repairers,29.0
Male,22.0,RPR-Automotive Glass Installers And Repairers,0.0
Male,23.0,RPR-Automotive Glass Installers And Repairers,167.0
Male,24.0,RPR-Automotive Glass Installers And Repairers,205.0
Male,25.0,RPR-Automotive Glass Installers And Repairers,0.0
Male,26.0,RPR-Automotive Glass Installers And Repairers,0.0
Male,27.0,RPR-Automotive Glass Installers And Repairers,0.0
Male,28.0,RPR-Automotive Glass Installers And Repairers,0.0
Male,29.0,RPR-Automotive Glass Installers And Repairers,0.0
Male,30.0,RPR-Automotive Glass Installers And Repairers,0.0
Female,18.0,RPR-Automotive Glass Installers And Repairers,0.0
Female,19.0,RPR-Automotive Glass Installers And Repairers,0.0
Female,20.0,RPR-Automotive Glass Installers And Repairers,0.0
Female,21.0,RPR-Automotive Glass Installers And Repairers,0.0
Female,22.0,RPR-Automotive Glass Installers And Repairers,0.0
Female,23.0,RPR-Automotive Glass Installers And Repairers,0.0
Female,24.0,RPR-Automotive Glass Installers And Repairers,0.0
Female,25.0,RPR-Automotive Glass Installers And Repairers,0.0
Female,26.0,RPR-Automotive Glass Installers And Repairers,0.0
Female,27.0,RPR-Automotive Glass Installers And Repairers,0.0
Female,28.0,RPR-Automotive Glass Installers And Repairers,0.0
Female,29.0,RPR-Automotive Glass Installers And Repairers,0.0
Female,30.0,RPR-Automotive Glass Installers And Repairers,0.0
Male,18.0,RPR-Automotive Service Technicians And Mechanics,0.0
Male,19.0,RPR-Automotive Service Technicians And Mechanics,380.0
Male,20.0,RPR-Automotive Service Technicians And Mechanics,0.0
Male,21.0,RPR-Automotive Service Technicians And Mechanics,320.0
Male,22.0,RPR-Automotive Service Technicians And Mechanics,298.0
Male,23.0,RPR-Automotive Service Technicians And Mechanics,246.0
Male,24.0,RPR-Automotive Service Technicians And Mechanics,389.0
Male,25.0,RPR-Automotive Service Technicians And Mechanics,233.0
Male,26.0,RPR-Automotive Service Technicians And Mechanics,368.0
Male,27.0,RPR-Automotive Service Technicians And Mechanics,0.0
Male,28.0,RPR-Automotive Service Technicians And Mechanics,123.0
Male,29.0,RPR-Automotive Service Technicians And Mechanics,70.0
Male,30.0,RPR-Automotive Service Technicians And Mechanics,41.0
Female,18.0,RPR-Automotive Service Technicians And Mechanics,0.0
Female,19.0,RPR-Automotive Service Technicians And Mechanics,0.0
Female,20.0,RPR-Automotive Service Technicians And Mechanics,0.0
Female,21.0,RPR-Automotive Service Technicians And Mechanics,0.0
Female,22.0,RPR-Automotive Service Technicians And Mechanics,0.0
Female,23.0,RPR-Automotive Service Technicians And Mechanics,0.0
Female,24.0,RPR-Automotive Service Technicians And Mechanics,0.0
Female,25.0,RPR-Automotive Service Technicians And Mechanics,0.0
Female,26.0,RPR-Automotive Service Technicians And Mechanics,0.0
Female,27.0,RPR-Automotive Service Technicians And Mechanics,0.0
Female,28.0,RPR-Automotive Service Technicians And Mechanics,0.0
Female,29.0,RPR-Automotive Service Technicians And Mechanics,0.0
Female,30.0,RPR-Automotive Service Technicians And Mechanics,0.0
Male,18.0,RPR-Bus And Truck Mechanics And Diesel Engine Specialists,0.0
Male,19.0,RPR-Bus And Truck Mechanics And Diesel Engine Specialists,0.0
Male,20.0,RPR-Bus And Truck Mechanics And Diesel Engine Specialists,0.0
Male,21.0,RPR-Bus And Truck Mechanics And Diesel Engine Specialists,0.0
Male,22.0,RPR-Bus And Truck Mechanics And Diesel Engine Specialists,0.0
Male,23.0,RPR-Bus And Truck Mechanics And Diesel Engine Specialists,75.0
Male,24.0,RPR-Bus And Truck Mechanics And Diesel Engine Specialists,0.0
Male,25.0,RPR-Bus And Truck Mechanics And Diesel Engine Specialists,0.0
Male,26.0,RPR-Bus And Truck Mechanics And Diesel Engine Specialists,0.0
Male,27.0,RPR-Bus And Truck Mechanics And Diesel Engine Specialists,0.0
Male,28.0,RPR-Bus And Truck Mechanics And Diesel Engine Specialists,134.0
Male,29.0,RPR-Bus And Truck Mechanics And Diesel Engine Specialists,107.0
Male,30.0,RPR-Bus And Truck Mechanics And Diesel Engine Specialists,0.0
Female,18.0,RPR-Bus And Truck Mechanics And Diesel Engine Specialists,0.0
Female,19.0,RPR-Bus And Truck Mechanics And Diesel Engine Specialists,0.0
Female,20.0,RPR-Bus And Truck Mechanics And Diesel Engine Specialists,0.0
Female,21.0,RPR-Bus And Truck Mechanics And Diesel Engine Specialists,0.0
Female,22.0,RPR-Bus And Truck Mechanics And Diesel Engine Specialists,0.0
Female,23.0,RPR-Bus And Truck Mechanics And Diesel Engine Specialists,0.0
Female,24.0,RPR-Bus And Truck Mechanics And Diesel Engine Specialists,0.0
Female,25.0,RPR-Bus And Truck Mechanics And Diesel Engine Specialists,0.0
Female,26.0,RPR-Bus And Truck Mechanics And Diesel Engine Specialists,0.0
Female,27.0,RPR-Bus And Truck Mechanics And Diesel Engine Specialists,0.0
Female,28.0,RPR-Bus And Truck Mechanics And Diesel Engine Specialists,0.0
Female,29.0,RPR-Bus And Truck Mechanics And Diesel Engine Specialists,0.0
Female,30.0,RPR-Bus And Truck Mechanics And Diesel Engine Specialists,0.0
Male,18.0,RPR-Heavy Vehicle And Mobile Equipment Service Technicians And Mechanics,0.0
Male,19.0,RPR-Heavy Vehicle And Mobile Equipment Service Technicians And Mechanics,0.0
Male,20.0,RPR-Heavy Vehicle And Mobile Equipment Service Technicians And Mechanics,0.0
Male,21.0,RPR-Heavy Vehicle And Mobile Equipment Service Technicians And Mechanics,121.0
Male,22.0,RPR-Heavy Vehicle And Mobile Equipment Service Technicians And Mechanics,0.0
Male,23.0,RPR-Heavy Vehicle And Mobile Equipment Service Technicians And Mechanics,0.0
Male,24.0,RPR-Heavy Vehicle And Mobile Equipment Service Technicians And Mechanics,0.0
Male,25.0,RPR-Heavy Vehicle And Mobile Equipment Service Technicians And Mechanics,0.0
Male,26.0,RPR-Heavy Vehicle And Mobile Equipment Service Technicians And Mechanics,0.0
Male,27.0,RPR-Heavy Vehicle And Mobile Equipment Service Technicians And Mechanics,0.0
Male,28.0,RPR-Heavy Vehicle And Mobile Equipment Service Technicians And Mechanics,81.0
Male,29.0,RPR-Heavy Vehicle And Mobile Equipment Service Technicians And Mechanics,0.0
Male,30.0,RPR-Heavy Vehicle And Mobile Equipment Service Technicians And Mechanics,0.0
Female,18.0,RPR-Heavy Vehicle And Mobile Equipment Service Technicians And Mechanics,0.0
Female,19.0,RPR-Heavy Vehicle And Mobile Equipment Service Technicians And Mechanics,0.0
Female,20.0,RPR-Heavy Vehicle And Mobile Equipment Service Technicians And Mechanics,0.0
Female,21.0,RPR-Heavy Vehicle And Mobile Equipment Service Technicians And Mechanics,0.0
Female,22.0,RPR-Heavy Vehicle And Mobile Equipment Service Technicians And Mechanics,0.0
Female,23.0,RPR-Heavy Vehicle And Mobile Equipment Service Technicians And Mechanics,0.0
Female,24.0,RPR-Heavy Vehicle And Mobile Equipment Service Technicians And Mechanics,0.0
Female,25.0,RPR-Heavy Vehicle And Mobile Equipment Service Technicians And Mechanics,0.0
Female,26.0,RPR-Heavy Vehicle And Mobile Equipment Service Technicians And Mechanics,0.0
Female,27.0,RPR-Heavy Vehicle And Mobile Equipment Service Technicians And Mechanics,0.0
Female,28.0,RPR-Heavy Vehicle And Mobile Equipment Service Technicians And Mechanics,0.0
Female,29.0,RPR-Heavy Vehicle And Mobile Equipment Service Technicians And Mechanics,0.0
Female,30.0,RPR-Heavy Vehicle And Mobile Equipment Service Technicians And Mechanics,0.0
Male,18.0,RPR-Small Engine Mechanics,0.0
Male,19.0,RPR-Small Engine Mechanics,0.0
Male,20.0,RPR-Small Engine Mechanics,0.0
Male,21.0,RPR-Small Engine Mechanics,0.0
Male,22.0,RPR-Small Engine Mechanics,0.0
Male,23.0,RPR-Small Engine Mechanics,0.0
Male,24.0,RPR-Small Engine Mechanics,0.0
Male,25.0,RPR-Small Engine Mechanics,0.0
Male,26.0,RPR-Small Engine Mechanics,0.0
Male,27.0,RPR-Small Engine Mechanics,0.0
Male,28.0,RPR-Small Engine Mechanics,0.0
Male,29.0,RPR-Small Engine Mechanics,0.0
Male,30.0,RPR-Small Engine Mechanics,0.0
Female,18.0,RPR-Small Engine Mechanics,0.0
Female,19.0,RPR-Small Engine Mechanics,0.0
Female,20.0,RPR-Small Engine Mechanics,0.0
Female,21.0,RPR-Small Engine Mechanics,0.0
Female,22.0,RPR-Small Engine Mechanics,0.0
Female,23.0,RPR-Small Engine Mechanics,0.0
Female,24.0,RPR-Small Engine Mechanics,0.0
Female,25.0,RPR-Small Engine Mechanics,0.0
Female,26.0,RPR-Small Engine Mechanics,0.0
Female,27.0,RPR-Small Engine Mechanics,0.0
Female,28.0,RPR-Small Engine Mechanics,0.0
Female,29.0,RPR-Small Engine Mechanics,0.0
Female,30.0,RPR-Small Engine Mechanics,0.0
Male,18.0,"RPR-Miscellaneous Vehicle And Mobile Equipment Mechanics, Installers, And Repairers",0.0
Male,19.0,"RPR-Miscellaneous Vehicle And Mobile Equipment Mechanics, Installers, And Repairers",0.0
Male,20.0,"RPR-Miscellaneous Vehicle And Mobile Equipment Mechanics, Installers, And Repairers",0.0
Male,21.0,"RPR-Miscellaneous Vehicle And Mobile Equipment Mechanics, Installers, And Repairers",0.0
Male,22.0,"RPR-Miscellaneous Vehicle And Mobile Equipment Mechanics, Installers, And Repairers",0.0
Male,23.0,"RPR-Miscellaneous Vehicle And Mobile Equipment Mechanics, Installers, And Repairers",0.0
Male,24.0,"RPR-Miscellaneous Vehicle And Mobile Equipment Mechanics, Installers, And Repairers",44.0
Male,25.0,"RPR-Miscellaneous Vehicle And Mobile Equipment Mechanics, Installers, And Repairers",0.0
Male,26.0,"RPR-Miscellaneous Vehicle And Mobile Equipment Mechanics, Installers, And Repairers",0.0
Male,27.0,"RPR-Miscellaneous Vehicle And Mobile Equipment Mechanics, Installers, And Repairers",0.0
Male,28.0,"RPR-Miscellaneous Vehicle And Mobile Equipment Mechanics, Installers, And Repairers",0.0
Male,29.0,"RPR-Miscellaneous Vehicle And Mobile Equipment Mechanics, Installers, And Repairers",0.0
Male,30.0,"RPR-Miscellaneous Vehicle And Mobile Equipment Mechanics, Installers, And Repairers",0.0
Female,18.0,"RPR-Miscellaneous Vehicle And Mobile Equipment Mechanics, Installers, And Repairers",0.0
Female,19.0,"RPR-Miscellaneous Vehicle And Mobile Equipment Mechanics, Installers, And Repairers",0.0
Female,20.0,"RPR-Miscellaneous Vehicle And Mobile Equipment Mechanics, Installers, And Repairers",0.0
Female,21.0,"RPR-Miscellaneous Vehicle And Mobile Equipment Mechanics, Installers, And Repairers",0.0
Female,22.0,"RPR-Miscellaneous Vehicle And Mobile Equipment Mechanics, Installers, And Repairers",0.0
Female,23.0,"RPR-Miscellaneous Vehicle And Mobile Equipment Mechanics, Installers, And Repairers",0.0
Female,24.0,"RPR-Miscellaneous Vehicle And Mobile Equipment Mechanics, Installers, And Repairers",0.0
Female,25.0,"RPR-Miscellaneous Vehicle And Mobile Equipment Mechanics, Installers, And Repairers",0.0
Female,26.0,"RPR-Miscellaneous Vehicle And Mobile Equipment Mechanics, Installers, And Repairers",0.0
Female,27.0,"RPR-Miscellaneous Vehicle And Mobile Equipment Mechanics, Installers, And Repairers",0.0
Female,28.0,"RPR-Miscellaneous Vehicle And Mobile Equipment Mechanics, Installers, And Repairers",0.0
Female,29.0,"RPR-Miscellaneous Vehicle And Mobile Equipment Mechanics, Installers, And Repairers",0.0
Female,30.0,"RPR-Miscellaneous Vehicle And Mobile Equipment Mechanics, Installers, And Repairers",0.0
Male,18.0,RPR-Control And Valve Installers And Repairers,0.0
Male,19.0,RPR-Control And Valve Installers And Repairers,0.0
Male,20.0,RPR-Control And Valve Installers And Repairers,0.0
Male,21.0,RPR-Control And Valve Installers And Repairers,0.0
Male,22.0,RPR-Control And Valve Installers And Repairers,0.0
Male,23.0,RPR-Control And Valve Installers And Repairers,0.0
Male,24.0,RPR-Control And Valve Installers And Repairers,0.0
Male,25.0,RPR-Control And Valve Installers And Repairers,0.0
Male,26.0,RPR-Control And Valve Installers And Repairers,0.0
Male,27.0,RPR-Control And Valve Installers And Repairers,0.0
Male,28.0,RPR-Control And Valve Installers And Repairers,0.0
Male,29.0,RPR-Control And Valve Installers And Repairers,0.0
Male,30.0,RPR-Control And Valve Installers And Repairers,0.0
Female,18.0,RPR-Control And Valve Installers And Repairers,0.0
Female,19.0,RPR-Control And Valve Installers And Repairers,0.0
Female,20.0,RPR-Control And Valve Installers And Repairers,0.0
Female,21.0,RPR-Control And Valve Installers And Repairers,0.0
Female,22.0,RPR-Control And Valve Installers And Repairers,0.0
Female,23.0,RPR-Control And Valve Installers And Repairers,0.0
Female,24.0,RPR-Control And Valve Installers And Repairers,0.0
Female,25.0,RPR-Control And Valve Installers And Repairers,0.0
Female,26.0,RPR-Control And Valve Installers And Repairers,0.0
Female,27.0,RPR-Control And Valve Installers And Repairers,0.0
Female,28.0,RPR-Control And Valve Installers And Repairers,0.0
Female,29.0,RPR-Control And Valve Installers And Repairers,0.0
Female,30.0,RPR-Control And Valve Installers And Repairers,0.0
Male,18.0,"RPR-Heating, Air Conditioning, And Refrigeration Mechanics And Installers",0.0
Male,19.0,"RPR-Heating, Air Conditioning, And Refrigeration Mechanics And Installers",48.0
Male,20.0,"RPR-Heating, Air Conditioning, And Refrigeration Mechanics And Installers",13.0
Male,21.0,"RPR-Heating, Air Conditioning, And Refrigeration Mechanics And Installers",145.0
Male,22.0,"RPR-Heating, Air Conditioning, And Refrigeration Mechanics And Installers",331.0
Male,23.0,"RPR-Heating, Air Conditioning, And Refrigeration Mechanics And Installers",908.0
Male,24.0,"RPR-Heating, Air Conditioning, And Refrigeration Mechanics And Installers",371.0
Male,25.0,"RPR-Heating, Air Conditioning, And Refrigeration Mechanics And Installers",85.0
Male,26.0,"RPR-Heating, Air Conditioning, And Refrigeration Mechanics And Installers",180.0
Male,27.0,"RPR-Heating, Air Conditioning, And Refrigeration Mechanics And Installers",91.0
Male,28.0,"RPR-Heating, Air Conditioning, And Refrigeration Mechanics And Installers",276.0
Male,29.0,"RPR-Heating, Air Conditioning, And Refrigeration Mechanics And Installers",88.0
Male,30.0,"RPR-Heating, Air Conditioning, And Refrigeration Mechanics And Installers",58.0
Female,18.0,"RPR-Heating, Air Conditioning, And Refrigeration Mechanics And Installers",0.0
Female,19.0,"RPR-Heating, Air Conditioning, And Refrigeration Mechanics And Installers",0.0
Female,20.0,"RPR-Heating, Air Conditioning, And Refrigeration Mechanics And Installers",0.0
Female,21.0,"RPR-Heating, Air Conditioning, And Refrigeration Mechanics And Installers",0.0
Female,22.0,"RPR-Heating, Air Conditioning, And Refrigeration Mechanics And Installers",0.0
Female,23.0,"RPR-Heating, Air Conditioning, And Refrigeration Mechanics And Installers",0.0
Female,24.0,"RPR-Heating, Air Conditioning, And Refrigeration Mechanics And Installers",0.0
Female,25.0,"RPR-Heating, Air Conditioning, And Refrigeration Mechanics And Installers",0.0
Female,26.0,"RPR-Heating, Air Conditioning, And Refrigeration Mechanics And Installers",0.0
Female,27.0,"RPR-Heating, Air Conditioning, And Refrigeration Mechanics And Installers",0.0
Female,28.0,"RPR-Heating, Air Conditioning, And Refrigeration Mechanics And Installers",0.0
Female,29.0,"RPR-Heating, Air Conditioning, And Refrigeration Mechanics And Installers",0.0
Female,30.0,"RPR-Heating, Air Conditioning, And Refrigeration Mechanics And Installers",0.0
Male,18.0,RPR-Home Appliance Repairers,0.0
Male,19.0,RPR-Home Appliance Repairers,0.0
Male,20.0,RPR-Home Appliance Repairers,0.0
Male,21.0,RPR-Home Appliance Repairers,0.0
Male,22.0,RPR-Home Appliance Repairers,0.0
Male,23.0,RPR-Home Appliance Repairers,0.0
Male,24.0,RPR-Home Appliance Repairers,0.0
Male,25.0,RPR-Home Appliance Repairers,0.0
Male,26.0,RPR-Home Appliance Repairers,0.0
Male,27.0,RPR-Home Appliance Repairers,0.0
Male,28.0,RPR-Home Appliance Repairers,0.0
Male,29.0,RPR-Home Appliance Repairers,0.0
Male,30.0,RPR-Home Appliance Repairers,0.0
Female,18.0,RPR-Home Appliance Repairers,0.0
Female,19.0,RPR-Home Appliance Repairers,0.0
Female,20.0,RPR-Home Appliance Repairers,0.0
Female,21.0,RPR-Home Appliance Repairers,0.0
Female,22.0,RPR-Home Appliance Repairers,0.0
Female,23.0,RPR-Home Appliance Repairers,0.0
Female,24.0,RPR-Home Appliance Repairers,0.0
Female,25.0,RPR-Home Appliance Repairers,0.0
Female,26.0,RPR-Home Appliance Repairers,0.0
Female,27.0,RPR-Home Appliance Repairers,0.0
Female,28.0,RPR-Home Appliance Repairers,0.0
Female,29.0,RPR-Home Appliance Repairers,0.0
Female,30.0,RPR-Home Appliance Repairers,0.0
Male,18.0,RPR-Industrial And Refractory Machinery Mechanics,0.0
Male,19.0,RPR-Industrial And Refractory Machinery Mechanics,0.0
Male,20.0,RPR-Industrial And Refractory Machinery Mechanics,0.0
Male,21.0,RPR-Industrial And Refractory Machinery Mechanics,0.0
Male,22.0,RPR-Industrial And Refractory Machinery Mechanics,0.0
Male,23.0,RPR-Industrial And Refractory Machinery Mechanics,0.0
Male,24.0,RPR-Industrial And Refractory Machinery Mechanics,351.0
Male,25.0,RPR-Industrial And Refractory Machinery Mechanics,0.0
Male,26.0,RPR-Industrial And Refractory Machinery Mechanics,0.0
Male,27.0,RPR-Industrial And Refractory Machinery Mechanics,0.0
Male,28.0,RPR-Industrial And Refractory Machinery Mechanics,0.0
Male,29.0,RPR-Industrial And Refractory Machinery Mechanics,0.0
Male,30.0,RPR-Industrial And Refractory Machinery Mechanics,0.0
Female,18.0,RPR-Industrial And Refractory Machinery Mechanics,0.0
Female,19.0,RPR-Industrial And Refractory Machinery Mechanics,0.0
Female,20.0,RPR-Industrial And Refractory Machinery Mechanics,0.0
Female,21.0,RPR-Industrial And Refractory Machinery Mechanics,0.0
Female,22.0,RPR-Industrial And Refractory Machinery Mechanics,0.0
Female,23.0,RPR-Industrial And Refractory Machinery Mechanics,0.0
Female,24.0,RPR-Industrial And Refractory Machinery Mechanics,0.0
Female,25.0,RPR-Industrial And Refractory Machinery Mechanics,0.0
Female,26.0,RPR-Industrial And Refractory Machinery Mechanics,0.0
Female,27.0,RPR-Industrial And Refractory Machinery Mechanics,0.0
Female,28.0,RPR-Industrial And Refractory Machinery Mechanics,0.0
Female,29.0,RPR-Industrial And Refractory Machinery Mechanics,0.0
Female,30.0,RPR-Industrial And Refractory Machinery Mechanics,0.0
Male,18.0,"RPR-Maintenance And Repair Workers, General",0.0
Male,19.0,"RPR-Maintenance And Repair Workers, General",0.0
Male,20.0,"RPR-Maintenance And Repair Workers, General",0.0
Male,21.0,"RPR-Maintenance And Repair Workers, General",205.0
Male,22.0,"RPR-Maintenance And Repair Workers, General",248.0
Male,23.0,"RPR-Maintenance And Repair Workers, General",0.0
Male,24.0,"RPR-Maintenance And Repair Workers, General",0.0
Male,25.0,"RPR-Maintenance And Repair Workers, General",0.0
Male,26.0,"RPR-Maintenance And Repair Workers, General",0.0
Male,27.0,"RPR-Maintenance And Repair Workers, General",61.0
Male,28.0,"RPR-Maintenance And Repair Workers, General",90.0
Male,29.0,"RPR-Maintenance And Repair Workers, General",98.0
Male,30.0,"RPR-Maintenance And Repair Workers, General",277.0
Female,18.0,"RPR-Maintenance And Repair Workers, General",0.0
Female,19.0,"RPR-Maintenance And Repair Workers, General",0.0
Female,20.0,"RPR-Maintenance And Repair Workers, General",0.0
Female,21.0,"RPR-Maintenance And Repair Workers, General",0.0
Female,22.0,"RPR-Maintenance And Repair Workers, General",0.0
Female,23.0,"RPR-Maintenance And Repair Workers, General",0.0
Female,24.0,"RPR-Maintenance And Repair Workers, General",62.0
Female,25.0,"RPR-Maintenance And Repair Workers, General",0.0
Female,26.0,"RPR-Maintenance And Repair Workers, General",0.0
Female,27.0,"RPR-Maintenance And Repair Workers, General",136.0
Female,28.0,"RPR-Maintenance And Repair Workers, General",0.0
Female,29.0,"RPR-Maintenance And Repair Workers, General",0.0
Female,30.0,"RPR-Maintenance And Repair Workers, General",0.0
Male,18.0,"RPR-Maintenance Workers, Machinery",0.0
Male,19.0,"RPR-Maintenance Workers, Machinery",0.0
Male,20.0,"RPR-Maintenance Workers, Machinery",0.0
Male,21.0,"RPR-Maintenance Workers, Machinery",0.0
Male,22.0,"RPR-Maintenance Workers, Machinery",0.0
Male,23.0,"RPR-Maintenance Workers, Machinery",0.0
Male,24.0,"RPR-Maintenance Workers, Machinery",0.0
Male,25.0,"RPR-Maintenance Workers, Machinery",0.0
Male,26.0,"RPR-Maintenance Workers, Machinery",0.0
Male,27.0,"RPR-Maintenance Workers, Machinery",0.0
Male,28.0,"RPR-Maintenance Workers, Machinery",0.0
Male,29.0,"RPR-Maintenance Workers, Machinery",0.0
Male,30.0,"RPR-Maintenance Workers, Machinery",0.0
Female,18.0,"RPR-Maintenance Workers, Machinery",0.0
Female,19.0,"RPR-Maintenance Workers, Machinery",0.0
Female,20.0,"RPR-Maintenance Workers, Machinery",0.0
Female,21.0,"RPR-Maintenance Workers, Machinery",0.0
Female,22.0,"RPR-Maintenance Workers, Machinery",0.0
Female,23.0,"RPR-Maintenance Workers, Machinery",0.0
Female,24.0,"RPR-Maintenance Workers, Machinery",0.0
Female,25.0,"RPR-Maintenance Workers, Machinery",0.0
Female,26.0,"RPR-Maintenance Workers, Machinery",0.0
Female,27.0,"RPR-Maintenance Workers, Machinery",0.0
Female,28.0,"RPR-Maintenance Workers, Machinery",0.0
Female,29.0,"RPR-Maintenance Workers, Machinery",0.0
Female,30.0,"RPR-Maintenance Workers, Machinery",0.0
Male,18.0,RPR-Millwrights,0.0
Male,19.0,RPR-Millwrights,0.0
Male,20.0,RPR-Millwrights,0.0
Male,21.0,RPR-Millwrights,0.0
Male,22.0,RPR-Millwrights,0.0
Male,23.0,RPR-Millwrights,0.0
Male,24.0,RPR-Millwrights,0.0
Male,25.0,RPR-Millwrights,0.0
Male,26.0,RPR-Millwrights,0.0
Male,27.0,RPR-Millwrights,0.0
Male,28.0,RPR-Millwrights,0.0
Male,29.0,RPR-Millwrights,0.0
Male,30.0,RPR-Millwrights,0.0
Female,18.0,RPR-Millwrights,0.0
Female,19.0,RPR-Millwrights,0.0
Female,20.0,RPR-Millwrights,0.0
Female,21.0,RPR-Millwrights,0.0
Female,22.0,RPR-Millwrights,0.0
Female,23.0,RPR-Millwrights,0.0
Female,24.0,RPR-Millwrights,0.0
Female,25.0,RPR-Millwrights,0.0
Female,26.0,RPR-Millwrights,0.0
Female,27.0,RPR-Millwrights,0.0
Female,28.0,RPR-Millwrights,0.0
Female,29.0,RPR-Millwrights,0.0
Female,30.0,RPR-Millwrights,0.0
Male,18.0,RPR-Electrical Power-Line Installers And Repairers,0.0
Male,19.0,RPR-Electrical Power-Line Installers And Repairers,0.0
Male,20.0,RPR-Electrical Power-Line Installers And Repairers,0.0
Male,21.0,RPR-Electrical Power-Line Installers And Repairers,0.0
Male,22.0,RPR-Electrical Power-Line Installers And Repairers,0.0
Male,23.0,RPR-Electrical Power-Line Installers And Repairers,0.0
Male,24.0,RPR-Electrical Power-Line Installers And Repairers,0.0
Male,25.0,RPR-Electrical Power-Line Installers And Repairers,0.0
Male,26.0,RPR-Electrical Power-Line Installers And Repairers,0.0
Male,27.0,RPR-Electrical Power-Line Installers And Repairers,0.0
Male,28.0,RPR-Electrical Power-Line Installers And Repairers,294.0
Male,29.0,RPR-Electrical Power-Line Installers And Repairers,0.0
Male,30.0,RPR-Electrical Power-Line Installers And Repairers,0.0
Female,18.0,RPR-Electrical Power-Line Installers And Repairers,0.0
Female,19.0,RPR-Electrical Power-Line Installers And Repairers,0.0
Female,20.0,RPR-Electrical Power-Line Installers And Repairers,0.0
Female,21.0,RPR-Electrical Power-Line Installers And Repairers,0.0
Female,22.0,RPR-Electrical Power-Line Installers And Repairers,0.0
Female,23.0,RPR-Electrical Power-Line Installers And Repairers,0.0
Female,24.0,RPR-Electrical Power-Line Installers And Repairers,0.0
Female,25.0,RPR-Electrical Power-Line Installers And Repairers,0.0
Female,26.0,RPR-Electrical Power-Line Installers And Repairers,0.0
Female,27.0,RPR-Electrical Power-Line Installers And Repairers,0.0
Female,28.0,RPR-Electrical Power-Line Installers And Repairers,0.0
Female,29.0,RPR-Electrical Power-Line Installers And Repairers,0.0
Female,30.0,RPR-Electrical Power-Line Installers And Repairers,0.0
Male,18.0,RPR-Telecommunications Line Installers And Repairers,0.0
Male,19.0,RPR-Telecommunications Line Installers And Repairers,0.0
Male,20.0,RPR-Telecommunications Line Installers And Repairers,0.0
Male,21.0,RPR-Telecommunications Line Installers And Repairers,0.0
Male,22.0,RPR-Telecommunications Line Installers And Repairers,128.0
Male,23.0,RPR-Telecommunications Line Installers And Repairers,0.0
Male,24.0,RPR-Telecommunications Line Installers And Repairers,0.0
Male,25.0,RPR-Telecommunications Line Installers And Repairers,0.0
Male,26.0,RPR-Telecommunications Line Installers And Repairers,141.0
Male,27.0,RPR-Telecommunications Line Installers And Repairers,0.0
Male,28.0,RPR-Telecommunications Line Installers And Repairers,0.0
Male,29.0,RPR-Telecommunications Line Installers And Repairers,0.0
Male,30.0,RPR-Telecommunications Line Installers And Repairers,0.0
Female,18.0,RPR-Telecommunications Line Installers And Repairers,0.0
Female,19.0,RPR-Telecommunications Line Installers And Repairers,0.0
Female,20.0,RPR-Telecommunications Line Installers And Repairers,0.0
Female,21.0,RPR-Telecommunications Line Installers And Repairers,0.0
Female,22.0,RPR-Telecommunications Line Installers And Repairers,0.0
Female,23.0,RPR-Telecommunications Line Installers And Repairers,0.0
Female,24.0,RPR-Telecommunications Line Installers And Repairers,0.0
Female,25.0,RPR-Telecommunications Line Installers And Repairers,0.0
Female,26.0,RPR-Telecommunications Line Installers And Repairers,0.0
Female,27.0,RPR-Telecommunications Line Installers And Repairers,0.0
Female,28.0,RPR-Telecommunications Line Installers And Repairers,0.0
Female,29.0,RPR-Telecommunications Line Installers And Repairers,0.0
Female,30.0,RPR-Telecommunications Line Installers And Repairers,0.0
Male,18.0,RPR-Precision Instrument And Equipment Repairers,0.0
Male,19.0,RPR-Precision Instrument And Equipment Repairers,0.0
Male,20.0,RPR-Precision Instrument And Equipment Repairers,0.0
Male,21.0,RPR-Precision Instrument And Equipment Repairers,0.0
Male,22.0,RPR-Precision Instrument And Equipment Repairers,0.0
Male,23.0,RPR-Precision Instrument And Equipment Repairers,0.0
Male,24.0,RPR-Precision Instrument And Equipment Repairers,0.0
Male,25.0,RPR-Precision Instrument And Equipment Repairers,0.0
Male,26.0,RPR-Precision Instrument And Equipment Repairers,0.0
Male,27.0,RPR-Precision Instrument And Equipment Repairers,0.0
Male,28.0,RPR-Precision Instrument And Equipment Repairers,0.0
Male,29.0,RPR-Precision Instrument And Equipment Repairers,0.0
Male,30.0,RPR-Precision Instrument And Equipment Repairers,0.0
Female,18.0,RPR-Precision Instrument And Equipment Repairers,0.0
Female,19.0,RPR-Precision Instrument And Equipment Repairers,0.0
Female,20.0,RPR-Precision Instrument And Equipment Repairers,0.0
Female,21.0,RPR-Precision Instrument And Equipment Repairers,0.0
Female,22.0,RPR-Precision Instrument And Equipment Repairers,0.0
Female,23.0,RPR-Precision Instrument And Equipment Repairers,0.0
Female,24.0,RPR-Precision Instrument And Equipment Repairers,0.0
Female,25.0,RPR-Precision Instrument And Equipment Repairers,0.0
Female,26.0,RPR-Precision Instrument And Equipment Repairers,0.0
Female,27.0,RPR-Precision Instrument And Equipment Repairers,0.0
Female,28.0,RPR-Precision Instrument And Equipment Repairers,0.0
Female,29.0,RPR-Precision Instrument And Equipment Repairers,0.0
Female,30.0,RPR-Precision Instrument And Equipment Repairers,0.0
Male,18.0,"RPR-Coin, Vending, And Amusement Machine Servicers And Repairers",0.0
Male,19.0,"RPR-Coin, Vending, And Amusement Machine Servicers And Repairers",0.0
Male,20.0,"RPR-Coin, Vending, And Amusement Machine Servicers And Repairers",0.0
Male,21.0,"RPR-Coin, Vending, And Amusement Machine Servicers And Repairers",0.0
Male,22.0,"RPR-Coin, Vending, And Amusement Machine Servicers And Repairers",0.0
Male,23.0,"RPR-Coin, Vending, And Amusement Machine Servicers And Repairers",0.0
Male,24.0,"RPR-Coin, Vending, And Amusement Machine Servicers And Repairers",0.0
Male,25.0,"RPR-Coin, Vending, And Amusement Machine Servicers And Repairers",0.0
Male,26.0,"RPR-Coin, Vending, And Amusement Machine Servicers And Repairers",0.0
Male,27.0,"RPR-Coin, Vending, And Amusement Machine Servicers And Repairers",0.0
Male,28.0,"RPR-Coin, Vending, And Amusement Machine Servicers And Repairers",0.0
Male,29.0,"RPR-Coin, Vending, And Amusement Machine Servicers And Repairers",0.0
Male,30.0,"RPR-Coin, Vending, And Amusement Machine Servicers And Repairers",0.0
Female,18.0,"RPR-Coin, Vending, And Amusement Machine Servicers And Repairers",0.0
Female,19.0,"RPR-Coin, Vending, And Amusement Machine Servicers And Repairers",0.0
Female,20.0,"RPR-Coin, Vending, And Amusement Machine Servicers And Repairers",0.0
Female,21.0,"RPR-Coin, Vending, And Amusement Machine Servicers And Repairers",0.0
Female,22.0,"RPR-Coin, Vending, And Amusement Machine Servicers And Repairers",0.0
Female,23.0,"RPR-Coin, Vending, And Amusement Machine Servicers And Repairers",0.0
Female,24.0,"RPR-Coin, Vending, And Amusement Machine Servicers And Repairers",0.0
Female,25.0,"RPR-Coin, Vending, And Amusement Machine Servicers And Repairers",0.0
Female,26.0,"RPR-Coin, Vending, And Amusement Machine Servicers And Repairers",0.0
Female,27.0,"RPR-Coin, Vending, And Amusement Machine Servicers And Repairers",0.0
Female,28.0,"RPR-Coin, Vending, And Amusement Machine Servicers And Repairers",0.0
Female,29.0,"RPR-Coin, Vending, And Amusement Machine Servicers And Repairers",0.0
Female,30.0,"RPR-Coin, Vending, And Amusement Machine Servicers And Repairers",0.0
Male,18.0,RPR-Locksmiths And Safe Repairers,0.0
Male,19.0,RPR-Locksmiths And Safe Repairers,0.0
Male,20.0,RPR-Locksmiths And Safe Repairers,0.0
Male,21.0,RPR-Locksmiths And Safe Repairers,0.0
Male,22.0,RPR-Locksmiths And Safe Repairers,0.0
Male,23.0,RPR-Locksmiths And Safe Repairers,0.0
Male,24.0,RPR-Locksmiths And Safe Repairers,143.0
Male,25.0,RPR-Locksmiths And Safe Repairers,0.0
Male,26.0,RPR-Locksmiths And Safe Repairers,0.0
Male,27.0,RPR-Locksmiths And Safe Repairers,0.0
Male,28.0,RPR-Locksmiths And Safe Repairers,0.0
Male,29.0,RPR-Locksmiths And Safe Repairers,0.0
Male,30.0,RPR-Locksmiths And Safe Repairers,0.0
Female,18.0,RPR-Locksmiths And Safe Repairers,0.0
Female,19.0,RPR-Locksmiths And Safe Repairers,0.0
Female,20.0,RPR-Locksmiths And Safe Repairers,0.0
Female,21.0,RPR-Locksmiths And Safe Repairers,0.0
Female,22.0,RPR-Locksmiths And Safe Repairers,0.0
Female,23.0,RPR-Locksmiths And Safe Repairers,0.0
Female,24.0,RPR-Locksmiths And Safe Repairers,0.0
Female,25.0,RPR-Locksmiths And Safe Repairers,0.0
Female,26.0,RPR-Locksmiths And Safe Repairers,0.0
Female,27.0,RPR-Locksmiths And Safe Repairers,0.0
Female,28.0,RPR-Locksmiths And Safe Repairers,0.0
Female,29.0,RPR-Locksmiths And Safe Repairers,0.0
Female,30.0,RPR-Locksmiths And Safe Repairers,0.0
Male,18.0,RPR-Riggers,0.0
Male,19.0,RPR-Riggers,58.0
Male,20.0,RPR-Riggers,0.0
Male,21.0,RPR-Riggers,0.0
Male,22.0,RPR-Riggers,0.0
Male,23.0,RPR-Riggers,0.0
Male,24.0,RPR-Riggers,0.0
Male,25.0,RPR-Riggers,0.0
Male,26.0,RPR-Riggers,0.0
Male,27.0,RPR-Riggers,0.0
Male,28.0,RPR-Riggers,0.0
Male,29.0,RPR-Riggers,0.0
Male,30.0,RPR-Riggers,0.0
Female,18.0,RPR-Riggers,0.0
Female,19.0,RPR-Riggers,0.0
Female,20.0,RPR-Riggers,0.0
Female,21.0,RPR-Riggers,0.0
Female,22.0,RPR-Riggers,0.0
Female,23.0,RPR-Riggers,0.0
Female,24.0,RPR-Riggers,0.0
Female,25.0,RPR-Riggers,0.0
Female,26.0,RPR-Riggers,0.0
Female,27.0,RPR-Riggers,0.0
Female,28.0,RPR-Riggers,0.0
Female,29.0,RPR-Riggers,0.0
Female,30.0,RPR-Riggers,0.0
Male,18.0,"RPR-Helpers--Installation, Maintenance, And Repair Workers",0.0
Male,19.0,"RPR-Helpers--Installation, Maintenance, And Repair Workers",0.0
Male,20.0,"RPR-Helpers--Installation, Maintenance, And Repair Workers",0.0
Male,21.0,"RPR-Helpers--Installation, Maintenance, And Repair Workers",0.0
Male,22.0,"RPR-Helpers--Installation, Maintenance, And Repair Workers",0.0
Male,23.0,"RPR-Helpers--Installation, Maintenance, And Repair Workers",0.0
Male,24.0,"RPR-Helpers--Installation, Maintenance, And Repair Workers",0.0
Male,25.0,"RPR-Helpers--Installation, Maintenance, And Repair Workers",0.0
Male,26.0,"RPR-Helpers--Installation, Maintenance, And Repair Workers",68.0
Male,27.0,"RPR-Helpers--Installation, Maintenance, And Repair Workers",0.0
Male,28.0,"RPR-Helpers--Installation, Maintenance, And Repair Workers",0.0
Male,29.0,"RPR-Helpers--Installation, Maintenance, And Repair Workers",0.0
Male,30.0,"RPR-Helpers--Installation, Maintenance, And Repair Workers",0.0
Female,18.0,"RPR-Helpers--Installation, Maintenance, And Repair Workers",0.0
Female,19.0,"RPR-Helpers--Installation, Maintenance, And Repair Workers",0.0
Female,20.0,"RPR-Helpers--Installation, Maintenance, And Repair Workers",0.0
Female,21.0,"RPR-Helpers--Installation, Maintenance, And Repair Workers",0.0
Female,22.0,"RPR-Helpers--Installation, Maintenance, And Repair Workers",0.0
Female,23.0,"RPR-Helpers--Installation, Maintenance, And Repair Workers",0.0
Female,24.0,"RPR-Helpers--Installation, Maintenance, And Repair Workers",0.0
Female,25.0,"RPR-Helpers--Installation, Maintenance, And Repair Workers",0.0
Female,26.0,"RPR-Helpers--Installation, Maintenance, And Repair Workers",0.0
Female,27.0,"RPR-Helpers--Installation, Maintenance, And Repair Workers",0.0
Female,28.0,"RPR-Helpers--Installation, Maintenance, And Repair Workers",0.0
Female,29.0,"RPR-Helpers--Installation, Maintenance, And Repair Workers",0.0
Female,30.0,"RPR-Helpers--Installation, Maintenance, And Repair Workers",0.0
Male,18.0,"RPR-Other Installation, Maintenance, And Repair Workers",55.0
Male,19.0,"RPR-Other Installation, Maintenance, And Repair Workers",0.0
Male,20.0,"RPR-Other Installation, Maintenance, And Repair Workers",0.0
Male,21.0,"RPR-Other Installation, Maintenance, And Repair Workers",0.0
Male,22.0,"RPR-Other Installation, Maintenance, And Repair Workers",231.0
Male,23.0,"RPR-Other Installation, Maintenance, And Repair Workers",0.0
Male,24.0,"RPR-Other Installation, Maintenance, And Repair Workers",0.0
Male,25.0,"RPR-Other Installation, Maintenance, And Repair Workers",0.0
Male,26.0,"RPR-Other Installation, Maintenance, And Repair Workers",258.0
Male,27.0,"RPR-Other Installation, Maintenance, And Repair Workers",43.0
Male,28.0,"RPR-Other Installation, Maintenance, And Repair Workers",0.0
Male,29.0,"RPR-Other Installation, Maintenance, And Repair Workers",35.0
Male,30.0,"RPR-Other Installation, Maintenance, And Repair Workers",0.0
Female,18.0,"RPR-Other Installation, Maintenance, And Repair Workers",0.0
Female,19.0,"RPR-Other Installation, Maintenance, And Repair Workers",0.0
Female,20.0,"RPR-Other Installation, Maintenance, And Repair Workers",0.0
Female,21.0,"RPR-Other Installation, Maintenance, And Repair Workers",0.0
Female,22.0,"RPR-Other Installation, Maintenance, And Repair Workers",0.0
Female,23.0,"RPR-Other Installation, Maintenance, And Repair Workers",0.0
Female,24.0,"RPR-Other Installation, Maintenance, And Repair Workers",0.0
Female,25.0,"RPR-Other Installation, Maintenance, And Repair Workers",0.0
Female,26.0,"RPR-Other Installation, Maintenance, And Repair Workers",0.0
Female,27.0,"RPR-Other Installation, Maintenance, And Repair Workers",0.0
Female,28.0,"RPR-Other Installation, Maintenance, And Repair Workers",0.0
Female,29.0,"RPR-Other Installation, Maintenance, And Repair Workers",0.0
Female,30.0,"RPR-Other Installation, Maintenance, And Repair Workers",0.0
Male,18.0,PRD-First-Line Supervisors Of Production And Operating Workers,0.0
Male,19.0,PRD-First-Line Supervisors Of Production And Operating Workers,0.0
Male,20.0,PRD-First-Line Supervisors Of Production And Operating Workers,83.0
Male,21.0,PRD-First-Line Supervisors Of Production And Operating Workers,0.0
Male,22.0,PRD-First-Line Supervisors Of Production And Operating Workers,0.0
Male,23.0,PRD-First-Line Supervisors Of Production And Operating Workers,0.0
Male,24.0,PRD-First-Line Supervisors Of Production And Operating Workers,0.0
Male,25.0,PRD-First-Line Supervisors Of Production And Operating Workers,0.0
Male,26.0,PRD-First-Line Supervisors Of Production And Operating Workers,0.0
Male,27.0,PRD-First-Line Supervisors Of Production And Operating Workers,0.0
Male,28.0,PRD-First-Line Supervisors Of Production And Operating Workers,0.0
Male,29.0,PRD-First-Line Supervisors Of Production And Operating Workers,54.0
Male,30.0,PRD-First-Line Supervisors Of Production And Operating Workers,73.0
Female,18.0,PRD-First-Line Supervisors Of Production And Operating Workers,0.0
Female,19.0,PRD-First-Line Supervisors Of Production And Operating Workers,0.0
Female,20.0,PRD-First-Line Supervisors Of Production And Operating Workers,0.0
Female,21.0,PRD-First-Line Supervisors Of Production And Operating Workers,0.0
Female,22.0,PRD-First-Line Supervisors Of Production And Operating Workers,0.0
Female,23.0,PRD-First-Line Supervisors Of Production And Operating Workers,0.0
Female,24.0,PRD-First-Line Supervisors Of Production And Operating Workers,0.0
Female,25.0,PRD-First-Line Supervisors Of Production And Operating Workers,231.0
Female,26.0,PRD-First-Line Supervisors Of Production And Operating Workers,0.0
Female,27.0,PRD-First-Line Supervisors Of Production And Operating Workers,0.0
Female,28.0,PRD-First-Line Supervisors Of Production And Operating Workers,0.0
Female,29.0,PRD-First-Line Supervisors Of Production And Operating Workers,0.0
Female,30.0,PRD-First-Line Supervisors Of Production And Operating Workers,0.0
Male,18.0,"PRD-Electrical, Electronics, And Electromechanical Assemblers",0.0
Male,19.0,"PRD-Electrical, Electronics, And Electromechanical Assemblers",0.0
Male,20.0,"PRD-Electrical, Electronics, And Electromechanical Assemblers",0.0
Male,21.0,"PRD-Electrical, Electronics, And Electromechanical Assemblers",0.0
Male,22.0,"PRD-Electrical, Electronics, And Electromechanical Assemblers",0.0
Male,23.0,"PRD-Electrical, Electronics, And Electromechanical Assemblers",0.0
Male,24.0,"PRD-Electrical, Electronics, And Electromechanical Assemblers",0.0
Male,25.0,"PRD-Electrical, Electronics, And Electromechanical Assemblers",0.0
Male,26.0,"PRD-Electrical, Electronics, And Electromechanical Assemblers",0.0
Male,27.0,"PRD-Electrical, Electronics, And Electromechanical Assemblers",0.0
Male,28.0,"PRD-Electrical, Electronics, And Electromechanical Assemblers",0.0
Male,29.0,"PRD-Electrical, Electronics, And Electromechanical Assemblers",0.0
Male,30.0,"PRD-Electrical, Electronics, And Electromechanical Assemblers",63.0
Female,18.0,"PRD-Electrical, Electronics, And Electromechanical Assemblers",0.0
Female,19.0,"PRD-Electrical, Electronics, And Electromechanical Assemblers",0.0
Female,20.0,"PRD-Electrical, Electronics, And Electromechanical Assemblers",0.0
Female,21.0,"PRD-Electrical, Electronics, And Electromechanical Assemblers",0.0
Female,22.0,"PRD-Electrical, Electronics, And Electromechanical Assemblers",0.0
Female,23.0,"PRD-Electrical, Electronics, And Electromechanical Assemblers",0.0
Female,24.0,"PRD-Electrical, Electronics, And Electromechanical Assemblers",0.0
Female,25.0,"PRD-Electrical, Electronics, And Electromechanical Assemblers",0.0
Female,26.0,"PRD-Electrical, Electronics, And Electromechanical Assemblers",0.0
Female,27.0,"PRD-Electrical, Electronics, And Electromechanical Assemblers",0.0
Female,28.0,"PRD-Electrical, Electronics, And Electromechanical Assemblers",0.0
Female,29.0,"PRD-Electrical, Electronics, And Electromechanical Assemblers",0.0
Female,30.0,"PRD-Electrical, Electronics, And Electromechanical Assemblers",67.0
Male,18.0,PRD-Engine And Other Machine Assemblers,43.0
Male,19.0,PRD-Engine And Other Machine Assemblers,0.0
Male,20.0,PRD-Engine And Other Machine Assemblers,0.0
Male,21.0,PRD-Engine And Other Machine Assemblers,0.0
Male,22.0,PRD-Engine And Other Machine Assemblers,0.0
Male,23.0,PRD-Engine And Other Machine Assemblers,0.0
Male,24.0,PRD-Engine And Other Machine Assemblers,0.0
Male,25.0,PRD-Engine And Other Machine Assemblers,0.0
Male,26.0,PRD-Engine And Other Machine Assemblers,0.0
Male,27.0,PRD-Engine And Other Machine Assemblers,0.0
Male,28.0,PRD-Engine And Other Machine Assemblers,0.0
Male,29.0,PRD-Engine And Other Machine Assemblers,0.0
Male,30.0,PRD-Engine And Other Machine Assemblers,0.0
Female,18.0,PRD-Engine And Other Machine Assemblers,0.0
Female,19.0,PRD-Engine And Other Machine Assemblers,0.0
Female,20.0,PRD-Engine And Other Machine Assemblers,0.0
Female,21.0,PRD-Engine And Other Machine Assemblers,0.0
Female,22.0,PRD-Engine And Other Machine Assemblers,0.0
Female,23.0,PRD-Engine And Other Machine Assemblers,0.0
Female,24.0,PRD-Engine And Other Machine Assemblers,0.0
Female,25.0,PRD-Engine And Other Machine Assemblers,0.0
Female,26.0,PRD-Engine And Other Machine Assemblers,0.0
Female,27.0,PRD-Engine And Other Machine Assemblers,0.0
Female,28.0,PRD-Engine And Other Machine Assemblers,0.0
Female,29.0,PRD-Engine And Other Machine Assemblers,0.0
Female,30.0,PRD-Engine And Other Machine Assemblers,0.0
Male,18.0,PRD-Structural Metal Fabricators And Fitters,0.0
Male,19.0,PRD-Structural Metal Fabricators And Fitters,0.0
Male,20.0,PRD-Structural Metal Fabricators And Fitters,0.0
Male,21.0,PRD-Structural Metal Fabricators And Fitters,0.0
Male,22.0,PRD-Structural Metal Fabricators And Fitters,0.0
Male,23.0,PRD-Structural Metal Fabricators And Fitters,0.0
Male,24.0,PRD-Structural Metal Fabricators And Fitters,0.0
Male,25.0,PRD-Structural Metal Fabricators And Fitters,0.0
Male,26.0,PRD-Structural Metal Fabricators And Fitters,0.0
Male,27.0,PRD-Structural Metal Fabricators And Fitters,0.0
Male,28.0,PRD-Structural Metal Fabricators And Fitters,0.0
Male,29.0,PRD-Structural Metal Fabricators And Fitters,0.0
Male,30.0,PRD-Structural Metal Fabricators And Fitters,0.0
Female,18.0,PRD-Structural Metal Fabricators And Fitters,0.0
Female,19.0,PRD-Structural Metal Fabricators And Fitters,0.0
Female,20.0,PRD-Structural Metal Fabricators And Fitters,0.0
Female,21.0,PRD-Structural Metal Fabricators And Fitters,0.0
Female,22.0,PRD-Structural Metal Fabricators And Fitters,0.0
Female,23.0,PRD-Structural Metal Fabricators And Fitters,0.0
Female,24.0,PRD-Structural Metal Fabricators And Fitters,0.0
Female,25.0,PRD-Structural Metal Fabricators And Fitters,0.0
Female,26.0,PRD-Structural Metal Fabricators And Fitters,0.0
Female,27.0,PRD-Structural Metal Fabricators And Fitters,0.0
Female,28.0,PRD-Structural Metal Fabricators And Fitters,0.0
Female,29.0,PRD-Structural Metal Fabricators And Fitters,0.0
Female,30.0,PRD-Structural Metal Fabricators And Fitters,0.0
Male,18.0,PRD-Other Assemblers And Fabricators,0.0
Male,19.0,PRD-Other Assemblers And Fabricators,88.0
Male,20.0,PRD-Other Assemblers And Fabricators,0.0
Male,21.0,PRD-Other Assemblers And Fabricators,0.0
Male,22.0,PRD-Other Assemblers And Fabricators,171.0
Male,23.0,PRD-Other Assemblers And Fabricators,323.0
Male,24.0,PRD-Other Assemblers And Fabricators,194.0
Male,25.0,PRD-Other Assemblers And Fabricators,458.0
Male,26.0,PRD-Other Assemblers And Fabricators,332.0
Male,27.0,PRD-Other Assemblers And Fabricators,51.0
Male,28.0,PRD-Other Assemblers And Fabricators,0.0
Male,29.0,PRD-Other Assemblers And Fabricators,499.0
Male,30.0,PRD-Other Assemblers And Fabricators,441.0
Female,18.0,PRD-Other Assemblers And Fabricators,0.0
Female,19.0,PRD-Other Assemblers And Fabricators,109.0
Female,20.0,PRD-Other Assemblers And Fabricators,0.0
Female,21.0,PRD-Other Assemblers And Fabricators,0.0
Female,22.0,PRD-Other Assemblers And Fabricators,73.0
Female,23.0,PRD-Other Assemblers And Fabricators,0.0
Female,24.0,PRD-Other Assemblers And Fabricators,0.0
Female,25.0,PRD-Other Assemblers And Fabricators,0.0
Female,26.0,PRD-Other Assemblers And Fabricators,174.0
Female,27.0,PRD-Other Assemblers And Fabricators,0.0
Female,28.0,PRD-Other Assemblers And Fabricators,0.0
Female,29.0,PRD-Other Assemblers And Fabricators,89.0
Female,30.0,PRD-Other Assemblers And Fabricators,0.0
Male,18.0,PRD-Bakers,13.0
Male,19.0,PRD-Bakers,90.0
Male,20.0,PRD-Bakers,0.0
Male,21.0,PRD-Bakers,0.0
Male,22.0,PRD-Bakers,28.0
Male,23.0,PRD-Bakers,0.0
Male,24.0,PRD-Bakers,0.0
Male,25.0,PRD-Bakers,0.0
Male,26.0,PRD-Bakers,170.0
Male,27.0,PRD-Bakers,0.0
Male,28.0,PRD-Bakers,0.0
Male,29.0,PRD-Bakers,53.0
Male,30.0,PRD-Bakers,0.0
Female,18.0,PRD-Bakers,0.0
Female,19.0,PRD-Bakers,0.0
Female,20.0,PRD-Bakers,228.0
Female,21.0,PRD-Bakers,0.0
Female,22.0,PRD-Bakers,0.0
Female,23.0,PRD-Bakers,0.0
Female,24.0,PRD-Bakers,80.0
Female,25.0,PRD-Bakers,151.0
Female,26.0,PRD-Bakers,162.0
Female,27.0,PRD-Bakers,0.0
Female,28.0,PRD-Bakers,365.0
Female,29.0,PRD-Bakers,0.0
Female,30.0,PRD-Bakers,93.0
Male,18.0,"PRD-Butchers And Other Meat, Poultry, And Fish Processing Workers",0.0
Male,19.0,"PRD-Butchers And Other Meat, Poultry, And Fish Processing Workers",247.0
Male,20.0,"PRD-Butchers And Other Meat, Poultry, And Fish Processing Workers",58.0
Male,21.0,"PRD-Butchers And Other Meat, Poultry, And Fish Processing Workers",0.0
Male,22.0,"PRD-Butchers And Other Meat, Poultry, And Fish Processing Workers",0.0
Male,23.0,"PRD-Butchers And Other Meat, Poultry, And Fish Processing Workers",36.0
Male,24.0,"PRD-Butchers And Other Meat, Poultry, And Fish Processing Workers",0.0
Male,25.0,"PRD-Butchers And Other Meat, Poultry, And Fish Processing Workers",293.0
Male,26.0,"PRD-Butchers And Other Meat, Poultry, And Fish Processing Workers",103.0
Male,27.0,"PRD-Butchers And Other Meat, Poultry, And Fish Processing Workers",0.0
Male,28.0,"PRD-Butchers And Other Meat, Poultry, And Fish Processing Workers",0.0
Male,29.0,"PRD-Butchers And Other Meat, Poultry, And Fish Processing Workers",0.0
Male,30.0,"PRD-Butchers And Other Meat, Poultry, And Fish Processing Workers",0.0
Female,18.0,"PRD-Butchers And Other Meat, Poultry, And Fish Processing Workers",0.0
Female,19.0,"PRD-Butchers And Other Meat, Poultry, And Fish Processing Workers",0.0
Female,20.0,"PRD-Butchers And Other Meat, Poultry, And Fish Processing Workers",0.0
Female,21.0,"PRD-Butchers And Other Meat, Poultry, And Fish Processing Workers",0.0
Female,22.0,"PRD-Butchers And Other Meat, Poultry, And Fish Processing Workers",0.0
Female,23.0,"PRD-Butchers And Other Meat, Poultry, And Fish Processing Workers",0.0
Female,24.0,"PRD-Butchers And Other Meat, Poultry, And Fish Processing Workers",0.0
Female,25.0,"PRD-Butchers And Other Meat, Poultry, And Fish Processing Workers",0.0
Female,26.0,"PRD-Butchers And Other Meat, Poultry, And Fish Processing Workers",0.0
Female,27.0,"PRD-Butchers And Other Meat, Poultry, And Fish Processing Workers",0.0
Female,28.0,"PRD-Butchers And Other Meat, Poultry, And Fish Processing Workers",0.0
Female,29.0,"PRD-Butchers And Other Meat, Poultry, And Fish Processing Workers",0.0
Female,30.0,"PRD-Butchers And Other Meat, Poultry, And Fish Processing Workers",0.0
Male,18.0,"PRD-Food And Tobacco Roasting, Baking, And Drying Machine Operators And Tenders",98.0
Male,19.0,"PRD-Food And Tobacco Roasting, Baking, And Drying Machine Operators And Tenders",0.0
Male,20.0,"PRD-Food And Tobacco Roasting, Baking, And Drying Machine Operators And Tenders",0.0
Male,21.0,"PRD-Food And Tobacco Roasting, Baking, And Drying Machine Operators And Tenders",0.0
Male,22.0,"PRD-Food And Tobacco Roasting, Baking, And Drying Machine Operators And Tenders",0.0
Male,23.0,"PRD-Food And Tobacco Roasting, Baking, And Drying Machine Operators And Tenders",0.0
Male,24.0,"PRD-Food And Tobacco Roasting, Baking, And Drying Machine Operators And Tenders",0.0
Male,25.0,"PRD-Food And Tobacco Roasting, Baking, And Drying Machine Operators And Tenders",0.0
Male,26.0,"PRD-Food And Tobacco Roasting, Baking, And Drying Machine Operators And Tenders",0.0
Male,27.0,"PRD-Food And Tobacco Roasting, Baking, And Drying Machine Operators And Tenders",0.0
Male,28.0,"PRD-Food And Tobacco Roasting, Baking, And Drying Machine Operators And Tenders",0.0
Male,29.0,"PRD-Food And Tobacco Roasting, Baking, And Drying Machine Operators And Tenders",0.0
Male,30.0,"PRD-Food And Tobacco Roasting, Baking, And Drying Machine Operators And Tenders",0.0
Female,18.0,"PRD-Food And Tobacco Roasting, Baking, And Drying Machine Operators And Tenders",0.0
Female,19.0,"PRD-Food And Tobacco Roasting, Baking, And Drying Machine Operators And Tenders",0.0
Female,20.0,"PRD-Food And Tobacco Roasting, Baking, And Drying Machine Operators And Tenders",0.0
Female,21.0,"PRD-Food And Tobacco Roasting, Baking, And Drying Machine Operators And Tenders",0.0
Female,22.0,"PRD-Food And Tobacco Roasting, Baking, And Drying Machine Operators And Tenders",0.0
Female,23.0,"PRD-Food And Tobacco Roasting, Baking, And Drying Machine Operators And Tenders",0.0
Female,24.0,"PRD-Food And Tobacco Roasting, Baking, And Drying Machine Operators And Tenders",0.0
Female,25.0,"PRD-Food And Tobacco Roasting, Baking, And Drying Machine Operators And Tenders",0.0
Female,26.0,"PRD-Food And Tobacco Roasting, Baking, And Drying Machine Operators And Tenders",0.0
Female,27.0,"PRD-Food And Tobacco Roasting, Baking, And Drying Machine Operators And Tenders",0.0
Female,28.0,"PRD-Food And Tobacco Roasting, Baking, And Drying Machine Operators And Tenders",0.0
Female,29.0,"PRD-Food And Tobacco Roasting, Baking, And Drying Machine Operators And Tenders",0.0
Female,30.0,"PRD-Food And Tobacco Roasting, Baking, And Drying Machine Operators And Tenders",0.0
Male,18.0,PRD-Food Batchmakers,0.0
Male,19.0,PRD-Food Batchmakers,0.0
Male,20.0,PRD-Food Batchmakers,0.0
Male,21.0,PRD-Food Batchmakers,0.0
Male,22.0,PRD-Food Batchmakers,0.0
Male,23.0,PRD-Food Batchmakers,0.0
Male,24.0,PRD-Food Batchmakers,0.0
Male,25.0,PRD-Food Batchmakers,0.0
Male,26.0,PRD-Food Batchmakers,0.0
Male,27.0,PRD-Food Batchmakers,0.0
Male,28.0,PRD-Food Batchmakers,0.0
Male,29.0,PRD-Food Batchmakers,0.0
Male,30.0,PRD-Food Batchmakers,0.0
Female,18.0,PRD-Food Batchmakers,0.0
Female,19.0,PRD-Food Batchmakers,0.0
Female,20.0,PRD-Food Batchmakers,169.0
Female,21.0,PRD-Food Batchmakers,0.0
Female,22.0,PRD-Food Batchmakers,0.0
Female,23.0,PRD-Food Batchmakers,0.0
Female,24.0,PRD-Food Batchmakers,0.0
Female,25.0,PRD-Food Batchmakers,0.0
Female,26.0,PRD-Food Batchmakers,0.0
Female,27.0,PRD-Food Batchmakers,0.0
Female,28.0,PRD-Food Batchmakers,0.0
Female,29.0,PRD-Food Batchmakers,0.0
Female,30.0,PRD-Food Batchmakers,0.0
Male,18.0,PRD-Food Cooking Machine Operators And Tenders,0.0
Male,19.0,PRD-Food Cooking Machine Operators And Tenders,0.0
Male,20.0,PRD-Food Cooking Machine Operators And Tenders,0.0
Male,21.0,PRD-Food Cooking Machine Operators And Tenders,0.0
Male,22.0,PRD-Food Cooking Machine Operators And Tenders,0.0
Male,23.0,PRD-Food Cooking Machine Operators And Tenders,0.0
Male,24.0,PRD-Food Cooking Machine Operators And Tenders,0.0
Male,25.0,PRD-Food Cooking Machine Operators And Tenders,0.0
Male,26.0,PRD-Food Cooking Machine Operators And Tenders,0.0
Male,27.0,PRD-Food Cooking Machine Operators And Tenders,0.0
Male,28.0,PRD-Food Cooking Machine Operators And Tenders,0.0
Male,29.0,PRD-Food Cooking Machine Operators And Tenders,0.0
Male,30.0,PRD-Food Cooking Machine Operators And Tenders,0.0
Female,18.0,PRD-Food Cooking Machine Operators And Tenders,0.0
Female,19.0,PRD-Food Cooking Machine Operators And Tenders,0.0
Female,20.0,PRD-Food Cooking Machine Operators And Tenders,0.0
Female,21.0,PRD-Food Cooking Machine Operators And Tenders,0.0
Female,22.0,PRD-Food Cooking Machine Operators And Tenders,0.0
Female,23.0,PRD-Food Cooking Machine Operators And Tenders,0.0
Female,24.0,PRD-Food Cooking Machine Operators And Tenders,0.0
Female,25.0,PRD-Food Cooking Machine Operators And Tenders,0.0
Female,26.0,PRD-Food Cooking Machine Operators And Tenders,0.0
Female,27.0,PRD-Food Cooking Machine Operators And Tenders,0.0
Female,28.0,PRD-Food Cooking Machine Operators And Tenders,0.0
Female,29.0,PRD-Food Cooking Machine Operators And Tenders,0.0
Female,30.0,PRD-Food Cooking Machine Operators And Tenders,0.0
Male,18.0,"PRD-Food Processing Workers, All Other",0.0
Male,19.0,"PRD-Food Processing Workers, All Other",0.0
Male,20.0,"PRD-Food Processing Workers, All Other",42.0
Male,21.0,"PRD-Food Processing Workers, All Other",0.0
Male,22.0,"PRD-Food Processing Workers, All Other",0.0
Male,23.0,"PRD-Food Processing Workers, All Other",0.0
Male,24.0,"PRD-Food Processing Workers, All Other",0.0
Male,25.0,"PRD-Food Processing Workers, All Other",0.0
Male,26.0,"PRD-Food Processing Workers, All Other",0.0
Male,27.0,"PRD-Food Processing Workers, All Other",0.0
Male,28.0,"PRD-Food Processing Workers, All Other",0.0
Male,29.0,"PRD-Food Processing Workers, All Other",0.0
Male,30.0,"PRD-Food Processing Workers, All Other",0.0
Female,18.0,"PRD-Food Processing Workers, All Other",0.0
Female,19.0,"PRD-Food Processing Workers, All Other",0.0
Female,20.0,"PRD-Food Processing Workers, All Other",0.0
Female,21.0,"PRD-Food Processing Workers, All Other",0.0
Female,22.0,"PRD-Food Processing Workers, All Other",0.0
Female,23.0,"PRD-Food Processing Workers, All Other",0.0
Female,24.0,"PRD-Food Processing Workers, All Other",0.0
Female,25.0,"PRD-Food Processing Workers, All Other",0.0
Female,26.0,"PRD-Food Processing Workers, All Other",0.0
Female,27.0,"PRD-Food Processing Workers, All Other",0.0
Female,28.0,"PRD-Food Processing Workers, All Other",0.0
Female,29.0,"PRD-Food Processing Workers, All Other",0.0
Female,30.0,"PRD-Food Processing Workers, All Other",0.0
Male,18.0,PRD-Computer Numerically Controlled Tool Operators And Programmers,0.0
Male,19.0,PRD-Computer Numerically Controlled Tool Operators And Programmers,0.0
Male,20.0,PRD-Computer Numerically Controlled Tool Operators And Programmers,0.0
Male,21.0,PRD-Computer Numerically Controlled Tool Operators And Programmers,136.0
Male,22.0,PRD-Computer Numerically Controlled Tool Operators And Programmers,73.0
Male,23.0,PRD-Computer Numerically Controlled Tool Operators And Programmers,0.0
Male,24.0,PRD-Computer Numerically Controlled Tool Operators And Programmers,0.0
Male,25.0,PRD-Computer Numerically Controlled Tool Operators And Programmers,0.0
Male,26.0,PRD-Computer Numerically Controlled Tool Operators And Programmers,291.0
Male,27.0,PRD-Computer Numerically Controlled Tool Operators And Programmers,301.0
Male,28.0,PRD-Computer Numerically Controlled Tool Operators And Programmers,129.0
Male,29.0,PRD-Computer Numerically Controlled Tool Operators And Programmers,0.0
Male,30.0,PRD-Computer Numerically Controlled Tool Operators And Programmers,39.0
Female,18.0,PRD-Computer Numerically Controlled Tool Operators And Programmers,0.0
Female,19.0,PRD-Computer Numerically Controlled Tool Operators And Programmers,0.0
Female,20.0,PRD-Computer Numerically Controlled Tool Operators And Programmers,0.0
Female,21.0,PRD-Computer Numerically Controlled Tool Operators And Programmers,0.0
Female,22.0,PRD-Computer Numerically Controlled Tool Operators And Programmers,0.0
Female,23.0,PRD-Computer Numerically Controlled Tool Operators And Programmers,0.0
Female,24.0,PRD-Computer Numerically Controlled Tool Operators And Programmers,0.0
Female,25.0,PRD-Computer Numerically Controlled Tool Operators And Programmers,0.0
Female,26.0,PRD-Computer Numerically Controlled Tool Operators And Programmers,0.0
Female,27.0,PRD-Computer Numerically Controlled Tool Operators And Programmers,0.0
Female,28.0,PRD-Computer Numerically Controlled Tool Operators And Programmers,0.0
Female,29.0,PRD-Computer Numerically Controlled Tool Operators And Programmers,0.0
Female,30.0,PRD-Computer Numerically Controlled Tool Operators And Programmers,0.0
Male,18.0,"PRD-Forming Machine Setters, Operators, And Tenders, Metal And Plastic",0.0
Male,19.0,"PRD-Forming Machine Setters, Operators, And Tenders, Metal And Plastic",0.0
Male,20.0,"PRD-Forming Machine Setters, Operators, And Tenders, Metal And Plastic",0.0
Male,21.0,"PRD-Forming Machine Setters, Operators, And Tenders, Metal And Plastic",0.0
Male,22.0,"PRD-Forming Machine Setters, Operators, And Tenders, Metal And Plastic",0.0
Male,23.0,"PRD-Forming Machine Setters, Operators, And Tenders, Metal And Plastic",0.0
Male,24.0,"PRD-Forming Machine Setters, Operators, And Tenders, Metal And Plastic",0.0
Male,25.0,"PRD-Forming Machine Setters, Operators, And Tenders, Metal And Plastic",0.0
Male,26.0,"PRD-Forming Machine Setters, Operators, And Tenders, Metal And Plastic",0.0
Male,27.0,"PRD-Forming Machine Setters, Operators, And Tenders, Metal And Plastic",128.0
Male,28.0,"PRD-Forming Machine Setters, Operators, And Tenders, Metal And Plastic",265.0
Male,29.0,"PRD-Forming Machine Setters, Operators, And Tenders, Metal And Plastic",0.0
Male,30.0,"PRD-Forming Machine Setters, Operators, And Tenders, Metal And Plastic",0.0
Female,18.0,"PRD-Forming Machine Setters, Operators, And Tenders, Metal And Plastic",0.0
Female,19.0,"PRD-Forming Machine Setters, Operators, And Tenders, Metal And Plastic",0.0
Female,20.0,"PRD-Forming Machine Setters, Operators, And Tenders, Metal And Plastic",0.0
Female,21.0,"PRD-Forming Machine Setters, Operators, And Tenders, Metal And Plastic",0.0
Female,22.0,"PRD-Forming Machine Setters, Operators, And Tenders, Metal And Plastic",0.0
Female,23.0,"PRD-Forming Machine Setters, Operators, And Tenders, Metal And Plastic",120.0
Female,24.0,"PRD-Forming Machine Setters, Operators, And Tenders, Metal And Plastic",0.0
Female,25.0,"PRD-Forming Machine Setters, Operators, And Tenders, Metal And Plastic",0.0
Female,26.0,"PRD-Forming Machine Setters, Operators, And Tenders, Metal And Plastic",0.0
Female,27.0,"PRD-Forming Machine Setters, Operators, And Tenders, Metal And Plastic",0.0
Female,28.0,"PRD-Forming Machine Setters, Operators, And Tenders, Metal And Plastic",0.0
Female,29.0,"PRD-Forming Machine Setters, Operators, And Tenders, Metal And Plastic",0.0
Female,30.0,"PRD-Forming Machine Setters, Operators, And Tenders, Metal And Plastic",0.0
Male,18.0,"PRD-Cutting, Punching, And Press Machine Setters, Operators, And Tenders, Metal And Plastic",0.0
Male,19.0,"PRD-Cutting, Punching, And Press Machine Setters, Operators, And Tenders, Metal And Plastic",0.0
Male,20.0,"PRD-Cutting, Punching, And Press Machine Setters, Operators, And Tenders, Metal And Plastic",0.0
Male,21.0,"PRD-Cutting, Punching, And Press Machine Setters, Operators, And Tenders, Metal And Plastic",69.0
Male,22.0,"PRD-Cutting, Punching, And Press Machine Setters, Operators, And Tenders, Metal And Plastic",64.0
Male,23.0,"PRD-Cutting, Punching, And Press Machine Setters, Operators, And Tenders, Metal And Plastic",0.0
Male,24.0,"PRD-Cutting, Punching, And Press Machine Setters, Operators, And Tenders, Metal And Plastic",0.0
Male,25.0,"PRD-Cutting, Punching, And Press Machine Setters, Operators, And Tenders, Metal And Plastic",0.0
Male,26.0,"PRD-Cutting, Punching, And Press Machine Setters, Operators, And Tenders, Metal And Plastic",0.0
Male,27.0,"PRD-Cutting, Punching, And Press Machine Setters, Operators, And Tenders, Metal And Plastic",0.0
Male,28.0,"PRD-Cutting, Punching, And Press Machine Setters, Operators, And Tenders, Metal And Plastic",0.0
Male,29.0,"PRD-Cutting, Punching, And Press Machine Setters, Operators, And Tenders, Metal And Plastic",0.0
Male,30.0,"PRD-Cutting, Punching, And Press Machine Setters, Operators, And Tenders, Metal And Plastic",0.0
Female,18.0,"PRD-Cutting, Punching, And Press Machine Setters, Operators, And Tenders, Metal And Plastic",0.0
Female,19.0,"PRD-Cutting, Punching, And Press Machine Setters, Operators, And Tenders, Metal And Plastic",0.0
Female,20.0,"PRD-Cutting, Punching, And Press Machine Setters, Operators, And Tenders, Metal And Plastic",0.0
Female,21.0,"PRD-Cutting, Punching, And Press Machine Setters, Operators, And Tenders, Metal And Plastic",0.0
Female,22.0,"PRD-Cutting, Punching, And Press Machine Setters, Operators, And Tenders, Metal And Plastic",0.0
Female,23.0,"PRD-Cutting, Punching, And Press Machine Setters, Operators, And Tenders, Metal And Plastic",0.0
Female,24.0,"PRD-Cutting, Punching, And Press Machine Setters, Operators, And Tenders, Metal And Plastic",0.0
Female,25.0,"PRD-Cutting, Punching, And Press Machine Setters, Operators, And Tenders, Metal And Plastic",0.0
Female,26.0,"PRD-Cutting, Punching, And Press Machine Setters, Operators, And Tenders, Metal And Plastic",0.0
Female,27.0,"PRD-Cutting, Punching, And Press Machine Setters, Operators, And Tenders, Metal And Plastic",0.0
Female,28.0,"PRD-Cutting, Punching, And Press Machine Setters, Operators, And Tenders, Metal And Plastic",0.0
Female,29.0,"PRD-Cutting, Punching, And Press Machine Setters, Operators, And Tenders, Metal And Plastic",0.0
Female,30.0,"PRD-Cutting, Punching, And Press Machine Setters, Operators, And Tenders, Metal And Plastic",0.0
Male,18.0,"PRD-Grinding, Lapping, Polishing, And Buffing Machine Tool Setters, Operators, And Tenders, Metal And Plastic",0.0
Male,19.0,"PRD-Grinding, Lapping, Polishing, And Buffing Machine Tool Setters, Operators, And Tenders, Metal And Plastic",0.0
Male,20.0,"PRD-Grinding, Lapping, Polishing, And Buffing Machine Tool Setters, Operators, And Tenders, Metal And Plastic",0.0
Male,21.0,"PRD-Grinding, Lapping, Polishing, And Buffing Machine Tool Setters, Operators, And Tenders, Metal And Plastic",0.0
Male,22.0,"PRD-Grinding, Lapping, Polishing, And Buffing Machine Tool Setters, Operators, And Tenders, Metal And Plastic",0.0
Male,23.0,"PRD-Grinding, Lapping, Polishing, And Buffing Machine Tool Setters, Operators, And Tenders, Metal And Plastic",57.0
Male,24.0,"PRD-Grinding, Lapping, Polishing, And Buffing Machine Tool Setters, Operators, And Tenders, Metal And Plastic",0.0
Male,25.0,"PRD-Grinding, Lapping, Polishing, And Buffing Machine Tool Setters, Operators, And Tenders, Metal And Plastic",0.0
Male,26.0,"PRD-Grinding, Lapping, Polishing, And Buffing Machine Tool Setters, Operators, And Tenders, Metal And Plastic",0.0
Male,27.0,"PRD-Grinding, Lapping, Polishing, And Buffing Machine Tool Setters, Operators, And Tenders, Metal And Plastic",0.0
Male,28.0,"PRD-Grinding, Lapping, Polishing, And Buffing Machine Tool Setters, Operators, And Tenders, Metal And Plastic",0.0
Male,29.0,"PRD-Grinding, Lapping, Polishing, And Buffing Machine Tool Setters, Operators, And Tenders, Metal And Plastic",0.0
Male,30.0,"PRD-Grinding, Lapping, Polishing, And Buffing Machine Tool Setters, Operators, And Tenders, Metal And Plastic",0.0
Female,18.0,"PRD-Grinding, Lapping, Polishing, And Buffing Machine Tool Setters, Operators, And Tenders, Metal And Plastic",0.0
Female,19.0,"PRD-Grinding, Lapping, Polishing, And Buffing Machine Tool Setters, Operators, And Tenders, Metal And Plastic",0.0
Female,20.0,"PRD-Grinding, Lapping, Polishing, And Buffing Machine Tool Setters, Operators, And Tenders, Metal And Plastic",0.0
Female,21.0,"PRD-Grinding, Lapping, Polishing, And Buffing Machine Tool Setters, Operators, And Tenders, Metal And Plastic",0.0
Female,22.0,"PRD-Grinding, Lapping, Polishing, And Buffing Machine Tool Setters, Operators, And Tenders, Metal And Plastic",0.0
Female,23.0,"PRD-Grinding, Lapping, Polishing, And Buffing Machine Tool Setters, Operators, And Tenders, Metal And Plastic",0.0
Female,24.0,"PRD-Grinding, Lapping, Polishing, And Buffing Machine Tool Setters, Operators, And Tenders, Metal And Plastic",0.0
Female,25.0,"PRD-Grinding, Lapping, Polishing, And Buffing Machine Tool Setters, Operators, And Tenders, Metal And Plastic",0.0
Female,26.0,"PRD-Grinding, Lapping, Polishing, And Buffing Machine Tool Setters, Operators, And Tenders, Metal And Plastic",0.0
Female,27.0,"PRD-Grinding, Lapping, Polishing, And Buffing Machine Tool Setters, Operators, And Tenders, Metal And Plastic",0.0
Female,28.0,"PRD-Grinding, Lapping, Polishing, And Buffing Machine Tool Setters, Operators, And Tenders, Metal And Plastic",0.0
Female,29.0,"PRD-Grinding, Lapping, Polishing, And Buffing Machine Tool Setters, Operators, And Tenders, Metal And Plastic",0.0
Female,30.0,"PRD-Grinding, Lapping, Polishing, And Buffing Machine Tool Setters, Operators, And Tenders, Metal And Plastic",0.0
Male,18.0,"PRD-Other Machine Tool Setters, Operators, And Tenders, Metal and Plastic",0.0
Male,19.0,"PRD-Other Machine Tool Setters, Operators, And Tenders, Metal and Plastic",0.0
Male,20.0,"PRD-Other Machine Tool Setters, Operators, And Tenders, Metal and Plastic",0.0
Male,21.0,"PRD-Other Machine Tool Setters, Operators, And Tenders, Metal and Plastic",0.0
Male,22.0,"PRD-Other Machine Tool Setters, Operators, And Tenders, Metal and Plastic",0.0
Male,23.0,"PRD-Other Machine Tool Setters, Operators, And Tenders, Metal and Plastic",0.0
Male,24.0,"PRD-Other Machine Tool Setters, Operators, And Tenders, Metal and Plastic",0.0
Male,25.0,"PRD-Other Machine Tool Setters, Operators, And Tenders, Metal and Plastic",0.0
Male,26.0,"PRD-Other Machine Tool Setters, Operators, And Tenders, Metal and Plastic",0.0
Male,27.0,"PRD-Other Machine Tool Setters, Operators, And Tenders, Metal and Plastic",121.0
Male,28.0,"PRD-Other Machine Tool Setters, Operators, And Tenders, Metal and Plastic",0.0
Male,29.0,"PRD-Other Machine Tool Setters, Operators, And Tenders, Metal and Plastic",0.0
Male,30.0,"PRD-Other Machine Tool Setters, Operators, And Tenders, Metal and Plastic",0.0
Female,18.0,"PRD-Other Machine Tool Setters, Operators, And Tenders, Metal and Plastic",0.0
Female,19.0,"PRD-Other Machine Tool Setters, Operators, And Tenders, Metal and Plastic",0.0
Female,20.0,"PRD-Other Machine Tool Setters, Operators, And Tenders, Metal and Plastic",0.0
Female,21.0,"PRD-Other Machine Tool Setters, Operators, And Tenders, Metal and Plastic",0.0
Female,22.0,"PRD-Other Machine Tool Setters, Operators, And Tenders, Metal and Plastic",0.0
Female,23.0,"PRD-Other Machine Tool Setters, Operators, And Tenders, Metal and Plastic",0.0
Female,24.0,"PRD-Other Machine Tool Setters, Operators, And Tenders, Metal and Plastic",0.0
Female,25.0,"PRD-Other Machine Tool Setters, Operators, And Tenders, Metal and Plastic",0.0
Female,26.0,"PRD-Other Machine Tool Setters, Operators, And Tenders, Metal and Plastic",0.0
Female,27.0,"PRD-Other Machine Tool Setters, Operators, And Tenders, Metal and Plastic",0.0
Female,28.0,"PRD-Other Machine Tool Setters, Operators, And Tenders, Metal and Plastic",0.0
Female,29.0,"PRD-Other Machine Tool Setters, Operators, And Tenders, Metal and Plastic",0.0
Female,30.0,"PRD-Other Machine Tool Setters, Operators, And Tenders, Metal and Plastic",0.0
Male,18.0,PRD-Machinists,102.0
Male,19.0,PRD-Machinists,75.0
Male,20.0,PRD-Machinists,0.0
Male,21.0,PRD-Machinists,0.0
Male,22.0,PRD-Machinists,217.0
Male,23.0,PRD-Machinists,0.0
Male,24.0,PRD-Machinists,192.0
Male,25.0,PRD-Machinists,0.0
Male,26.0,PRD-Machinists,103.0
Male,27.0,PRD-Machinists,38.0
Male,28.0,PRD-Machinists,0.0
Male,29.0,PRD-Machinists,71.0
Male,30.0,PRD-Machinists,559.0
Female,18.0,PRD-Machinists,0.0
Female,19.0,PRD-Machinists,0.0
Female,20.0,PRD-Machinists,0.0
Female,21.0,PRD-Machinists,0.0
Female,22.0,PRD-Machinists,0.0
Female,23.0,PRD-Machinists,0.0
Female,24.0,PRD-Machinists,0.0
Female,25.0,PRD-Machinists,0.0
Female,26.0,PRD-Machinists,0.0
Female,27.0,PRD-Machinists,171.0
Female,28.0,PRD-Machinists,0.0
Female,29.0,PRD-Machinists,0.0
Female,30.0,PRD-Machinists,0.0
Male,18.0,"PRD-Metal Furnace Operators, Tenders, Pourers, And Casters",0.0
Male,19.0,"PRD-Metal Furnace Operators, Tenders, Pourers, And Casters",0.0
Male,20.0,"PRD-Metal Furnace Operators, Tenders, Pourers, And Casters",0.0
Male,21.0,"PRD-Metal Furnace Operators, Tenders, Pourers, And Casters",0.0
Male,22.0,"PRD-Metal Furnace Operators, Tenders, Pourers, And Casters",0.0
Male,23.0,"PRD-Metal Furnace Operators, Tenders, Pourers, And Casters",0.0
Male,24.0,"PRD-Metal Furnace Operators, Tenders, Pourers, And Casters",0.0
Male,25.0,"PRD-Metal Furnace Operators, Tenders, Pourers, And Casters",0.0
Male,26.0,"PRD-Metal Furnace Operators, Tenders, Pourers, And Casters",0.0
Male,27.0,"PRD-Metal Furnace Operators, Tenders, Pourers, And Casters",0.0
Male,28.0,"PRD-Metal Furnace Operators, Tenders, Pourers, And Casters",0.0
Male,29.0,"PRD-Metal Furnace Operators, Tenders, Pourers, And Casters",0.0
Male,30.0,"PRD-Metal Furnace Operators, Tenders, Pourers, And Casters",0.0
Female,18.0,"PRD-Metal Furnace Operators, Tenders, Pourers, And Casters",0.0
Female,19.0,"PRD-Metal Furnace Operators, Tenders, Pourers, And Casters",0.0
Female,20.0,"PRD-Metal Furnace Operators, Tenders, Pourers, And Casters",0.0
Female,21.0,"PRD-Metal Furnace Operators, Tenders, Pourers, And Casters",0.0
Female,22.0,"PRD-Metal Furnace Operators, Tenders, Pourers, And Casters",0.0
Female,23.0,"PRD-Metal Furnace Operators, Tenders, Pourers, And Casters",0.0
Female,24.0,"PRD-Metal Furnace Operators, Tenders, Pourers, And Casters",0.0
Female,25.0,"PRD-Metal Furnace Operators, Tenders, Pourers, And Casters",0.0
Female,26.0,"PRD-Metal Furnace Operators, Tenders, Pourers, And Casters",0.0
Female,27.0,"PRD-Metal Furnace Operators, Tenders, Pourers, And Casters",0.0
Female,28.0,"PRD-Metal Furnace Operators, Tenders, Pourers, And Casters",0.0
Female,29.0,"PRD-Metal Furnace Operators, Tenders, Pourers, And Casters",0.0
Female,30.0,"PRD-Metal Furnace Operators, Tenders, Pourers, And Casters",0.0
Male,18.0,"PRD-Model Makers, Patternmakers, And Molding Machine Setters, Metal And Plastic",0.0
Male,19.0,"PRD-Model Makers, Patternmakers, And Molding Machine Setters, Metal And Plastic",0.0
Male,20.0,"PRD-Model Makers, Patternmakers, And Molding Machine Setters, Metal And Plastic",0.0
Male,21.0,"PRD-Model Makers, Patternmakers, And Molding Machine Setters, Metal And Plastic",0.0
Male,22.0,"PRD-Model Makers, Patternmakers, And Molding Machine Setters, Metal And Plastic",0.0
Male,23.0,"PRD-Model Makers, Patternmakers, And Molding Machine Setters, Metal And Plastic",0.0
Male,24.0,"PRD-Model Makers, Patternmakers, And Molding Machine Setters, Metal And Plastic",0.0
Male,25.0,"PRD-Model Makers, Patternmakers, And Molding Machine Setters, Metal And Plastic",0.0
Male,26.0,"PRD-Model Makers, Patternmakers, And Molding Machine Setters, Metal And Plastic",0.0
Male,27.0,"PRD-Model Makers, Patternmakers, And Molding Machine Setters, Metal And Plastic",0.0
Male,28.0,"PRD-Model Makers, Patternmakers, And Molding Machine Setters, Metal And Plastic",0.0
Male,29.0,"PRD-Model Makers, Patternmakers, And Molding Machine Setters, Metal And Plastic",0.0
Male,30.0,"PRD-Model Makers, Patternmakers, And Molding Machine Setters, Metal And Plastic",0.0
Female,18.0,"PRD-Model Makers, Patternmakers, And Molding Machine Setters, Metal And Plastic",0.0
Female,19.0,"PRD-Model Makers, Patternmakers, And Molding Machine Setters, Metal And Plastic",0.0
Female,20.0,"PRD-Model Makers, Patternmakers, And Molding Machine Setters, Metal And Plastic",0.0
Female,21.0,"PRD-Model Makers, Patternmakers, And Molding Machine Setters, Metal And Plastic",0.0
Female,22.0,"PRD-Model Makers, Patternmakers, And Molding Machine Setters, Metal And Plastic",0.0
Female,23.0,"PRD-Model Makers, Patternmakers, And Molding Machine Setters, Metal And Plastic",0.0
Female,24.0,"PRD-Model Makers, Patternmakers, And Molding Machine Setters, Metal And Plastic",0.0
Female,25.0,"PRD-Model Makers, Patternmakers, And Molding Machine Setters, Metal And Plastic",0.0
Female,26.0,"PRD-Model Makers, Patternmakers, And Molding Machine Setters, Metal And Plastic",0.0
Female,27.0,"PRD-Model Makers, Patternmakers, And Molding Machine Setters, Metal And Plastic",0.0
Female,28.0,"PRD-Model Makers, Patternmakers, And Molding Machine Setters, Metal And Plastic",0.0
Female,29.0,"PRD-Model Makers, Patternmakers, And Molding Machine Setters, Metal And Plastic",0.0
Female,30.0,"PRD-Model Makers, Patternmakers, And Molding Machine Setters, Metal And Plastic",0.0
Male,18.0,PRD-Tool And Die Makers,0.0
Male,19.0,PRD-Tool And Die Makers,0.0
Male,20.0,PRD-Tool And Die Makers,0.0
Male,21.0,PRD-Tool And Die Makers,0.0
Male,22.0,PRD-Tool And Die Makers,0.0
Male,23.0,PRD-Tool And Die Makers,0.0
Male,24.0,PRD-Tool And Die Makers,0.0
Male,25.0,PRD-Tool And Die Makers,0.0
Male,26.0,PRD-Tool And Die Makers,106.0
Male,27.0,PRD-Tool And Die Makers,143.0
Male,28.0,PRD-Tool And Die Makers,103.0
Male,29.0,PRD-Tool And Die Makers,361.0
Male,30.0,PRD-Tool And Die Makers,0.0
Female,18.0,PRD-Tool And Die Makers,0.0
Female,19.0,PRD-Tool And Die Makers,0.0
Female,20.0,PRD-Tool And Die Makers,0.0
Female,21.0,PRD-Tool And Die Makers,0.0
Female,22.0,PRD-Tool And Die Makers,0.0
Female,23.0,PRD-Tool And Die Makers,0.0
Female,24.0,PRD-Tool And Die Makers,0.0
Female,25.0,PRD-Tool And Die Makers,0.0
Female,26.0,PRD-Tool And Die Makers,0.0
Female,27.0,PRD-Tool And Die Makers,0.0
Female,28.0,PRD-Tool And Die Makers,0.0
Female,29.0,PRD-Tool And Die Makers,0.0
Female,30.0,PRD-Tool And Die Makers,0.0
Male,18.0,"PRD-Welding, Soldering, And Brazing Workers",0.0
Male,19.0,"PRD-Welding, Soldering, And Brazing Workers",0.0
Male,20.0,"PRD-Welding, Soldering, And Brazing Workers",0.0
Male,21.0,"PRD-Welding, Soldering, And Brazing Workers",0.0
Male,22.0,"PRD-Welding, Soldering, And Brazing Workers",0.0
Male,23.0,"PRD-Welding, Soldering, And Brazing Workers",117.0
Male,24.0,"PRD-Welding, Soldering, And Brazing Workers",0.0
Male,25.0,"PRD-Welding, Soldering, And Brazing Workers",140.0
Male,26.0,"PRD-Welding, Soldering, And Brazing Workers",74.0
Male,27.0,"PRD-Welding, Soldering, And Brazing Workers",0.0
Male,28.0,"PRD-Welding, Soldering, And Brazing Workers",25.0
Male,29.0,"PRD-Welding, Soldering, And Brazing Workers",556.0
Male,30.0,"PRD-Welding, Soldering, And Brazing Workers",0.0
Female,18.0,"PRD-Welding, Soldering, And Brazing Workers",0.0
Female,19.0,"PRD-Welding, Soldering, And Brazing Workers",0.0
Female,20.0,"PRD-Welding, Soldering, And Brazing Workers",0.0
Female,21.0,"PRD-Welding, Soldering, And Brazing Workers",0.0
Female,22.0,"PRD-Welding, Soldering, And Brazing Workers",0.0
Female,23.0,"PRD-Welding, Soldering, And Brazing Workers",0.0
Female,24.0,"PRD-Welding, Soldering, And Brazing Workers",0.0
Female,25.0,"PRD-Welding, Soldering, And Brazing Workers",0.0
Female,26.0,"PRD-Welding, Soldering, And Brazing Workers",0.0
Female,27.0,"PRD-Welding, Soldering, And Brazing Workers",0.0
Female,28.0,"PRD-Welding, Soldering, And Brazing Workers",0.0
Female,29.0,"PRD-Welding, Soldering, And Brazing Workers",0.0
Female,30.0,"PRD-Welding, Soldering, And Brazing Workers",0.0
Male,18.0,PRD-Other Metal Workers And Plastic Workers,0.0
Male,19.0,PRD-Other Metal Workers And Plastic Workers,128.0
Male,20.0,PRD-Other Metal Workers And Plastic Workers,0.0
Male,21.0,PRD-Other Metal Workers And Plastic Workers,6.0
Male,22.0,PRD-Other Metal Workers And Plastic Workers,0.0
Male,23.0,PRD-Other Metal Workers And Plastic Workers,0.0
Male,24.0,PRD-Other Metal Workers And Plastic Workers,0.0
Male,25.0,PRD-Other Metal Workers And Plastic Workers,0.0
Male,26.0,PRD-Other Metal Workers And Plastic Workers,0.0
Male,27.0,PRD-Other Metal Workers And Plastic Workers,0.0
Male,28.0,PRD-Other Metal Workers And Plastic Workers,0.0
Male,29.0,PRD-Other Metal Workers And Plastic Workers,144.0
Male,30.0,PRD-Other Metal Workers And Plastic Workers,0.0
Female,18.0,PRD-Other Metal Workers And Plastic Workers,0.0
Female,19.0,PRD-Other Metal Workers And Plastic Workers,0.0
Female,20.0,PRD-Other Metal Workers And Plastic Workers,0.0
Female,21.0,PRD-Other Metal Workers And Plastic Workers,0.0
Female,22.0,PRD-Other Metal Workers And Plastic Workers,0.0
Female,23.0,PRD-Other Metal Workers And Plastic Workers,0.0
Female,24.0,PRD-Other Metal Workers And Plastic Workers,0.0
Female,25.0,PRD-Other Metal Workers And Plastic Workers,0.0
Female,26.0,PRD-Other Metal Workers And Plastic Workers,0.0
Female,27.0,PRD-Other Metal Workers And Plastic Workers,0.0
Female,28.0,PRD-Other Metal Workers And Plastic Workers,0.0
Female,29.0,PRD-Other Metal Workers And Plastic Workers,0.0
Female,30.0,PRD-Other Metal Workers And Plastic Workers,0.0
Male,18.0,PRD-Prepress Technicians And Workers,0.0
Male,19.0,PRD-Prepress Technicians And Workers,0.0
Male,20.0,PRD-Prepress Technicians And Workers,0.0
Male,21.0,PRD-Prepress Technicians And Workers,0.0
Male,22.0,PRD-Prepress Technicians And Workers,0.0
Male,23.0,PRD-Prepress Technicians And Workers,0.0
Male,24.0,PRD-Prepress Technicians And Workers,0.0
Male,25.0,PRD-Prepress Technicians And Workers,0.0
Male,26.0,PRD-Prepress Technicians And Workers,0.0
Male,27.0,PRD-Prepress Technicians And Workers,0.0
Male,28.0,PRD-Prepress Technicians And Workers,0.0
Male,29.0,PRD-Prepress Technicians And Workers,0.0
Male,30.0,PRD-Prepress Technicians And Workers,0.0
Female,18.0,PRD-Prepress Technicians And Workers,0.0
Female,19.0,PRD-Prepress Technicians And Workers,0.0
Female,20.0,PRD-Prepress Technicians And Workers,0.0
Female,21.0,PRD-Prepress Technicians And Workers,0.0
Female,22.0,PRD-Prepress Technicians And Workers,0.0
Female,23.0,PRD-Prepress Technicians And Workers,0.0
Female,24.0,PRD-Prepress Technicians And Workers,0.0
Female,25.0,PRD-Prepress Technicians And Workers,0.0
Female,26.0,PRD-Prepress Technicians And Workers,0.0
Female,27.0,PRD-Prepress Technicians And Workers,0.0
Female,28.0,PRD-Prepress Technicians And Workers,0.0
Female,29.0,PRD-Prepress Technicians And Workers,0.0
Female,30.0,PRD-Prepress Technicians And Workers,0.0
Male,18.0,PRD-Printing Press Operators,0.0
Male,19.0,PRD-Printing Press Operators,423.0
Male,20.0,PRD-Printing Press Operators,0.0
Male,21.0,PRD-Printing Press Operators,0.0
Male,22.0,PRD-Printing Press Operators,0.0
Male,23.0,PRD-Printing Press Operators,0.0
Male,24.0,PRD-Printing Press Operators,104.0
Male,25.0,PRD-Printing Press Operators,0.0
Male,26.0,PRD-Printing Press Operators,0.0
Male,27.0,PRD-Printing Press Operators,0.0
Male,28.0,PRD-Printing Press Operators,295.0
Male,29.0,PRD-Printing Press Operators,0.0
Male,30.0,PRD-Printing Press Operators,0.0
Female,18.0,PRD-Printing Press Operators,0.0
Female,19.0,PRD-Printing Press Operators,0.0
Female,20.0,PRD-Printing Press Operators,0.0
Female,21.0,PRD-Printing Press Operators,0.0
Female,22.0,PRD-Printing Press Operators,0.0
Female,23.0,PRD-Printing Press Operators,123.0
Female,24.0,PRD-Printing Press Operators,0.0
Female,25.0,PRD-Printing Press Operators,0.0
Female,26.0,PRD-Printing Press Operators,0.0
Female,27.0,PRD-Printing Press Operators,0.0
Female,28.0,PRD-Printing Press Operators,0.0
Female,29.0,PRD-Printing Press Operators,0.0
Female,30.0,PRD-Printing Press Operators,0.0
Male,18.0,PRD-Print Binding And Finishing Workers,0.0
Male,19.0,PRD-Print Binding And Finishing Workers,0.0
Male,20.0,PRD-Print Binding And Finishing Workers,0.0
Male,21.0,PRD-Print Binding And Finishing Workers,0.0
Male,22.0,PRD-Print Binding And Finishing Workers,0.0
Male,23.0,PRD-Print Binding And Finishing Workers,0.0
Male,24.0,PRD-Print Binding And Finishing Workers,0.0
Male,25.0,PRD-Print Binding And Finishing Workers,0.0
Male,26.0,PRD-Print Binding And Finishing Workers,0.0
Male,27.0,PRD-Print Binding And Finishing Workers,0.0
Male,28.0,PRD-Print Binding And Finishing Workers,0.0
Male,29.0,PRD-Print Binding And Finishing Workers,0.0
Male,30.0,PRD-Print Binding And Finishing Workers,0.0
Female,18.0,PRD-Print Binding And Finishing Workers,0.0
Female,19.0,PRD-Print Binding And Finishing Workers,0.0
Female,20.0,PRD-Print Binding And Finishing Workers,0.0
Female,21.0,PRD-Print Binding And Finishing Workers,0.0
Female,22.0,PRD-Print Binding And Finishing Workers,0.0
Female,23.0,PRD-Print Binding And Finishing Workers,0.0
Female,24.0,PRD-Print Binding And Finishing Workers,0.0
Female,25.0,PRD-Print Binding And Finishing Workers,0.0
Female,26.0,PRD-Print Binding And Finishing Workers,0.0
Female,27.0,PRD-Print Binding And Finishing Workers,0.0
Female,28.0,PRD-Print Binding And Finishing Workers,0.0
Female,29.0,PRD-Print Binding And Finishing Workers,0.0
Female,30.0,PRD-Print Binding And Finishing Workers,0.0
Male,18.0,PRD-Laundry And Dry-Cleaning Workers,0.0
Male,19.0,PRD-Laundry And Dry-Cleaning Workers,0.0
Male,20.0,PRD-Laundry And Dry-Cleaning Workers,0.0
Male,21.0,PRD-Laundry And Dry-Cleaning Workers,122.0
Male,22.0,PRD-Laundry And Dry-Cleaning Workers,0.0
Male,23.0,PRD-Laundry And Dry-Cleaning Workers,0.0
Male,24.0,PRD-Laundry And Dry-Cleaning Workers,0.0
Male,25.0,PRD-Laundry And Dry-Cleaning Workers,0.0
Male,26.0,PRD-Laundry And Dry-Cleaning Workers,0.0
Male,27.0,PRD-Laundry And Dry-Cleaning Workers,0.0
Male,28.0,PRD-Laundry And Dry-Cleaning Workers,0.0
Male,29.0,PRD-Laundry And Dry-Cleaning Workers,0.0
Male,30.0,PRD-Laundry And Dry-Cleaning Workers,0.0
Female,18.0,PRD-Laundry And Dry-Cleaning Workers,0.0
Female,19.0,PRD-Laundry And Dry-Cleaning Workers,198.0
Female,20.0,PRD-Laundry And Dry-Cleaning Workers,0.0
Female,21.0,PRD-Laundry And Dry-Cleaning Workers,0.0
Female,22.0,PRD-Laundry And Dry-Cleaning Workers,0.0
Female,23.0,PRD-Laundry And Dry-Cleaning Workers,0.0
Female,24.0,PRD-Laundry And Dry-Cleaning Workers,0.0
Female,25.0,PRD-Laundry And Dry-Cleaning Workers,0.0
Female,26.0,PRD-Laundry And Dry-Cleaning Workers,0.0
Female,27.0,PRD-Laundry And Dry-Cleaning Workers,0.0
Female,28.0,PRD-Laundry And Dry-Cleaning Workers,0.0
Female,29.0,PRD-Laundry And Dry-Cleaning Workers,0.0
Female,30.0,PRD-Laundry And Dry-Cleaning Workers,0.0
Male,18.0,"PRD-Pressers, Textile, Garment, And Related Materials",0.0
Male,19.0,"PRD-Pressers, Textile, Garment, And Related Materials",0.0
Male,20.0,"PRD-Pressers, Textile, Garment, And Related Materials",0.0
Male,21.0,"PRD-Pressers, Textile, Garment, And Related Materials",0.0
Male,22.0,"PRD-Pressers, Textile, Garment, And Related Materials",0.0
Male,23.0,"PRD-Pressers, Textile, Garment, And Related Materials",0.0
Male,24.0,"PRD-Pressers, Textile, Garment, And Related Materials",0.0
Male,25.0,"PRD-Pressers, Textile, Garment, And Related Materials",0.0
Male,26.0,"PRD-Pressers, Textile, Garment, And Related Materials",0.0
Male,27.0,"PRD-Pressers, Textile, Garment, And Related Materials",0.0
Male,28.0,"PRD-Pressers, Textile, Garment, And Related Materials",0.0
Male,29.0,"PRD-Pressers, Textile, Garment, And Related Materials",0.0
Male,30.0,"PRD-Pressers, Textile, Garment, And Related Materials",0.0
Female,18.0,"PRD-Pressers, Textile, Garment, And Related Materials",0.0
Female,19.0,"PRD-Pressers, Textile, Garment, And Related Materials",0.0
Female,20.0,"PRD-Pressers, Textile, Garment, And Related Materials",0.0
Female,21.0,"PRD-Pressers, Textile, Garment, And Related Materials",0.0
Female,22.0,"PRD-Pressers, Textile, Garment, And Related Materials",0.0
Female,23.0,"PRD-Pressers, Textile, Garment, And Related Materials",0.0
Female,24.0,"PRD-Pressers, Textile, Garment, And Related Materials",0.0
Female,25.0,"PRD-Pressers, Textile, Garment, And Related Materials",0.0
Female,26.0,"PRD-Pressers, Textile, Garment, And Related Materials",0.0
Female,27.0,"PRD-Pressers, Textile, Garment, And Related Materials",0.0
Female,28.0,"PRD-Pressers, Textile, Garment, And Related Materials",0.0
Female,29.0,"PRD-Pressers, Textile, Garment, And Related Materials",0.0
Female,30.0,"PRD-Pressers, Textile, Garment, And Related Materials",0.0
Male,18.0,PRD-Sewing Machine Operators,0.0
Male,19.0,PRD-Sewing Machine Operators,0.0
Male,20.0,PRD-Sewing Machine Operators,0.0
Male,21.0,PRD-Sewing Machine Operators,0.0
Male,22.0,PRD-Sewing Machine Operators,0.0
Male,23.0,PRD-Sewing Machine Operators,0.0
Male,24.0,PRD-Sewing Machine Operators,0.0
Male,25.0,PRD-Sewing Machine Operators,0.0
Male,26.0,PRD-Sewing Machine Operators,0.0
Male,27.0,PRD-Sewing Machine Operators,0.0
Male,28.0,PRD-Sewing Machine Operators,0.0
Male,29.0,PRD-Sewing Machine Operators,0.0
Male,30.0,PRD-Sewing Machine Operators,0.0
Female,18.0,PRD-Sewing Machine Operators,0.0
Female,19.0,PRD-Sewing Machine Operators,0.0
Female,20.0,PRD-Sewing Machine Operators,0.0
Female,21.0,PRD-Sewing Machine Operators,0.0
Female,22.0,PRD-Sewing Machine Operators,0.0
Female,23.0,PRD-Sewing Machine Operators,0.0
Female,24.0,PRD-Sewing Machine Operators,0.0
Female,25.0,PRD-Sewing Machine Operators,0.0
Female,26.0,PRD-Sewing Machine Operators,0.0
Female,27.0,PRD-Sewing Machine Operators,0.0
Female,28.0,PRD-Sewing Machine Operators,0.0
Female,29.0,PRD-Sewing Machine Operators,0.0
Female,30.0,PRD-Sewing Machine Operators,0.0
Male,18.0,PRD-Shoe And Leather Workers,0.0
Male,19.0,PRD-Shoe And Leather Workers,0.0
Male,20.0,PRD-Shoe And Leather Workers,0.0
Male,21.0,PRD-Shoe And Leather Workers,0.0
Male,22.0,PRD-Shoe And Leather Workers,0.0
Male,23.0,PRD-Shoe And Leather Workers,0.0
Male,24.0,PRD-Shoe And Leather Workers,0.0
Male,25.0,PRD-Shoe And Leather Workers,0.0
Male,26.0,PRD-Shoe And Leather Workers,0.0
Male,27.0,PRD-Shoe And Leather Workers,0.0
Male,28.0,PRD-Shoe And Leather Workers,0.0
Male,29.0,PRD-Shoe And Leather Workers,0.0
Male,30.0,PRD-Shoe And Leather Workers,0.0
Female,18.0,PRD-Shoe And Leather Workers,0.0
Female,19.0,PRD-Shoe And Leather Workers,0.0
Female,20.0,PRD-Shoe And Leather Workers,0.0
Female,21.0,PRD-Shoe And Leather Workers,0.0
Female,22.0,PRD-Shoe And Leather Workers,0.0
Female,23.0,PRD-Shoe And Leather Workers,0.0
Female,24.0,PRD-Shoe And Leather Workers,0.0
Female,25.0,PRD-Shoe And Leather Workers,0.0
Female,26.0,PRD-Shoe And Leather Workers,0.0
Female,27.0,PRD-Shoe And Leather Workers,0.0
Female,28.0,PRD-Shoe And Leather Workers,0.0
Female,29.0,PRD-Shoe And Leather Workers,0.0
Female,30.0,PRD-Shoe And Leather Workers,0.0
Male,18.0,"PRD-Tailors, Dressmakers, And Sewers",0.0
Male,19.0,"PRD-Tailors, Dressmakers, And Sewers",0.0
Male,20.0,"PRD-Tailors, Dressmakers, And Sewers",0.0
Male,21.0,"PRD-Tailors, Dressmakers, And Sewers",0.0
Male,22.0,"PRD-Tailors, Dressmakers, And Sewers",0.0
Male,23.0,"PRD-Tailors, Dressmakers, And Sewers",0.0
Male,24.0,"PRD-Tailors, Dressmakers, And Sewers",0.0
Male,25.0,"PRD-Tailors, Dressmakers, And Sewers",0.0
Male,26.0,"PRD-Tailors, Dressmakers, And Sewers",0.0
Male,27.0,"PRD-Tailors, Dressmakers, And Sewers",0.0
Male,28.0,"PRD-Tailors, Dressmakers, And Sewers",0.0
Male,29.0,"PRD-Tailors, Dressmakers, And Sewers",0.0
Male,30.0,"PRD-Tailors, Dressmakers, And Sewers",0.0
Female,18.0,"PRD-Tailors, Dressmakers, And Sewers",0.0
Female,19.0,"PRD-Tailors, Dressmakers, And Sewers",0.0
Female,20.0,"PRD-Tailors, Dressmakers, And Sewers",0.0
Female,21.0,"PRD-Tailors, Dressmakers, And Sewers",0.0
Female,22.0,"PRD-Tailors, Dressmakers, And Sewers",0.0
Female,23.0,"PRD-Tailors, Dressmakers, And Sewers",0.0
Female,24.0,"PRD-Tailors, Dressmakers, And Sewers",0.0
Female,25.0,"PRD-Tailors, Dressmakers, And Sewers",0.0
Female,26.0,"PRD-Tailors, Dressmakers, And Sewers",0.0
Female,27.0,"PRD-Tailors, Dressmakers, And Sewers",0.0
Female,28.0,"PRD-Tailors, Dressmakers, And Sewers",0.0
Female,29.0,"PRD-Tailors, Dressmakers, And Sewers",0.0
Female,30.0,"PRD-Tailors, Dressmakers, And Sewers",0.0
Male,18.0,"PRD-Textile Machine Setters, Operators, And Tenders",0.0
Male,19.0,"PRD-Textile Machine Setters, Operators, And Tenders",0.0
Male,20.0,"PRD-Textile Machine Setters, Operators, And Tenders",0.0
Male,21.0,"PRD-Textile Machine Setters, Operators, And Tenders",0.0
Male,22.0,"PRD-Textile Machine Setters, Operators, And Tenders",0.0
Male,23.0,"PRD-Textile Machine Setters, Operators, And Tenders",0.0
Male,24.0,"PRD-Textile Machine Setters, Operators, And Tenders",0.0
Male,25.0,"PRD-Textile Machine Setters, Operators, And Tenders",0.0
Male,26.0,"PRD-Textile Machine Setters, Operators, And Tenders",0.0
Male,27.0,"PRD-Textile Machine Setters, Operators, And Tenders",0.0
Male,28.0,"PRD-Textile Machine Setters, Operators, And Tenders",0.0
Male,29.0,"PRD-Textile Machine Setters, Operators, And Tenders",0.0
Male,30.0,"PRD-Textile Machine Setters, Operators, And Tenders",0.0
Female,18.0,"PRD-Textile Machine Setters, Operators, And Tenders",0.0
Female,19.0,"PRD-Textile Machine Setters, Operators, And Tenders",0.0
Female,20.0,"PRD-Textile Machine Setters, Operators, And Tenders",0.0
Female,21.0,"PRD-Textile Machine Setters, Operators, And Tenders",0.0
Female,22.0,"PRD-Textile Machine Setters, Operators, And Tenders",0.0
Female,23.0,"PRD-Textile Machine Setters, Operators, And Tenders",0.0
Female,24.0,"PRD-Textile Machine Setters, Operators, And Tenders",0.0
Female,25.0,"PRD-Textile Machine Setters, Operators, And Tenders",0.0
Female,26.0,"PRD-Textile Machine Setters, Operators, And Tenders",0.0
Female,27.0,"PRD-Textile Machine Setters, Operators, And Tenders",0.0
Female,28.0,"PRD-Textile Machine Setters, Operators, And Tenders",0.0
Female,29.0,"PRD-Textile Machine Setters, Operators, And Tenders",0.0
Female,30.0,"PRD-Textile Machine Setters, Operators, And Tenders",0.0
Male,18.0,PRD-Upholsterers,0.0
Male,19.0,PRD-Upholsterers,0.0
Male,20.0,PRD-Upholsterers,0.0
Male,21.0,PRD-Upholsterers,0.0
Male,22.0,PRD-Upholsterers,0.0
Male,23.0,PRD-Upholsterers,0.0
Male,24.0,PRD-Upholsterers,0.0
Male,25.0,PRD-Upholsterers,0.0
Male,26.0,PRD-Upholsterers,0.0
Male,27.0,PRD-Upholsterers,0.0
Male,28.0,PRD-Upholsterers,0.0
Male,29.0,PRD-Upholsterers,0.0
Male,30.0,PRD-Upholsterers,0.0
Female,18.0,PRD-Upholsterers,0.0
Female,19.0,PRD-Upholsterers,0.0
Female,20.0,PRD-Upholsterers,0.0
Female,21.0,PRD-Upholsterers,0.0
Female,22.0,PRD-Upholsterers,0.0
Female,23.0,PRD-Upholsterers,0.0
Female,24.0,PRD-Upholsterers,0.0
Female,25.0,PRD-Upholsterers,0.0
Female,26.0,PRD-Upholsterers,0.0
Female,27.0,PRD-Upholsterers,0.0
Female,28.0,PRD-Upholsterers,0.0
Female,29.0,PRD-Upholsterers,0.0
Female,30.0,PRD-Upholsterers,0.0
Male,18.0,"PRD-Other Textile, Apparel, And Furnishings Workers",0.0
Male,19.0,"PRD-Other Textile, Apparel, And Furnishings Workers",0.0
Male,20.0,"PRD-Other Textile, Apparel, And Furnishings Workers",0.0
Male,21.0,"PRD-Other Textile, Apparel, And Furnishings Workers",0.0
Male,22.0,"PRD-Other Textile, Apparel, And Furnishings Workers",0.0
Male,23.0,"PRD-Other Textile, Apparel, And Furnishings Workers",0.0
Male,24.0,"PRD-Other Textile, Apparel, And Furnishings Workers",0.0
Male,25.0,"PRD-Other Textile, Apparel, And Furnishings Workers",0.0
Male,26.0,"PRD-Other Textile, Apparel, And Furnishings Workers",0.0
Male,27.0,"PRD-Other Textile, Apparel, And Furnishings Workers",0.0
Male,28.0,"PRD-Other Textile, Apparel, And Furnishings Workers",0.0
Male,29.0,"PRD-Other Textile, Apparel, And Furnishings Workers",0.0
Male,30.0,"PRD-Other Textile, Apparel, And Furnishings Workers",0.0
Female,18.0,"PRD-Other Textile, Apparel, And Furnishings Workers",0.0
Female,19.0,"PRD-Other Textile, Apparel, And Furnishings Workers",0.0
Female,20.0,"PRD-Other Textile, Apparel, And Furnishings Workers",0.0
Female,21.0,"PRD-Other Textile, Apparel, And Furnishings Workers",0.0
Female,22.0,"PRD-Other Textile, Apparel, And Furnishings Workers",0.0
Female,23.0,"PRD-Other Textile, Apparel, And Furnishings Workers",0.0
Female,24.0,"PRD-Other Textile, Apparel, And Furnishings Workers",0.0
Female,25.0,"PRD-Other Textile, Apparel, And Furnishings Workers",0.0
Female,26.0,"PRD-Other Textile, Apparel, And Furnishings Workers",0.0
Female,27.0,"PRD-Other Textile, Apparel, And Furnishings Workers",0.0
Female,28.0,"PRD-Other Textile, Apparel, And Furnishings Workers",0.0
Female,29.0,"PRD-Other Textile, Apparel, And Furnishings Workers",0.0
Female,30.0,"PRD-Other Textile, Apparel, And Furnishings Workers",0.0
Male,18.0,PRD-Cabinetmakers And Bench Carpenters,0.0
Male,19.0,PRD-Cabinetmakers And Bench Carpenters,0.0
Male,20.0,PRD-Cabinetmakers And Bench Carpenters,0.0
Male,21.0,PRD-Cabinetmakers And Bench Carpenters,0.0
Male,22.0,PRD-Cabinetmakers And Bench Carpenters,0.0
Male,23.0,PRD-Cabinetmakers And Bench Carpenters,0.0
Male,24.0,PRD-Cabinetmakers And Bench Carpenters,0.0
Male,25.0,PRD-Cabinetmakers And Bench Carpenters,0.0
Male,26.0,PRD-Cabinetmakers And Bench Carpenters,0.0
Male,27.0,PRD-Cabinetmakers And Bench Carpenters,0.0
Male,28.0,PRD-Cabinetmakers And Bench Carpenters,0.0
Male,29.0,PRD-Cabinetmakers And Bench Carpenters,0.0
Male,30.0,PRD-Cabinetmakers And Bench Carpenters,0.0
Female,18.0,PRD-Cabinetmakers And Bench Carpenters,0.0
Female,19.0,PRD-Cabinetmakers And Bench Carpenters,0.0
Female,20.0,PRD-Cabinetmakers And Bench Carpenters,0.0
Female,21.0,PRD-Cabinetmakers And Bench Carpenters,0.0
Female,22.0,PRD-Cabinetmakers And Bench Carpenters,0.0
Female,23.0,PRD-Cabinetmakers And Bench Carpenters,0.0
Female,24.0,PRD-Cabinetmakers And Bench Carpenters,0.0
Female,25.0,PRD-Cabinetmakers And Bench Carpenters,0.0
Female,26.0,PRD-Cabinetmakers And Bench Carpenters,0.0
Female,27.0,PRD-Cabinetmakers And Bench Carpenters,0.0
Female,28.0,PRD-Cabinetmakers And Bench Carpenters,0.0
Female,29.0,PRD-Cabinetmakers And Bench Carpenters,0.0
Female,30.0,PRD-Cabinetmakers And Bench Carpenters,0.0
Male,18.0,PRD-Furniture Finishers,0.0
Male,19.0,PRD-Furniture Finishers,0.0
Male,20.0,PRD-Furniture Finishers,0.0
Male,21.0,PRD-Furniture Finishers,0.0
Male,22.0,PRD-Furniture Finishers,0.0
Male,23.0,PRD-Furniture Finishers,0.0
Male,24.0,PRD-Furniture Finishers,0.0
Male,25.0,PRD-Furniture Finishers,0.0
Male,26.0,PRD-Furniture Finishers,168.0
Male,27.0,PRD-Furniture Finishers,0.0
Male,28.0,PRD-Furniture Finishers,0.0
Male,29.0,PRD-Furniture Finishers,0.0
Male,30.0,PRD-Furniture Finishers,0.0
Female,18.0,PRD-Furniture Finishers,0.0
Female,19.0,PRD-Furniture Finishers,0.0
Female,20.0,PRD-Furniture Finishers,0.0
Female,21.0,PRD-Furniture Finishers,0.0
Female,22.0,PRD-Furniture Finishers,0.0
Female,23.0,PRD-Furniture Finishers,0.0
Female,24.0,PRD-Furniture Finishers,0.0
Female,25.0,PRD-Furniture Finishers,0.0
Female,26.0,PRD-Furniture Finishers,0.0
Female,27.0,PRD-Furniture Finishers,0.0
Female,28.0,PRD-Furniture Finishers,0.0
Female,29.0,PRD-Furniture Finishers,0.0
Female,30.0,PRD-Furniture Finishers,0.0
Male,18.0,"PRD-Sawing Machine Setters, Operators, And Tenders, Wood",0.0
Male,19.0,"PRD-Sawing Machine Setters, Operators, And Tenders, Wood",0.0
Male,20.0,"PRD-Sawing Machine Setters, Operators, And Tenders, Wood",0.0
Male,21.0,"PRD-Sawing Machine Setters, Operators, And Tenders, Wood",0.0
Male,22.0,"PRD-Sawing Machine Setters, Operators, And Tenders, Wood",0.0
Male,23.0,"PRD-Sawing Machine Setters, Operators, And Tenders, Wood",0.0
Male,24.0,"PRD-Sawing Machine Setters, Operators, And Tenders, Wood",0.0
Male,25.0,"PRD-Sawing Machine Setters, Operators, And Tenders, Wood",0.0
Male,26.0,"PRD-Sawing Machine Setters, Operators, And Tenders, Wood",0.0
Male,27.0,"PRD-Sawing Machine Setters, Operators, And Tenders, Wood",0.0
Male,28.0,"PRD-Sawing Machine Setters, Operators, And Tenders, Wood",0.0
Male,29.0,"PRD-Sawing Machine Setters, Operators, And Tenders, Wood",0.0
Male,30.0,"PRD-Sawing Machine Setters, Operators, And Tenders, Wood",0.0
Female,18.0,"PRD-Sawing Machine Setters, Operators, And Tenders, Wood",0.0
Female,19.0,"PRD-Sawing Machine Setters, Operators, And Tenders, Wood",0.0
Female,20.0,"PRD-Sawing Machine Setters, Operators, And Tenders, Wood",0.0
Female,21.0,"PRD-Sawing Machine Setters, Operators, And Tenders, Wood",0.0
Female,22.0,"PRD-Sawing Machine Setters, Operators, And Tenders, Wood",0.0
Female,23.0,"PRD-Sawing Machine Setters, Operators, And Tenders, Wood",0.0
Female,24.0,"PRD-Sawing Machine Setters, Operators, And Tenders, Wood",0.0
Female,25.0,"PRD-Sawing Machine Setters, Operators, And Tenders, Wood",0.0
Female,26.0,"PRD-Sawing Machine Setters, Operators, And Tenders, Wood",0.0
Female,27.0,"PRD-Sawing Machine Setters, Operators, And Tenders, Wood",0.0
Female,28.0,"PRD-Sawing Machine Setters, Operators, And Tenders, Wood",0.0
Female,29.0,"PRD-Sawing Machine Setters, Operators, And Tenders, Wood",0.0
Female,30.0,"PRD-Sawing Machine Setters, Operators, And Tenders, Wood",0.0
Male,18.0,"PRD-Woodworking Machine Setters, Operators, And Tenders, Except Sawing",0.0
Male,19.0,"PRD-Woodworking Machine Setters, Operators, And Tenders, Except Sawing",0.0
Male,20.0,"PRD-Woodworking Machine Setters, Operators, And Tenders, Except Sawing",0.0
Male,21.0,"PRD-Woodworking Machine Setters, Operators, And Tenders, Except Sawing",0.0
Male,22.0,"PRD-Woodworking Machine Setters, Operators, And Tenders, Except Sawing",0.0
Male,23.0,"PRD-Woodworking Machine Setters, Operators, And Tenders, Except Sawing",0.0
Male,24.0,"PRD-Woodworking Machine Setters, Operators, And Tenders, Except Sawing",0.0
Male,25.0,"PRD-Woodworking Machine Setters, Operators, And Tenders, Except Sawing",0.0
Male,26.0,"PRD-Woodworking Machine Setters, Operators, And Tenders, Except Sawing",0.0
Male,27.0,"PRD-Woodworking Machine Setters, Operators, And Tenders, Except Sawing",0.0
Male,28.0,"PRD-Woodworking Machine Setters, Operators, And Tenders, Except Sawing",0.0
Male,29.0,"PRD-Woodworking Machine Setters, Operators, And Tenders, Except Sawing",0.0
Male,30.0,"PRD-Woodworking Machine Setters, Operators, And Tenders, Except Sawing",0.0
Female,18.0,"PRD-Woodworking Machine Setters, Operators, And Tenders, Except Sawing",0.0
Female,19.0,"PRD-Woodworking Machine Setters, Operators, And Tenders, Except Sawing",0.0
Female,20.0,"PRD-Woodworking Machine Setters, Operators, And Tenders, Except Sawing",0.0
Female,21.0,"PRD-Woodworking Machine Setters, Operators, And Tenders, Except Sawing",0.0
Female,22.0,"PRD-Woodworking Machine Setters, Operators, And Tenders, Except Sawing",0.0
Female,23.0,"PRD-Woodworking Machine Setters, Operators, And Tenders, Except Sawing",0.0
Female,24.0,"PRD-Woodworking Machine Setters, Operators, And Tenders, Except Sawing",0.0
Female,25.0,"PRD-Woodworking Machine Setters, Operators, And Tenders, Except Sawing",0.0
Female,26.0,"PRD-Woodworking Machine Setters, Operators, And Tenders, Except Sawing",0.0
Female,27.0,"PRD-Woodworking Machine Setters, Operators, And Tenders, Except Sawing",0.0
Female,28.0,"PRD-Woodworking Machine Setters, Operators, And Tenders, Except Sawing",0.0
Female,29.0,"PRD-Woodworking Machine Setters, Operators, And Tenders, Except Sawing",0.0
Female,30.0,"PRD-Woodworking Machine Setters, Operators, And Tenders, Except Sawing",0.0
Male,18.0,PRD-Other Woodworkers,0.0
Male,19.0,PRD-Other Woodworkers,0.0
Male,20.0,PRD-Other Woodworkers,0.0
Male,21.0,PRD-Other Woodworkers,0.0
Male,22.0,PRD-Other Woodworkers,0.0
Male,23.0,PRD-Other Woodworkers,0.0
Male,24.0,PRD-Other Woodworkers,0.0
Male,25.0,PRD-Other Woodworkers,0.0
Male,26.0,PRD-Other Woodworkers,0.0
Male,27.0,PRD-Other Woodworkers,0.0
Male,28.0,PRD-Other Woodworkers,0.0
Male,29.0,PRD-Other Woodworkers,0.0
Male,30.0,PRD-Other Woodworkers,0.0
Female,18.0,PRD-Other Woodworkers,0.0
Female,19.0,PRD-Other Woodworkers,0.0
Female,20.0,PRD-Other Woodworkers,0.0
Female,21.0,PRD-Other Woodworkers,0.0
Female,22.0,PRD-Other Woodworkers,0.0
Female,23.0,PRD-Other Woodworkers,0.0
Female,24.0,PRD-Other Woodworkers,0.0
Female,25.0,PRD-Other Woodworkers,0.0
Female,26.0,PRD-Other Woodworkers,0.0
Female,27.0,PRD-Other Woodworkers,0.0
Female,28.0,PRD-Other Woodworkers,0.0
Female,29.0,PRD-Other Woodworkers,0.0
Female,30.0,PRD-Other Woodworkers,0.0
Male,18.0,"PRD-Power Plant Operators, Distributors, And Dispatchers",0.0
Male,19.0,"PRD-Power Plant Operators, Distributors, And Dispatchers",0.0
Male,20.0,"PRD-Power Plant Operators, Distributors, And Dispatchers",0.0
Male,21.0,"PRD-Power Plant Operators, Distributors, And Dispatchers",0.0
Male,22.0,"PRD-Power Plant Operators, Distributors, And Dispatchers",0.0
Male,23.0,"PRD-Power Plant Operators, Distributors, And Dispatchers",0.0
Male,24.0,"PRD-Power Plant Operators, Distributors, And Dispatchers",0.0
Male,25.0,"PRD-Power Plant Operators, Distributors, And Dispatchers",0.0
Male,26.0,"PRD-Power Plant Operators, Distributors, And Dispatchers",0.0
Male,27.0,"PRD-Power Plant Operators, Distributors, And Dispatchers",0.0
Male,28.0,"PRD-Power Plant Operators, Distributors, And Dispatchers",94.0
Male,29.0,"PRD-Power Plant Operators, Distributors, And Dispatchers",0.0
Male,30.0,"PRD-Power Plant Operators, Distributors, And Dispatchers",107.0
Female,18.0,"PRD-Power Plant Operators, Distributors, And Dispatchers",0.0
Female,19.0,"PRD-Power Plant Operators, Distributors, And Dispatchers",0.0
Female,20.0,"PRD-Power Plant Operators, Distributors, And Dispatchers",0.0
Female,21.0,"PRD-Power Plant Operators, Distributors, And Dispatchers",0.0
Female,22.0,"PRD-Power Plant Operators, Distributors, And Dispatchers",0.0
Female,23.0,"PRD-Power Plant Operators, Distributors, And Dispatchers",0.0
Female,24.0,"PRD-Power Plant Operators, Distributors, And Dispatchers",0.0
Female,25.0,"PRD-Power Plant Operators, Distributors, And Dispatchers",0.0
Female,26.0,"PRD-Power Plant Operators, Distributors, And Dispatchers",0.0
Female,27.0,"PRD-Power Plant Operators, Distributors, And Dispatchers",0.0
Female,28.0,"PRD-Power Plant Operators, Distributors, And Dispatchers",0.0
Female,29.0,"PRD-Power Plant Operators, Distributors, And Dispatchers",0.0
Female,30.0,"PRD-Power Plant Operators, Distributors, And Dispatchers",0.0
Male,18.0,PRD-Stationary Engineers And Boiler Operators,0.0
Male,19.0,PRD-Stationary Engineers And Boiler Operators,0.0
Male,20.0,PRD-Stationary Engineers And Boiler Operators,0.0
Male,21.0,PRD-Stationary Engineers And Boiler Operators,0.0
Male,22.0,PRD-Stationary Engineers And Boiler Operators,0.0
Male,23.0,PRD-Stationary Engineers And Boiler Operators,0.0
Male,24.0,PRD-Stationary Engineers And Boiler Operators,0.0
Male,25.0,PRD-Stationary Engineers And Boiler Operators,0.0
Male,26.0,PRD-Stationary Engineers And Boiler Operators,0.0
Male,27.0,PRD-Stationary Engineers And Boiler Operators,0.0
Male,28.0,PRD-Stationary Engineers And Boiler Operators,0.0
Male,29.0,PRD-Stationary Engineers And Boiler Operators,0.0
Male,30.0,PRD-Stationary Engineers And Boiler Operators,0.0
Female,18.0,PRD-Stationary Engineers And Boiler Operators,0.0
Female,19.0,PRD-Stationary Engineers And Boiler Operators,0.0
Female,20.0,PRD-Stationary Engineers And Boiler Operators,0.0
Female,21.0,PRD-Stationary Engineers And Boiler Operators,0.0
Female,22.0,PRD-Stationary Engineers And Boiler Operators,0.0
Female,23.0,PRD-Stationary Engineers And Boiler Operators,0.0
Female,24.0,PRD-Stationary Engineers And Boiler Operators,0.0
Female,25.0,PRD-Stationary Engineers And Boiler Operators,0.0
Female,26.0,PRD-Stationary Engineers And Boiler Operators,0.0
Female,27.0,PRD-Stationary Engineers And Boiler Operators,0.0
Female,28.0,PRD-Stationary Engineers And Boiler Operators,0.0
Female,29.0,PRD-Stationary Engineers And Boiler Operators,0.0
Female,30.0,PRD-Stationary Engineers And Boiler Operators,0.0
Male,18.0,PRD-Water And Wastewater Treatment Plant And System Operators,0.0
Male,19.0,PRD-Water And Wastewater Treatment Plant And System Operators,0.0
Male,20.0,PRD-Water And Wastewater Treatment Plant And System Operators,0.0
Male,21.0,PRD-Water And Wastewater Treatment Plant And System Operators,0.0
Male,22.0,PRD-Water And Wastewater Treatment Plant And System Operators,0.0
Male,23.0,PRD-Water And Wastewater Treatment Plant And System Operators,0.0
Male,24.0,PRD-Water And Wastewater Treatment Plant And System Operators,0.0
Male,25.0,PRD-Water And Wastewater Treatment Plant And System Operators,0.0
Male,26.0,PRD-Water And Wastewater Treatment Plant And System Operators,0.0
Male,27.0,PRD-Water And Wastewater Treatment Plant And System Operators,0.0
Male,28.0,PRD-Water And Wastewater Treatment Plant And System Operators,0.0
Male,29.0,PRD-Water And Wastewater Treatment Plant And System Operators,0.0
Male,30.0,PRD-Water And Wastewater Treatment Plant And System Operators,0.0
Female,18.0,PRD-Water And Wastewater Treatment Plant And System Operators,0.0
Female,19.0,PRD-Water And Wastewater Treatment Plant And System Operators,0.0
Female,20.0,PRD-Water And Wastewater Treatment Plant And System Operators,0.0
Female,21.0,PRD-Water And Wastewater Treatment Plant And System Operators,0.0
Female,22.0,PRD-Water And Wastewater Treatment Plant And System Operators,0.0
Female,23.0,PRD-Water And Wastewater Treatment Plant And System Operators,0.0
Female,24.0,PRD-Water And Wastewater Treatment Plant And System Operators,0.0
Female,25.0,PRD-Water And Wastewater Treatment Plant And System Operators,0.0
Female,26.0,PRD-Water And Wastewater Treatment Plant And System Operators,0.0
Female,27.0,PRD-Water And Wastewater Treatment Plant And System Operators,0.0
Female,28.0,PRD-Water And Wastewater Treatment Plant And System Operators,0.0
Female,29.0,PRD-Water And Wastewater Treatment Plant And System Operators,0.0
Female,30.0,PRD-Water And Wastewater Treatment Plant And System Operators,0.0
Male,18.0,PRD-Miscellaneous Plant And System Operators,0.0
Male,19.0,PRD-Miscellaneous Plant And System Operators,0.0
Male,20.0,PRD-Miscellaneous Plant And System Operators,0.0
Male,21.0,PRD-Miscellaneous Plant And System Operators,0.0
Male,22.0,PRD-Miscellaneous Plant And System Operators,0.0
Male,23.0,PRD-Miscellaneous Plant And System Operators,0.0
Male,24.0,PRD-Miscellaneous Plant And System Operators,0.0
Male,25.0,PRD-Miscellaneous Plant And System Operators,0.0
Male,26.0,PRD-Miscellaneous Plant And System Operators,0.0
Male,27.0,PRD-Miscellaneous Plant And System Operators,0.0
Male,28.0,PRD-Miscellaneous Plant And System Operators,0.0
Male,29.0,PRD-Miscellaneous Plant And System Operators,0.0
Male,30.0,PRD-Miscellaneous Plant And System Operators,0.0
Female,18.0,PRD-Miscellaneous Plant And System Operators,0.0
Female,19.0,PRD-Miscellaneous Plant And System Operators,0.0
Female,20.0,PRD-Miscellaneous Plant And System Operators,0.0
Female,21.0,PRD-Miscellaneous Plant And System Operators,0.0
Female,22.0,PRD-Miscellaneous Plant And System Operators,0.0
Female,23.0,PRD-Miscellaneous Plant And System Operators,0.0
Female,24.0,PRD-Miscellaneous Plant And System Operators,0.0
Female,25.0,PRD-Miscellaneous Plant And System Operators,0.0
Female,26.0,PRD-Miscellaneous Plant And System Operators,0.0
Female,27.0,PRD-Miscellaneous Plant And System Operators,0.0
Female,28.0,PRD-Miscellaneous Plant And System Operators,0.0
Female,29.0,PRD-Miscellaneous Plant And System Operators,0.0
Female,30.0,PRD-Miscellaneous Plant And System Operators,0.0
Male,18.0,"PRD-Chemical Processing Machine Setters, Operators, And Tenders",0.0
Male,19.0,"PRD-Chemical Processing Machine Setters, Operators, And Tenders",0.0
Male,20.0,"PRD-Chemical Processing Machine Setters, Operators, And Tenders",212.0
Male,21.0,"PRD-Chemical Processing Machine Setters, Operators, And Tenders",0.0
Male,22.0,"PRD-Chemical Processing Machine Setters, Operators, And Tenders",0.0
Male,23.0,"PRD-Chemical Processing Machine Setters, Operators, And Tenders",0.0
Male,24.0,"PRD-Chemical Processing Machine Setters, Operators, And Tenders",0.0
Male,25.0,"PRD-Chemical Processing Machine Setters, Operators, And Tenders",0.0
Male,26.0,"PRD-Chemical Processing Machine Setters, Operators, And Tenders",71.0
Male,27.0,"PRD-Chemical Processing Machine Setters, Operators, And Tenders",0.0
Male,28.0,"PRD-Chemical Processing Machine Setters, Operators, And Tenders",0.0
Male,29.0,"PRD-Chemical Processing Machine Setters, Operators, And Tenders",0.0
Male,30.0,"PRD-Chemical Processing Machine Setters, Operators, And Tenders",0.0
Female,18.0,"PRD-Chemical Processing Machine Setters, Operators, And Tenders",0.0
Female,19.0,"PRD-Chemical Processing Machine Setters, Operators, And Tenders",0.0
Female,20.0,"PRD-Chemical Processing Machine Setters, Operators, And Tenders",0.0
Female,21.0,"PRD-Chemical Processing Machine Setters, Operators, And Tenders",0.0
Female,22.0,"PRD-Chemical Processing Machine Setters, Operators, And Tenders",0.0
Female,23.0,"PRD-Chemical Processing Machine Setters, Operators, And Tenders",0.0
Female,24.0,"PRD-Chemical Processing Machine Setters, Operators, And Tenders",0.0
Female,25.0,"PRD-Chemical Processing Machine Setters, Operators, And Tenders",0.0
Female,26.0,"PRD-Chemical Processing Machine Setters, Operators, And Tenders",0.0
Female,27.0,"PRD-Chemical Processing Machine Setters, Operators, And Tenders",0.0
Female,28.0,"PRD-Chemical Processing Machine Setters, Operators, And Tenders",0.0
Female,29.0,"PRD-Chemical Processing Machine Setters, Operators, And Tenders",0.0
Female,30.0,"PRD-Chemical Processing Machine Setters, Operators, And Tenders",0.0
Male,18.0,"PRD-Crushing, Grinding, Polishing, Mixing, And Blending Workers",0.0
Male,19.0,"PRD-Crushing, Grinding, Polishing, Mixing, And Blending Workers",0.0
Male,20.0,"PRD-Crushing, Grinding, Polishing, Mixing, And Blending Workers",0.0
Male,21.0,"PRD-Crushing, Grinding, Polishing, Mixing, And Blending Workers",0.0
Male,22.0,"PRD-Crushing, Grinding, Polishing, Mixing, And Blending Workers",0.0
Male,23.0,"PRD-Crushing, Grinding, Polishing, Mixing, And Blending Workers",0.0
Male,24.0,"PRD-Crushing, Grinding, Polishing, Mixing, And Blending Workers",0.0
Male,25.0,"PRD-Crushing, Grinding, Polishing, Mixing, And Blending Workers",0.0
Male,26.0,"PRD-Crushing, Grinding, Polishing, Mixing, And Blending Workers",0.0
Male,27.0,"PRD-Crushing, Grinding, Polishing, Mixing, And Blending Workers",0.0
Male,28.0,"PRD-Crushing, Grinding, Polishing, Mixing, And Blending Workers",0.0
Male,29.0,"PRD-Crushing, Grinding, Polishing, Mixing, And Blending Workers",0.0
Male,30.0,"PRD-Crushing, Grinding, Polishing, Mixing, And Blending Workers",318.0
Female,18.0,"PRD-Crushing, Grinding, Polishing, Mixing, And Blending Workers",0.0
Female,19.0,"PRD-Crushing, Grinding, Polishing, Mixing, And Blending Workers",0.0
Female,20.0,"PRD-Crushing, Grinding, Polishing, Mixing, And Blending Workers",0.0
Female,21.0,"PRD-Crushing, Grinding, Polishing, Mixing, And Blending Workers",0.0
Female,22.0,"PRD-Crushing, Grinding, Polishing, Mixing, And Blending Workers",0.0
Female,23.0,"PRD-Crushing, Grinding, Polishing, Mixing, And Blending Workers",0.0
Female,24.0,"PRD-Crushing, Grinding, Polishing, Mixing, And Blending Workers",0.0
Female,25.0,"PRD-Crushing, Grinding, Polishing, Mixing, And Blending Workers",0.0
Female,26.0,"PRD-Crushing, Grinding, Polishing, Mixing, And Blending Workers",0.0
Female,27.0,"PRD-Crushing, Grinding, Polishing, Mixing, And Blending Workers",0.0
Female,28.0,"PRD-Crushing, Grinding, Polishing, Mixing, And Blending Workers",0.0
Female,29.0,"PRD-Crushing, Grinding, Polishing, Mixing, And Blending Workers",0.0
Female,30.0,"PRD-Crushing, Grinding, Polishing, Mixing, And Blending Workers",0.0
Male,18.0,PRD-Cutting Workers,0.0
Male,19.0,PRD-Cutting Workers,217.0
Male,20.0,PRD-Cutting Workers,0.0
Male,21.0,PRD-Cutting Workers,0.0
Male,22.0,PRD-Cutting Workers,0.0
Male,23.0,PRD-Cutting Workers,0.0
Male,24.0,PRD-Cutting Workers,0.0
Male,25.0,PRD-Cutting Workers,0.0
Male,26.0,PRD-Cutting Workers,0.0
Male,27.0,PRD-Cutting Workers,0.0
Male,28.0,PRD-Cutting Workers,0.0
Male,29.0,PRD-Cutting Workers,0.0
Male,30.0,PRD-Cutting Workers,0.0
Female,18.0,PRD-Cutting Workers,0.0
Female,19.0,PRD-Cutting Workers,0.0
Female,20.0,PRD-Cutting Workers,0.0
Female,21.0,PRD-Cutting Workers,0.0
Female,22.0,PRD-Cutting Workers,0.0
Female,23.0,PRD-Cutting Workers,0.0
Female,24.0,PRD-Cutting Workers,0.0
Female,25.0,PRD-Cutting Workers,0.0
Female,26.0,PRD-Cutting Workers,0.0
Female,27.0,PRD-Cutting Workers,0.0
Female,28.0,PRD-Cutting Workers,0.0
Female,29.0,PRD-Cutting Workers,0.0
Female,30.0,PRD-Cutting Workers,0.0
Male,18.0,"PRD-Extruding, Forming, Pressing, And Compacting Machine Setters, Operators, And Tenders",0.0
Male,19.0,"PRD-Extruding, Forming, Pressing, And Compacting Machine Setters, Operators, And Tenders",0.0
Male,20.0,"PRD-Extruding, Forming, Pressing, And Compacting Machine Setters, Operators, And Tenders",0.0
Male,21.0,"PRD-Extruding, Forming, Pressing, And Compacting Machine Setters, Operators, And Tenders",0.0
Male,22.0,"PRD-Extruding, Forming, Pressing, And Compacting Machine Setters, Operators, And Tenders",0.0
Male,23.0,"PRD-Extruding, Forming, Pressing, And Compacting Machine Setters, Operators, And Tenders",0.0
Male,24.0,"PRD-Extruding, Forming, Pressing, And Compacting Machine Setters, Operators, And Tenders",0.0
Male,25.0,"PRD-Extruding, Forming, Pressing, And Compacting Machine Setters, Operators, And Tenders",0.0
Male,26.0,"PRD-Extruding, Forming, Pressing, And Compacting Machine Setters, Operators, And Tenders",0.0
Male,27.0,"PRD-Extruding, Forming, Pressing, And Compacting Machine Setters, Operators, And Tenders",0.0
Male,28.0,"PRD-Extruding, Forming, Pressing, And Compacting Machine Setters, Operators, And Tenders",0.0
Male,29.0,"PRD-Extruding, Forming, Pressing, And Compacting Machine Setters, Operators, And Tenders",0.0
Male,30.0,"PRD-Extruding, Forming, Pressing, And Compacting Machine Setters, Operators, And Tenders",0.0
Female,18.0,"PRD-Extruding, Forming, Pressing, And Compacting Machine Setters, Operators, And Tenders",0.0
Female,19.0,"PRD-Extruding, Forming, Pressing, And Compacting Machine Setters, Operators, And Tenders",0.0
Female,20.0,"PRD-Extruding, Forming, Pressing, And Compacting Machine Setters, Operators, And Tenders",0.0
Female,21.0,"PRD-Extruding, Forming, Pressing, And Compacting Machine Setters, Operators, And Tenders",0.0
Female,22.0,"PRD-Extruding, Forming, Pressing, And Compacting Machine Setters, Operators, And Tenders",0.0
Female,23.0,"PRD-Extruding, Forming, Pressing, And Compacting Machine Setters, Operators, And Tenders",0.0
Female,24.0,"PRD-Extruding, Forming, Pressing, And Compacting Machine Setters, Operators, And Tenders",0.0
Female,25.0,"PRD-Extruding, Forming, Pressing, And Compacting Machine Setters, Operators, And Tenders",0.0
Female,26.0,"PRD-Extruding, Forming, Pressing, And Compacting Machine Setters, Operators, And Tenders",0.0
Female,27.0,"PRD-Extruding, Forming, Pressing, And Compacting Machine Setters, Operators, And Tenders",0.0
Female,28.0,"PRD-Extruding, Forming, Pressing, And Compacting Machine Setters, Operators, And Tenders",0.0
Female,29.0,"PRD-Extruding, Forming, Pressing, And Compacting Machine Setters, Operators, And Tenders",0.0
Female,30.0,"PRD-Extruding, Forming, Pressing, And Compacting Machine Setters, Operators, And Tenders",0.0
Male,18.0,"PRD-Furnace, Kiln, Oven, Drier, And Kettle Operators And Tenders",0.0
Male,19.0,"PRD-Furnace, Kiln, Oven, Drier, And Kettle Operators And Tenders",0.0
Male,20.0,"PRD-Furnace, Kiln, Oven, Drier, And Kettle Operators And Tenders",0.0
Male,21.0,"PRD-Furnace, Kiln, Oven, Drier, And Kettle Operators And Tenders",178.0
Male,22.0,"PRD-Furnace, Kiln, Oven, Drier, And Kettle Operators And Tenders",481.0
Male,23.0,"PRD-Furnace, Kiln, Oven, Drier, And Kettle Operators And Tenders",0.0
Male,24.0,"PRD-Furnace, Kiln, Oven, Drier, And Kettle Operators And Tenders",0.0
Male,25.0,"PRD-Furnace, Kiln, Oven, Drier, And Kettle Operators And Tenders",0.0
Male,26.0,"PRD-Furnace, Kiln, Oven, Drier, And Kettle Operators And Tenders",0.0
Male,27.0,"PRD-Furnace, Kiln, Oven, Drier, And Kettle Operators And Tenders",0.0
Male,28.0,"PRD-Furnace, Kiln, Oven, Drier, And Kettle Operators And Tenders",0.0
Male,29.0,"PRD-Furnace, Kiln, Oven, Drier, And Kettle Operators And Tenders",0.0
Male,30.0,"PRD-Furnace, Kiln, Oven, Drier, And Kettle Operators And Tenders",0.0
Female,18.0,"PRD-Furnace, Kiln, Oven, Drier, And Kettle Operators And Tenders",0.0
Female,19.0,"PRD-Furnace, Kiln, Oven, Drier, And Kettle Operators And Tenders",0.0
Female,20.0,"PRD-Furnace, Kiln, Oven, Drier, And Kettle Operators And Tenders",0.0
Female,21.0,"PRD-Furnace, Kiln, Oven, Drier, And Kettle Operators And Tenders",0.0
Female,22.0,"PRD-Furnace, Kiln, Oven, Drier, And Kettle Operators And Tenders",0.0
Female,23.0,"PRD-Furnace, Kiln, Oven, Drier, And Kettle Operators And Tenders",0.0
Female,24.0,"PRD-Furnace, Kiln, Oven, Drier, And Kettle Operators And Tenders",0.0
Female,25.0,"PRD-Furnace, Kiln, Oven, Drier, And Kettle Operators And Tenders",0.0
Female,26.0,"PRD-Furnace, Kiln, Oven, Drier, And Kettle Operators And Tenders",0.0
Female,27.0,"PRD-Furnace, Kiln, Oven, Drier, And Kettle Operators And Tenders",0.0
Female,28.0,"PRD-Furnace, Kiln, Oven, Drier, And Kettle Operators And Tenders",0.0
Female,29.0,"PRD-Furnace, Kiln, Oven, Drier, And Kettle Operators And Tenders",0.0
Female,30.0,"PRD-Furnace, Kiln, Oven, Drier, And Kettle Operators And Tenders",0.0
Male,18.0,"PRD-Inspectors, Testers, Sorters, Samplers, And Weighers",135.0
Male,19.0,"PRD-Inspectors, Testers, Sorters, Samplers, And Weighers",102.0
Male,20.0,"PRD-Inspectors, Testers, Sorters, Samplers, And Weighers",111.0
Male,21.0,"PRD-Inspectors, Testers, Sorters, Samplers, And Weighers",530.0
Male,22.0,"PRD-Inspectors, Testers, Sorters, Samplers, And Weighers",141.0
Male,23.0,"PRD-Inspectors, Testers, Sorters, Samplers, And Weighers",44.0
Male,24.0,"PRD-Inspectors, Testers, Sorters, Samplers, And Weighers",0.0
Male,25.0,"PRD-Inspectors, Testers, Sorters, Samplers, And Weighers",0.0
Male,26.0,"PRD-Inspectors, Testers, Sorters, Samplers, And Weighers",83.0
Male,27.0,"PRD-Inspectors, Testers, Sorters, Samplers, And Weighers",111.0
Male,28.0,"PRD-Inspectors, Testers, Sorters, Samplers, And Weighers",402.0
Male,29.0,"PRD-Inspectors, Testers, Sorters, Samplers, And Weighers",0.0
Male,30.0,"PRD-Inspectors, Testers, Sorters, Samplers, And Weighers",116.0
Female,18.0,"PRD-Inspectors, Testers, Sorters, Samplers, And Weighers",0.0
Female,19.0,"PRD-Inspectors, Testers, Sorters, Samplers, And Weighers",0.0
Female,20.0,"PRD-Inspectors, Testers, Sorters, Samplers, And Weighers",0.0
Female,21.0,"PRD-Inspectors, Testers, Sorters, Samplers, And Weighers",0.0
Female,22.0,"PRD-Inspectors, Testers, Sorters, Samplers, And Weighers",0.0
Female,23.0,"PRD-Inspectors, Testers, Sorters, Samplers, And Weighers",0.0
Female,24.0,"PRD-Inspectors, Testers, Sorters, Samplers, And Weighers",0.0
Female,25.0,"PRD-Inspectors, Testers, Sorters, Samplers, And Weighers",0.0
Female,26.0,"PRD-Inspectors, Testers, Sorters, Samplers, And Weighers",423.0
Female,27.0,"PRD-Inspectors, Testers, Sorters, Samplers, And Weighers",0.0
Female,28.0,"PRD-Inspectors, Testers, Sorters, Samplers, And Weighers",0.0
Female,29.0,"PRD-Inspectors, Testers, Sorters, Samplers, And Weighers",155.0
Female,30.0,"PRD-Inspectors, Testers, Sorters, Samplers, And Weighers",62.0
Male,18.0,PRD-Jewelers And Precious Stone And Metal Workers,0.0
Male,19.0,PRD-Jewelers And Precious Stone And Metal Workers,0.0
Male,20.0,PRD-Jewelers And Precious Stone And Metal Workers,0.0
Male,21.0,PRD-Jewelers And Precious Stone And Metal Workers,0.0
Male,22.0,PRD-Jewelers And Precious Stone And Metal Workers,0.0
Male,23.0,PRD-Jewelers And Precious Stone And Metal Workers,0.0
Male,24.0,PRD-Jewelers And Precious Stone And Metal Workers,0.0
Male,25.0,PRD-Jewelers And Precious Stone And Metal Workers,0.0
Male,26.0,PRD-Jewelers And Precious Stone And Metal Workers,0.0
Male,27.0,PRD-Jewelers And Precious Stone And Metal Workers,0.0
Male,28.0,PRD-Jewelers And Precious Stone And Metal Workers,0.0
Male,29.0,PRD-Jewelers And Precious Stone And Metal Workers,0.0
Male,30.0,PRD-Jewelers And Precious Stone And Metal Workers,0.0
Female,18.0,PRD-Jewelers And Precious Stone And Metal Workers,0.0
Female,19.0,PRD-Jewelers And Precious Stone And Metal Workers,0.0
Female,20.0,PRD-Jewelers And Precious Stone And Metal Workers,0.0
Female,21.0,PRD-Jewelers And Precious Stone And Metal Workers,0.0
Female,22.0,PRD-Jewelers And Precious Stone And Metal Workers,0.0
Female,23.0,PRD-Jewelers And Precious Stone And Metal Workers,0.0
Female,24.0,PRD-Jewelers And Precious Stone And Metal Workers,0.0
Female,25.0,PRD-Jewelers And Precious Stone And Metal Workers,0.0
Female,26.0,PRD-Jewelers And Precious Stone And Metal Workers,0.0
Female,27.0,PRD-Jewelers And Precious Stone And Metal Workers,0.0
Female,28.0,PRD-Jewelers And Precious Stone And Metal Workers,0.0
Female,29.0,PRD-Jewelers And Precious Stone And Metal Workers,0.0
Female,30.0,PRD-Jewelers And Precious Stone And Metal Workers,0.0
Male,18.0,PRD-Dental And Ophthalmic Laboratory Technicians And Medical Appliance Technicians,0.0
Male,19.0,PRD-Dental And Ophthalmic Laboratory Technicians And Medical Appliance Technicians,0.0
Male,20.0,PRD-Dental And Ophthalmic Laboratory Technicians And Medical Appliance Technicians,0.0
Male,21.0,PRD-Dental And Ophthalmic Laboratory Technicians And Medical Appliance Technicians,0.0
Male,22.0,PRD-Dental And Ophthalmic Laboratory Technicians And Medical Appliance Technicians,0.0
Male,23.0,PRD-Dental And Ophthalmic Laboratory Technicians And Medical Appliance Technicians,0.0
Male,24.0,PRD-Dental And Ophthalmic Laboratory Technicians And Medical Appliance Technicians,0.0
Male,25.0,PRD-Dental And Ophthalmic Laboratory Technicians And Medical Appliance Technicians,0.0
Male,26.0,PRD-Dental And Ophthalmic Laboratory Technicians And Medical Appliance Technicians,0.0
Male,27.0,PRD-Dental And Ophthalmic Laboratory Technicians And Medical Appliance Technicians,0.0
Male,28.0,PRD-Dental And Ophthalmic Laboratory Technicians And Medical Appliance Technicians,0.0
Male,29.0,PRD-Dental And Ophthalmic Laboratory Technicians And Medical Appliance Technicians,0.0
Male,30.0,PRD-Dental And Ophthalmic Laboratory Technicians And Medical Appliance Technicians,0.0
Female,18.0,PRD-Dental And Ophthalmic Laboratory Technicians And Medical Appliance Technicians,0.0
Female,19.0,PRD-Dental And Ophthalmic Laboratory Technicians And Medical Appliance Technicians,0.0
Female,20.0,PRD-Dental And Ophthalmic Laboratory Technicians And Medical Appliance Technicians,0.0
Female,21.0,PRD-Dental And Ophthalmic Laboratory Technicians And Medical Appliance Technicians,0.0
Female,22.0,PRD-Dental And Ophthalmic Laboratory Technicians And Medical Appliance Technicians,0.0
Female,23.0,PRD-Dental And Ophthalmic Laboratory Technicians And Medical Appliance Technicians,0.0
Female,24.0,PRD-Dental And Ophthalmic Laboratory Technicians And Medical Appliance Technicians,0.0
Female,25.0,PRD-Dental And Ophthalmic Laboratory Technicians And Medical Appliance Technicians,0.0
Female,26.0,PRD-Dental And Ophthalmic Laboratory Technicians And Medical Appliance Technicians,0.0
Female,27.0,PRD-Dental And Ophthalmic Laboratory Technicians And Medical Appliance Technicians,0.0
Female,28.0,PRD-Dental And Ophthalmic Laboratory Technicians And Medical Appliance Technicians,0.0
Female,29.0,PRD-Dental And Ophthalmic Laboratory Technicians And Medical Appliance Technicians,0.0
Female,30.0,PRD-Dental And Ophthalmic Laboratory Technicians And Medical Appliance Technicians,90.0
Male,18.0,PRD-Packaging And Filling Machine Operators And Tenders,0.0
Male,19.0,PRD-Packaging And Filling Machine Operators And Tenders,0.0
Male,20.0,PRD-Packaging And Filling Machine Operators And Tenders,0.0
Male,21.0,PRD-Packaging And Filling Machine Operators And Tenders,0.0
Male,22.0,PRD-Packaging And Filling Machine Operators And Tenders,0.0
Male,23.0,PRD-Packaging And Filling Machine Operators And Tenders,0.0
Male,24.0,PRD-Packaging And Filling Machine Operators And Tenders,0.0
Male,25.0,PRD-Packaging And Filling Machine Operators And Tenders,0.0
Male,26.0,PRD-Packaging And Filling Machine Operators And Tenders,0.0
Male,27.0,PRD-Packaging And Filling Machine Operators And Tenders,0.0
Male,28.0,PRD-Packaging And Filling Machine Operators And Tenders,0.0
Male,29.0,PRD-Packaging And Filling Machine Operators And Tenders,48.0
Male,30.0,PRD-Packaging And Filling Machine Operators And Tenders,0.0
Female,18.0,PRD-Packaging And Filling Machine Operators And Tenders,0.0
Female,19.0,PRD-Packaging And Filling Machine Operators And Tenders,0.0
Female,20.0,PRD-Packaging And Filling Machine Operators And Tenders,0.0
Female,21.0,PRD-Packaging And Filling Machine Operators And Tenders,0.0
Female,22.0,PRD-Packaging And Filling Machine Operators And Tenders,0.0
Female,23.0,PRD-Packaging And Filling Machine Operators And Tenders,0.0
Female,24.0,PRD-Packaging And Filling Machine Operators And Tenders,0.0
Female,25.0,PRD-Packaging And Filling Machine Operators And Tenders,0.0
Female,26.0,PRD-Packaging And Filling Machine Operators And Tenders,0.0
Female,27.0,PRD-Packaging And Filling Machine Operators And Tenders,0.0
Female,28.0,PRD-Packaging And Filling Machine Operators And Tenders,0.0
Female,29.0,PRD-Packaging And Filling Machine Operators And Tenders,0.0
Female,30.0,PRD-Packaging And Filling Machine Operators And Tenders,0.0
Male,18.0,PRD-Painting Workers,0.0
Male,19.0,PRD-Painting Workers,0.0
Male,20.0,PRD-Painting Workers,0.0
Male,21.0,PRD-Painting Workers,0.0
Male,22.0,PRD-Painting Workers,0.0
Male,23.0,PRD-Painting Workers,0.0
Male,24.0,PRD-Painting Workers,0.0
Male,25.0,PRD-Painting Workers,0.0
Male,26.0,PRD-Painting Workers,0.0
Male,27.0,PRD-Painting Workers,0.0
Male,28.0,PRD-Painting Workers,0.0
Male,29.0,PRD-Painting Workers,0.0
Male,30.0,PRD-Painting Workers,0.0
Female,18.0,PRD-Painting Workers,0.0
Female,19.0,PRD-Painting Workers,0.0
Female,20.0,PRD-Painting Workers,0.0
Female,21.0,PRD-Painting Workers,0.0
Female,22.0,PRD-Painting Workers,90.0
Female,23.0,PRD-Painting Workers,0.0
Female,24.0,PRD-Painting Workers,0.0
Female,25.0,PRD-Painting Workers,0.0
Female,26.0,PRD-Painting Workers,0.0
Female,27.0,PRD-Painting Workers,0.0
Female,28.0,PRD-Painting Workers,0.0
Female,29.0,PRD-Painting Workers,0.0
Female,30.0,PRD-Painting Workers,0.0
Male,18.0,PRD-Photographic Process Workers And Processing Machine Operators,0.0
Male,19.0,PRD-Photographic Process Workers And Processing Machine Operators,0.0
Male,20.0,PRD-Photographic Process Workers And Processing Machine Operators,0.0
Male,21.0,PRD-Photographic Process Workers And Processing Machine Operators,0.0
Male,22.0,PRD-Photographic Process Workers And Processing Machine Operators,0.0
Male,23.0,PRD-Photographic Process Workers And Processing Machine Operators,0.0
Male,24.0,PRD-Photographic Process Workers And Processing Machine Operators,0.0
Male,25.0,PRD-Photographic Process Workers And Processing Machine Operators,0.0
Male,26.0,PRD-Photographic Process Workers And Processing Machine Operators,0.0
Male,27.0,PRD-Photographic Process Workers And Processing Machine Operators,0.0
Male,28.0,PRD-Photographic Process Workers And Processing Machine Operators,0.0
Male,29.0,PRD-Photographic Process Workers And Processing Machine Operators,0.0
Male,30.0,PRD-Photographic Process Workers And Processing Machine Operators,0.0
Female,18.0,PRD-Photographic Process Workers And Processing Machine Operators,0.0
Female,19.0,PRD-Photographic Process Workers And Processing Machine Operators,0.0
Female,20.0,PRD-Photographic Process Workers And Processing Machine Operators,0.0
Female,21.0,PRD-Photographic Process Workers And Processing Machine Operators,0.0
Female,22.0,PRD-Photographic Process Workers And Processing Machine Operators,0.0
Female,23.0,PRD-Photographic Process Workers And Processing Machine Operators,0.0
Female,24.0,PRD-Photographic Process Workers And Processing Machine Operators,0.0
Female,25.0,PRD-Photographic Process Workers And Processing Machine Operators,0.0
Female,26.0,PRD-Photographic Process Workers And Processing Machine Operators,0.0
Female,27.0,PRD-Photographic Process Workers And Processing Machine Operators,0.0
Female,28.0,PRD-Photographic Process Workers And Processing Machine Operators,0.0
Female,29.0,PRD-Photographic Process Workers And Processing Machine Operators,0.0
Female,30.0,PRD-Photographic Process Workers And Processing Machine Operators,0.0
Male,18.0,PRD-Adhesive Bonding Machine Operators And Tenders,0.0
Male,19.0,PRD-Adhesive Bonding Machine Operators And Tenders,0.0
Male,20.0,PRD-Adhesive Bonding Machine Operators And Tenders,0.0
Male,21.0,PRD-Adhesive Bonding Machine Operators And Tenders,0.0
Male,22.0,PRD-Adhesive Bonding Machine Operators And Tenders,0.0
Male,23.0,PRD-Adhesive Bonding Machine Operators And Tenders,0.0
Male,24.0,PRD-Adhesive Bonding Machine Operators And Tenders,0.0
Male,25.0,PRD-Adhesive Bonding Machine Operators And Tenders,0.0
Male,26.0,PRD-Adhesive Bonding Machine Operators And Tenders,0.0
Male,27.0,PRD-Adhesive Bonding Machine Operators And Tenders,0.0
Male,28.0,PRD-Adhesive Bonding Machine Operators And Tenders,0.0
Male,29.0,PRD-Adhesive Bonding Machine Operators And Tenders,0.0
Male,30.0,PRD-Adhesive Bonding Machine Operators And Tenders,0.0
Female,18.0,PRD-Adhesive Bonding Machine Operators And Tenders,0.0
Female,19.0,PRD-Adhesive Bonding Machine Operators And Tenders,0.0
Female,20.0,PRD-Adhesive Bonding Machine Operators And Tenders,0.0
Female,21.0,PRD-Adhesive Bonding Machine Operators And Tenders,0.0
Female,22.0,PRD-Adhesive Bonding Machine Operators And Tenders,0.0
Female,23.0,PRD-Adhesive Bonding Machine Operators And Tenders,0.0
Female,24.0,PRD-Adhesive Bonding Machine Operators And Tenders,0.0
Female,25.0,PRD-Adhesive Bonding Machine Operators And Tenders,0.0
Female,26.0,PRD-Adhesive Bonding Machine Operators And Tenders,0.0
Female,27.0,PRD-Adhesive Bonding Machine Operators And Tenders,0.0
Female,28.0,PRD-Adhesive Bonding Machine Operators And Tenders,0.0
Female,29.0,PRD-Adhesive Bonding Machine Operators And Tenders,0.0
Female,30.0,PRD-Adhesive Bonding Machine Operators And Tenders,0.0
Male,18.0,PRD-Etchers And Engravers,0.0
Male,19.0,PRD-Etchers And Engravers,0.0
Male,20.0,PRD-Etchers And Engravers,0.0
Male,21.0,PRD-Etchers And Engravers,0.0
Male,22.0,PRD-Etchers And Engravers,0.0
Male,23.0,PRD-Etchers And Engravers,95.0
Male,24.0,PRD-Etchers And Engravers,0.0
Male,25.0,PRD-Etchers And Engravers,0.0
Male,26.0,PRD-Etchers And Engravers,0.0
Male,27.0,PRD-Etchers And Engravers,0.0
Male,28.0,PRD-Etchers And Engravers,0.0
Male,29.0,PRD-Etchers And Engravers,0.0
Male,30.0,PRD-Etchers And Engravers,0.0
Female,18.0,PRD-Etchers And Engravers,0.0
Female,19.0,PRD-Etchers And Engravers,0.0
Female,20.0,PRD-Etchers And Engravers,0.0
Female,21.0,PRD-Etchers And Engravers,0.0
Female,22.0,PRD-Etchers And Engravers,0.0
Female,23.0,PRD-Etchers And Engravers,0.0
Female,24.0,PRD-Etchers And Engravers,0.0
Female,25.0,PRD-Etchers And Engravers,0.0
Female,26.0,PRD-Etchers And Engravers,0.0
Female,27.0,PRD-Etchers And Engravers,0.0
Female,28.0,PRD-Etchers And Engravers,0.0
Female,29.0,PRD-Etchers And Engravers,0.0
Female,30.0,PRD-Etchers And Engravers,0.0
Male,18.0,"PRD-Molders, Shapers, And Casters, Except Metal And Plastic",0.0
Male,19.0,"PRD-Molders, Shapers, And Casters, Except Metal And Plastic",0.0
Male,20.0,"PRD-Molders, Shapers, And Casters, Except Metal And Plastic",0.0
Male,21.0,"PRD-Molders, Shapers, And Casters, Except Metal And Plastic",0.0
Male,22.0,"PRD-Molders, Shapers, And Casters, Except Metal And Plastic",0.0
Male,23.0,"PRD-Molders, Shapers, And Casters, Except Metal And Plastic",0.0
Male,24.0,"PRD-Molders, Shapers, And Casters, Except Metal And Plastic",0.0
Male,25.0,"PRD-Molders, Shapers, And Casters, Except Metal And Plastic",0.0
Male,26.0,"PRD-Molders, Shapers, And Casters, Except Metal And Plastic",0.0
Male,27.0,"PRD-Molders, Shapers, And Casters, Except Metal And Plastic",0.0
Male,28.0,"PRD-Molders, Shapers, And Casters, Except Metal And Plastic",0.0
Male,29.0,"PRD-Molders, Shapers, And Casters, Except Metal And Plastic",0.0
Male,30.0,"PRD-Molders, Shapers, And Casters, Except Metal And Plastic",0.0
Female,18.0,"PRD-Molders, Shapers, And Casters, Except Metal And Plastic",0.0
Female,19.0,"PRD-Molders, Shapers, And Casters, Except Metal And Plastic",0.0
Female,20.0,"PRD-Molders, Shapers, And Casters, Except Metal And Plastic",0.0
Female,21.0,"PRD-Molders, Shapers, And Casters, Except Metal And Plastic",0.0
Female,22.0,"PRD-Molders, Shapers, And Casters, Except Metal And Plastic",0.0
Female,23.0,"PRD-Molders, Shapers, And Casters, Except Metal And Plastic",0.0
Female,24.0,"PRD-Molders, Shapers, And Casters, Except Metal And Plastic",0.0
Female,25.0,"PRD-Molders, Shapers, And Casters, Except Metal And Plastic",0.0
Female,26.0,"PRD-Molders, Shapers, And Casters, Except Metal And Plastic",0.0
Female,27.0,"PRD-Molders, Shapers, And Casters, Except Metal And Plastic",0.0
Female,28.0,"PRD-Molders, Shapers, And Casters, Except Metal And Plastic",0.0
Female,29.0,"PRD-Molders, Shapers, And Casters, Except Metal And Plastic",0.0
Female,30.0,"PRD-Molders, Shapers, And Casters, Except Metal And Plastic",0.0
Male,18.0,"PRD-Paper Goods Machine Setters, Operators, And Tenders",0.0
Male,19.0,"PRD-Paper Goods Machine Setters, Operators, And Tenders",0.0
Male,20.0,"PRD-Paper Goods Machine Setters, Operators, And Tenders",0.0
Male,21.0,"PRD-Paper Goods Machine Setters, Operators, And Tenders",0.0
Male,22.0,"PRD-Paper Goods Machine Setters, Operators, And Tenders",0.0
Male,23.0,"PRD-Paper Goods Machine Setters, Operators, And Tenders",0.0
Male,24.0,"PRD-Paper Goods Machine Setters, Operators, And Tenders",0.0
Male,25.0,"PRD-Paper Goods Machine Setters, Operators, And Tenders",0.0
Male,26.0,"PRD-Paper Goods Machine Setters, Operators, And Tenders",0.0
Male,27.0,"PRD-Paper Goods Machine Setters, Operators, And Tenders",0.0
Male,28.0,"PRD-Paper Goods Machine Setters, Operators, And Tenders",0.0
Male,29.0,"PRD-Paper Goods Machine Setters, Operators, And Tenders",0.0
Male,30.0,"PRD-Paper Goods Machine Setters, Operators, And Tenders",0.0
Female,18.0,"PRD-Paper Goods Machine Setters, Operators, And Tenders",0.0
Female,19.0,"PRD-Paper Goods Machine Setters, Operators, And Tenders",0.0
Female,20.0,"PRD-Paper Goods Machine Setters, Operators, And Tenders",0.0
Female,21.0,"PRD-Paper Goods Machine Setters, Operators, And Tenders",0.0
Female,22.0,"PRD-Paper Goods Machine Setters, Operators, And Tenders",0.0
Female,23.0,"PRD-Paper Goods Machine Setters, Operators, And Tenders",0.0
Female,24.0,"PRD-Paper Goods Machine Setters, Operators, And Tenders",0.0
Female,25.0,"PRD-Paper Goods Machine Setters, Operators, And Tenders",0.0
Female,26.0,"PRD-Paper Goods Machine Setters, Operators, And Tenders",0.0
Female,27.0,"PRD-Paper Goods Machine Setters, Operators, And Tenders",0.0
Female,28.0,"PRD-Paper Goods Machine Setters, Operators, And Tenders",0.0
Female,29.0,"PRD-Paper Goods Machine Setters, Operators, And Tenders",0.0
Female,30.0,"PRD-Paper Goods Machine Setters, Operators, And Tenders",0.0
Male,18.0,PRD-Tire Builders,0.0
Male,19.0,PRD-Tire Builders,0.0
Male,20.0,PRD-Tire Builders,0.0
Male,21.0,PRD-Tire Builders,0.0
Male,22.0,PRD-Tire Builders,0.0
Male,23.0,PRD-Tire Builders,0.0
Male,24.0,PRD-Tire Builders,0.0
Male,25.0,PRD-Tire Builders,0.0
Male,26.0,PRD-Tire Builders,0.0
Male,27.0,PRD-Tire Builders,0.0
Male,28.0,PRD-Tire Builders,0.0
Male,29.0,PRD-Tire Builders,0.0
Male,30.0,PRD-Tire Builders,0.0
Female,18.0,PRD-Tire Builders,0.0
Female,19.0,PRD-Tire Builders,0.0
Female,20.0,PRD-Tire Builders,0.0
Female,21.0,PRD-Tire Builders,0.0
Female,22.0,PRD-Tire Builders,0.0
Female,23.0,PRD-Tire Builders,0.0
Female,24.0,PRD-Tire Builders,0.0
Female,25.0,PRD-Tire Builders,0.0
Female,26.0,PRD-Tire Builders,0.0
Female,27.0,PRD-Tire Builders,0.0
Female,28.0,PRD-Tire Builders,0.0
Female,29.0,PRD-Tire Builders,0.0
Female,30.0,PRD-Tire Builders,0.0
Male,18.0,PRD-Helpers--Production Workers,0.0
Male,19.0,PRD-Helpers--Production Workers,0.0
Male,20.0,PRD-Helpers--Production Workers,0.0
Male,21.0,PRD-Helpers--Production Workers,0.0
Male,22.0,PRD-Helpers--Production Workers,0.0
Male,23.0,PRD-Helpers--Production Workers,188.0
Male,24.0,PRD-Helpers--Production Workers,0.0
Male,25.0,PRD-Helpers--Production Workers,0.0
Male,26.0,PRD-Helpers--Production Workers,0.0
Male,27.0,PRD-Helpers--Production Workers,0.0
Male,28.0,PRD-Helpers--Production Workers,128.0
Male,29.0,PRD-Helpers--Production Workers,0.0
Male,30.0,PRD-Helpers--Production Workers,0.0
Female,18.0,PRD-Helpers--Production Workers,0.0
Female,19.0,PRD-Helpers--Production Workers,0.0
Female,20.0,PRD-Helpers--Production Workers,0.0
Female,21.0,PRD-Helpers--Production Workers,0.0
Female,22.0,PRD-Helpers--Production Workers,0.0
Female,23.0,PRD-Helpers--Production Workers,0.0
Female,24.0,PRD-Helpers--Production Workers,0.0
Female,25.0,PRD-Helpers--Production Workers,0.0
Female,26.0,PRD-Helpers--Production Workers,0.0
Female,27.0,PRD-Helpers--Production Workers,0.0
Female,28.0,PRD-Helpers--Production Workers,0.0
Female,29.0,PRD-Helpers--Production Workers,0.0
Female,30.0,PRD-Helpers--Production Workers,0.0
Male,18.0,"PRD-Miscellaneous Production Workers, Including Equipment Operators And Tenders",185.0
Male,19.0,"PRD-Miscellaneous Production Workers, Including Equipment Operators And Tenders",0.0
Male,20.0,"PRD-Miscellaneous Production Workers, Including Equipment Operators And Tenders",387.0
Male,21.0,"PRD-Miscellaneous Production Workers, Including Equipment Operators And Tenders",40.0
Male,22.0,"PRD-Miscellaneous Production Workers, Including Equipment Operators And Tenders",227.0
Male,23.0,"PRD-Miscellaneous Production Workers, Including Equipment Operators And Tenders",0.0
Male,24.0,"PRD-Miscellaneous Production Workers, Including Equipment Operators And Tenders",281.0
Male,25.0,"PRD-Miscellaneous Production Workers, Including Equipment Operators And Tenders",309.0
Male,26.0,"PRD-Miscellaneous Production Workers, Including Equipment Operators And Tenders",766.0
Male,27.0,"PRD-Miscellaneous Production Workers, Including Equipment Operators And Tenders",378.0
Male,28.0,"PRD-Miscellaneous Production Workers, Including Equipment Operators And Tenders",275.0
Male,29.0,"PRD-Miscellaneous Production Workers, Including Equipment Operators And Tenders",98.0
Male,30.0,"PRD-Miscellaneous Production Workers, Including Equipment Operators And Tenders",165.0
Female,18.0,"PRD-Miscellaneous Production Workers, Including Equipment Operators And Tenders",0.0
Female,19.0,"PRD-Miscellaneous Production Workers, Including Equipment Operators And Tenders",0.0
Female,20.0,"PRD-Miscellaneous Production Workers, Including Equipment Operators And Tenders",67.0
Female,21.0,"PRD-Miscellaneous Production Workers, Including Equipment Operators And Tenders",0.0
Female,22.0,"PRD-Miscellaneous Production Workers, Including Equipment Operators And Tenders",50.0
Female,23.0,"PRD-Miscellaneous Production Workers, Including Equipment Operators And Tenders",0.0
Female,24.0,"PRD-Miscellaneous Production Workers, Including Equipment Operators And Tenders",339.0
Female,25.0,"PRD-Miscellaneous Production Workers, Including Equipment Operators And Tenders",179.0
Female,26.0,"PRD-Miscellaneous Production Workers, Including Equipment Operators And Tenders",0.0
Female,27.0,"PRD-Miscellaneous Production Workers, Including Equipment Operators And Tenders",0.0
Female,28.0,"PRD-Miscellaneous Production Workers, Including Equipment Operators And Tenders",122.0
Female,29.0,"PRD-Miscellaneous Production Workers, Including Equipment Operators And Tenders",0.0
Female,30.0,"PRD-Miscellaneous Production Workers, Including Equipment Operators And Tenders",511.0
Male,18.0,TRN-Supervisors Of Transportation And Material Moving Workers,48.0
Male,19.0,TRN-Supervisors Of Transportation And Material Moving Workers,0.0
Male,20.0,TRN-Supervisors Of Transportation And Material Moving Workers,0.0
Male,21.0,TRN-Supervisors Of Transportation And Material Moving Workers,0.0
Male,22.0,TRN-Supervisors Of Transportation And Material Moving Workers,0.0
Male,23.0,TRN-Supervisors Of Transportation And Material Moving Workers,0.0
Male,24.0,TRN-Supervisors Of Transportation And Material Moving Workers,0.0
Male,25.0,TRN-Supervisors Of Transportation And Material Moving Workers,0.0
Male,26.0,TRN-Supervisors Of Transportation And Material Moving Workers,0.0
Male,27.0,TRN-Supervisors Of Transportation And Material Moving Workers,0.0
Male,28.0,TRN-Supervisors Of Transportation And Material Moving Workers,0.0
Male,29.0,TRN-Supervisors Of Transportation And Material Moving Workers,61.0
Male,30.0,TRN-Supervisors Of Transportation And Material Moving Workers,0.0
Female,18.0,TRN-Supervisors Of Transportation And Material Moving Workers,0.0
Female,19.0,TRN-Supervisors Of Transportation And Material Moving Workers,0.0
Female,20.0,TRN-Supervisors Of Transportation And Material Moving Workers,0.0
Female,21.0,TRN-Supervisors Of Transportation And Material Moving Workers,0.0
Female,22.0,TRN-Supervisors Of Transportation And Material Moving Workers,0.0
Female,23.0,TRN-Supervisors Of Transportation And Material Moving Workers,0.0
Female,24.0,TRN-Supervisors Of Transportation And Material Moving Workers,0.0
Female,25.0,TRN-Supervisors Of Transportation And Material Moving Workers,0.0
Female,26.0,TRN-Supervisors Of Transportation And Material Moving Workers,0.0
Female,27.0,TRN-Supervisors Of Transportation And Material Moving Workers,0.0
Female,28.0,TRN-Supervisors Of Transportation And Material Moving Workers,59.0
Female,29.0,TRN-Supervisors Of Transportation And Material Moving Workers,0.0
Female,30.0,TRN-Supervisors Of Transportation And Material Moving Workers,0.0
Male,18.0,TRN-Aircraft Pilots And Flight Engineers,0.0
Male,19.0,TRN-Aircraft Pilots And Flight Engineers,0.0
Male,20.0,TRN-Aircraft Pilots And Flight Engineers,0.0
Male,21.0,TRN-Aircraft Pilots And Flight Engineers,0.0
Male,22.0,TRN-Aircraft Pilots And Flight Engineers,0.0
Male,23.0,TRN-Aircraft Pilots And Flight Engineers,131.0
Male,24.0,TRN-Aircraft Pilots And Flight Engineers,0.0
Male,25.0,TRN-Aircraft Pilots And Flight Engineers,116.0
Male,26.0,TRN-Aircraft Pilots And Flight Engineers,0.0
Male,27.0,TRN-Aircraft Pilots And Flight Engineers,0.0
Male,28.0,TRN-Aircraft Pilots And Flight Engineers,0.0
Male,29.0,TRN-Aircraft Pilots And Flight Engineers,0.0
Male,30.0,TRN-Aircraft Pilots And Flight Engineers,0.0
Female,18.0,TRN-Aircraft Pilots And Flight Engineers,0.0
Female,19.0,TRN-Aircraft Pilots And Flight Engineers,0.0
Female,20.0,TRN-Aircraft Pilots And Flight Engineers,0.0
Female,21.0,TRN-Aircraft Pilots And Flight Engineers,0.0
Female,22.0,TRN-Aircraft Pilots And Flight Engineers,0.0
Female,23.0,TRN-Aircraft Pilots And Flight Engineers,0.0
Female,24.0,TRN-Aircraft Pilots And Flight Engineers,0.0
Female,25.0,TRN-Aircraft Pilots And Flight Engineers,0.0
Female,26.0,TRN-Aircraft Pilots And Flight Engineers,0.0
Female,27.0,TRN-Aircraft Pilots And Flight Engineers,0.0
Female,28.0,TRN-Aircraft Pilots And Flight Engineers,0.0
Female,29.0,TRN-Aircraft Pilots And Flight Engineers,0.0
Female,30.0,TRN-Aircraft Pilots And Flight Engineers,0.0
Male,18.0,TRN-Air Traffic Controllers And Airfield Operations Specialists,0.0
Male,19.0,TRN-Air Traffic Controllers And Airfield Operations Specialists,0.0
Male,20.0,TRN-Air Traffic Controllers And Airfield Operations Specialists,0.0
Male,21.0,TRN-Air Traffic Controllers And Airfield Operations Specialists,0.0
Male,22.0,TRN-Air Traffic Controllers And Airfield Operations Specialists,0.0
Male,23.0,TRN-Air Traffic Controllers And Airfield Operations Specialists,0.0
Male,24.0,TRN-Air Traffic Controllers And Airfield Operations Specialists,0.0
Male,25.0,TRN-Air Traffic Controllers And Airfield Operations Specialists,0.0
Male,26.0,TRN-Air Traffic Controllers And Airfield Operations Specialists,0.0
Male,27.0,TRN-Air Traffic Controllers And Airfield Operations Specialists,0.0
Male,28.0,TRN-Air Traffic Controllers And Airfield Operations Specialists,0.0
Male,29.0,TRN-Air Traffic Controllers And Airfield Operations Specialists,0.0
Male,30.0,TRN-Air Traffic Controllers And Airfield Operations Specialists,0.0
Female,18.0,TRN-Air Traffic Controllers And Airfield Operations Specialists,0.0
Female,19.0,TRN-Air Traffic Controllers And Airfield Operations Specialists,0.0
Female,20.0,TRN-Air Traffic Controllers And Airfield Operations Specialists,0.0
Female,21.0,TRN-Air Traffic Controllers And Airfield Operations Specialists,0.0
Female,22.0,TRN-Air Traffic Controllers And Airfield Operations Specialists,0.0
Female,23.0,TRN-Air Traffic Controllers And Airfield Operations Specialists,0.0
Female,24.0,TRN-Air Traffic Controllers And Airfield Operations Specialists,0.0
Female,25.0,TRN-Air Traffic Controllers And Airfield Operations Specialists,0.0
Female,26.0,TRN-Air Traffic Controllers And Airfield Operations Specialists,0.0
Female,27.0,TRN-Air Traffic Controllers And Airfield Operations Specialists,0.0
Female,28.0,TRN-Air Traffic Controllers And Airfield Operations Specialists,0.0
Female,29.0,TRN-Air Traffic Controllers And Airfield Operations Specialists,0.0
Female,30.0,TRN-Air Traffic Controllers And Airfield Operations Specialists,0.0
Male,18.0,TRN-Flight Attendants,0.0
Male,19.0,TRN-Flight Attendants,0.0
Male,20.0,TRN-Flight Attendants,0.0
Male,21.0,TRN-Flight Attendants,0.0
Male,22.0,TRN-Flight Attendants,0.0
Male,23.0,TRN-Flight Attendants,0.0
Male,24.0,TRN-Flight Attendants,0.0
Male,25.0,TRN-Flight Attendants,0.0
Male,26.0,TRN-Flight Attendants,0.0
Male,27.0,TRN-Flight Attendants,0.0
Male,28.0,TRN-Flight Attendants,0.0
Male,29.0,TRN-Flight Attendants,0.0
Male,30.0,TRN-Flight Attendants,0.0
Female,18.0,TRN-Flight Attendants,0.0
Female,19.0,TRN-Flight Attendants,0.0
Female,20.0,TRN-Flight Attendants,0.0
Female,21.0,TRN-Flight Attendants,0.0
Female,22.0,TRN-Flight Attendants,0.0
Female,23.0,TRN-Flight Attendants,0.0
Female,24.0,TRN-Flight Attendants,0.0
Female,25.0,TRN-Flight Attendants,0.0
Female,26.0,TRN-Flight Attendants,0.0
Female,27.0,TRN-Flight Attendants,0.0
Female,28.0,TRN-Flight Attendants,0.0
Female,29.0,TRN-Flight Attendants,0.0
Female,30.0,TRN-Flight Attendants,0.0
Male,18.0,"TRN-Ambulance Drivers And Attendants, Except Emergency Medical Technicians",0.0
Male,19.0,"TRN-Ambulance Drivers And Attendants, Except Emergency Medical Technicians",0.0
Male,20.0,"TRN-Ambulance Drivers And Attendants, Except Emergency Medical Technicians",0.0
Male,21.0,"TRN-Ambulance Drivers And Attendants, Except Emergency Medical Technicians",0.0
Male,22.0,"TRN-Ambulance Drivers And Attendants, Except Emergency Medical Technicians",125.0
Male,23.0,"TRN-Ambulance Drivers And Attendants, Except Emergency Medical Technicians",0.0
Male,24.0,"TRN-Ambulance Drivers And Attendants, Except Emergency Medical Technicians",0.0
Male,25.0,"TRN-Ambulance Drivers And Attendants, Except Emergency Medical Technicians",0.0
Male,26.0,"TRN-Ambulance Drivers And Attendants, Except Emergency Medical Technicians",0.0
Male,27.0,"TRN-Ambulance Drivers And Attendants, Except Emergency Medical Technicians",0.0
Male,28.0,"TRN-Ambulance Drivers And Attendants, Except Emergency Medical Technicians",0.0
Male,29.0,"TRN-Ambulance Drivers And Attendants, Except Emergency Medical Technicians",0.0
Male,30.0,"TRN-Ambulance Drivers And Attendants, Except Emergency Medical Technicians",0.0
Female,18.0,"TRN-Ambulance Drivers And Attendants, Except Emergency Medical Technicians",0.0
Female,19.0,"TRN-Ambulance Drivers And Attendants, Except Emergency Medical Technicians",0.0
Female,20.0,"TRN-Ambulance Drivers And Attendants, Except Emergency Medical Technicians",0.0
Female,21.0,"TRN-Ambulance Drivers And Attendants, Except Emergency Medical Technicians",0.0
Female,22.0,"TRN-Ambulance Drivers And Attendants, Except Emergency Medical Technicians",0.0
Female,23.0,"TRN-Ambulance Drivers And Attendants, Except Emergency Medical Technicians",0.0
Female,24.0,"TRN-Ambulance Drivers And Attendants, Except Emergency Medical Technicians",0.0
Female,25.0,"TRN-Ambulance Drivers And Attendants, Except Emergency Medical Technicians",0.0
Female,26.0,"TRN-Ambulance Drivers And Attendants, Except Emergency Medical Technicians",0.0
Female,27.0,"TRN-Ambulance Drivers And Attendants, Except Emergency Medical Technicians",0.0
Female,28.0,"TRN-Ambulance Drivers And Attendants, Except Emergency Medical Technicians",0.0
Female,29.0,"TRN-Ambulance Drivers And Attendants, Except Emergency Medical Technicians",0.0
Female,30.0,"TRN-Ambulance Drivers And Attendants, Except Emergency Medical Technicians",0.0
Male,18.0,"TRN-Bus Drivers, School",0.0
Male,19.0,"TRN-Bus Drivers, School",0.0
Male,20.0,"TRN-Bus Drivers, School",0.0
Male,21.0,"TRN-Bus Drivers, School",0.0
Male,22.0,"TRN-Bus Drivers, School",0.0
Male,23.0,"TRN-Bus Drivers, School",0.0
Male,24.0,"TRN-Bus Drivers, School",0.0
Male,25.0,"TRN-Bus Drivers, School",0.0
Male,26.0,"TRN-Bus Drivers, School",0.0
Male,27.0,"TRN-Bus Drivers, School",0.0
Male,28.0,"TRN-Bus Drivers, School",0.0
Male,29.0,"TRN-Bus Drivers, School",0.0
Male,30.0,"TRN-Bus Drivers, School",0.0
Female,18.0,"TRN-Bus Drivers, School",0.0
Female,19.0,"TRN-Bus Drivers, School",0.0
Female,20.0,"TRN-Bus Drivers, School",0.0
Female,21.0,"TRN-Bus Drivers, School",0.0
Female,22.0,"TRN-Bus Drivers, School",0.0
Female,23.0,"TRN-Bus Drivers, School",0.0
Female,24.0,"TRN-Bus Drivers, School",0.0
Female,25.0,"TRN-Bus Drivers, School",0.0
Female,26.0,"TRN-Bus Drivers, School",79.0
Female,27.0,"TRN-Bus Drivers, School",0.0
Female,28.0,"TRN-Bus Drivers, School",0.0
Female,29.0,"TRN-Bus Drivers, School",0.0
Female,30.0,"TRN-Bus Drivers, School",0.0
Male,18.0,"TRN-Bus Drivers, Transit And Intercity",0.0
Male,19.0,"TRN-Bus Drivers, Transit And Intercity",0.0
Male,20.0,"TRN-Bus Drivers, Transit And Intercity",0.0
Male,21.0,"TRN-Bus Drivers, Transit And Intercity",0.0
Male,22.0,"TRN-Bus Drivers, Transit And Intercity",0.0
Male,23.0,"TRN-Bus Drivers, Transit And Intercity",0.0
Male,24.0,"TRN-Bus Drivers, Transit And Intercity",0.0
Male,25.0,"TRN-Bus Drivers, Transit And Intercity",0.0
Male,26.0,"TRN-Bus Drivers, Transit And Intercity",0.0
Male,27.0,"TRN-Bus Drivers, Transit And Intercity",0.0
Male,28.0,"TRN-Bus Drivers, Transit And Intercity",0.0
Male,29.0,"TRN-Bus Drivers, Transit And Intercity",0.0
Male,30.0,"TRN-Bus Drivers, Transit And Intercity",0.0
Female,18.0,"TRN-Bus Drivers, Transit And Intercity",0.0
Female,19.0,"TRN-Bus Drivers, Transit And Intercity",0.0
Female,20.0,"TRN-Bus Drivers, Transit And Intercity",0.0
Female,21.0,"TRN-Bus Drivers, Transit And Intercity",0.0
Female,22.0,"TRN-Bus Drivers, Transit And Intercity",0.0
Female,23.0,"TRN-Bus Drivers, Transit And Intercity",0.0
Female,24.0,"TRN-Bus Drivers, Transit And Intercity",0.0
Female,25.0,"TRN-Bus Drivers, Transit And Intercity",0.0
Female,26.0,"TRN-Bus Drivers, Transit And Intercity",0.0
Female,27.0,"TRN-Bus Drivers, Transit And Intercity",0.0
Female,28.0,"TRN-Bus Drivers, Transit And Intercity",0.0
Female,29.0,"TRN-Bus Drivers, Transit And Intercity",0.0
Female,30.0,"TRN-Bus Drivers, Transit And Intercity",0.0
Male,18.0,TRN-Driver/Sales Workers And Truck Drivers,178.0
Male,19.0,TRN-Driver/Sales Workers And Truck Drivers,267.0
Male,20.0,TRN-Driver/Sales Workers And Truck Drivers,629.0
Male,21.0,TRN-Driver/Sales Workers And Truck Drivers,422.0
Male,22.0,TRN-Driver/Sales Workers And Truck Drivers,1083.0
Male,23.0,TRN-Driver/Sales Workers And Truck Drivers,578.0
Male,24.0,TRN-Driver/Sales Workers And Truck Drivers,380.0
Male,25.0,TRN-Driver/Sales Workers And Truck Drivers,787.0
Male,26.0,TRN-Driver/Sales Workers And Truck Drivers,143.0
Male,27.0,TRN-Driver/Sales Workers And Truck Drivers,1028.0
Male,28.0,TRN-Driver/Sales Workers And Truck Drivers,121.0
Male,29.0,TRN-Driver/Sales Workers And Truck Drivers,1092.0
Male,30.0,TRN-Driver/Sales Workers And Truck Drivers,1581.0
Female,18.0,TRN-Driver/Sales Workers And Truck Drivers,0.0
Female,19.0,TRN-Driver/Sales Workers And Truck Drivers,0.0
Female,20.0,TRN-Driver/Sales Workers And Truck Drivers,213.0
Female,21.0,TRN-Driver/Sales Workers And Truck Drivers,321.0
Female,22.0,TRN-Driver/Sales Workers And Truck Drivers,275.0
Female,23.0,TRN-Driver/Sales Workers And Truck Drivers,0.0
Female,24.0,TRN-Driver/Sales Workers And Truck Drivers,0.0
Female,25.0,TRN-Driver/Sales Workers And Truck Drivers,0.0
Female,26.0,TRN-Driver/Sales Workers And Truck Drivers,0.0
Female,27.0,TRN-Driver/Sales Workers And Truck Drivers,0.0
Female,28.0,TRN-Driver/Sales Workers And Truck Drivers,0.0
Female,29.0,TRN-Driver/Sales Workers And Truck Drivers,102.0
Female,30.0,TRN-Driver/Sales Workers And Truck Drivers,470.0
Male,18.0,TRN-Shuttle Drivers And Chauffeurs,0.0
Male,19.0,TRN-Shuttle Drivers And Chauffeurs,0.0
Male,20.0,TRN-Shuttle Drivers And Chauffeurs,0.0
Male,21.0,TRN-Shuttle Drivers And Chauffeurs,0.0
Male,22.0,TRN-Shuttle Drivers And Chauffeurs,0.0
Male,23.0,TRN-Shuttle Drivers And Chauffeurs,0.0
Male,24.0,TRN-Shuttle Drivers And Chauffeurs,0.0
Male,25.0,TRN-Shuttle Drivers And Chauffeurs,0.0
Male,26.0,TRN-Shuttle Drivers And Chauffeurs,0.0
Male,27.0,TRN-Shuttle Drivers And Chauffeurs,0.0
Male,28.0,TRN-Shuttle Drivers And Chauffeurs,0.0
Male,29.0,TRN-Shuttle Drivers And Chauffeurs,0.0
Male,30.0,TRN-Shuttle Drivers And Chauffeurs,0.0
Female,18.0,TRN-Shuttle Drivers And Chauffeurs,0.0
Female,19.0,TRN-Shuttle Drivers And Chauffeurs,0.0
Female,20.0,TRN-Shuttle Drivers And Chauffeurs,0.0
Female,21.0,TRN-Shuttle Drivers And Chauffeurs,0.0
Female,22.0,TRN-Shuttle Drivers And Chauffeurs,0.0
Female,23.0,TRN-Shuttle Drivers And Chauffeurs,0.0
Female,24.0,TRN-Shuttle Drivers And Chauffeurs,0.0
Female,25.0,TRN-Shuttle Drivers And Chauffeurs,0.0
Female,26.0,TRN-Shuttle Drivers And Chauffeurs,0.0
Female,27.0,TRN-Shuttle Drivers And Chauffeurs,0.0
Female,28.0,TRN-Shuttle Drivers And Chauffeurs,0.0
Female,29.0,TRN-Shuttle Drivers And Chauffeurs,0.0
Female,30.0,TRN-Shuttle Drivers And Chauffeurs,0.0
Male,18.0,TRN-Taxi Drivers,0.0
Male,19.0,TRN-Taxi Drivers,65.0
Male,20.0,TRN-Taxi Drivers,0.0
Male,21.0,TRN-Taxi Drivers,0.0
Male,22.0,TRN-Taxi Drivers,0.0
Male,23.0,TRN-Taxi Drivers,0.0
Male,24.0,TRN-Taxi Drivers,0.0
Male,25.0,TRN-Taxi Drivers,226.0
Male,26.0,TRN-Taxi Drivers,0.0
Male,27.0,TRN-Taxi Drivers,90.0
Male,28.0,TRN-Taxi Drivers,261.0
Male,29.0,TRN-Taxi Drivers,55.0
Male,30.0,TRN-Taxi Drivers,202.0
Female,18.0,TRN-Taxi Drivers,0.0
Female,19.0,TRN-Taxi Drivers,0.0
Female,20.0,TRN-Taxi Drivers,0.0
Female,21.0,TRN-Taxi Drivers,0.0
Female,22.0,TRN-Taxi Drivers,0.0
Female,23.0,TRN-Taxi Drivers,0.0
Female,24.0,TRN-Taxi Drivers,0.0
Female,25.0,TRN-Taxi Drivers,0.0
Female,26.0,TRN-Taxi Drivers,0.0
Female,27.0,TRN-Taxi Drivers,0.0
Female,28.0,TRN-Taxi Drivers,0.0
Female,29.0,TRN-Taxi Drivers,0.0
Female,30.0,TRN-Taxi Drivers,0.0
Male,18.0,"TRN-Motor Vehicle Operators, All Other",0.0
Male,19.0,"TRN-Motor Vehicle Operators, All Other",0.0
Male,20.0,"TRN-Motor Vehicle Operators, All Other",0.0
Male,21.0,"TRN-Motor Vehicle Operators, All Other",0.0
Male,22.0,"TRN-Motor Vehicle Operators, All Other",0.0
Male,23.0,"TRN-Motor Vehicle Operators, All Other",0.0
Male,24.0,"TRN-Motor Vehicle Operators, All Other",0.0
Male,25.0,"TRN-Motor Vehicle Operators, All Other",0.0
Male,26.0,"TRN-Motor Vehicle Operators, All Other",0.0
Male,27.0,"TRN-Motor Vehicle Operators, All Other",0.0
Male,28.0,"TRN-Motor Vehicle Operators, All Other",0.0
Male,29.0,"TRN-Motor Vehicle Operators, All Other",0.0
Male,30.0,"TRN-Motor Vehicle Operators, All Other",0.0
Female,18.0,"TRN-Motor Vehicle Operators, All Other",0.0
Female,19.0,"TRN-Motor Vehicle Operators, All Other",0.0
Female,20.0,"TRN-Motor Vehicle Operators, All Other",0.0
Female,21.0,"TRN-Motor Vehicle Operators, All Other",0.0
Female,22.0,"TRN-Motor Vehicle Operators, All Other",0.0
Female,23.0,"TRN-Motor Vehicle Operators, All Other",78.0
Female,24.0,"TRN-Motor Vehicle Operators, All Other",0.0
Female,25.0,"TRN-Motor Vehicle Operators, All Other",0.0
Female,26.0,"TRN-Motor Vehicle Operators, All Other",0.0
Female,27.0,"TRN-Motor Vehicle Operators, All Other",457.0
Female,28.0,"TRN-Motor Vehicle Operators, All Other",0.0
Female,29.0,"TRN-Motor Vehicle Operators, All Other",0.0
Female,30.0,"TRN-Motor Vehicle Operators, All Other",0.0
Male,18.0,TRN-Locomotive Engineers And Operators,0.0
Male,19.0,TRN-Locomotive Engineers And Operators,0.0
Male,20.0,TRN-Locomotive Engineers And Operators,0.0
Male,21.0,TRN-Locomotive Engineers And Operators,0.0
Male,22.0,TRN-Locomotive Engineers And Operators,0.0
Male,23.0,TRN-Locomotive Engineers And Operators,0.0
Male,24.0,TRN-Locomotive Engineers And Operators,0.0
Male,25.0,TRN-Locomotive Engineers And Operators,0.0
Male,26.0,TRN-Locomotive Engineers And Operators,0.0
Male,27.0,TRN-Locomotive Engineers And Operators,0.0
Male,28.0,TRN-Locomotive Engineers And Operators,0.0
Male,29.0,TRN-Locomotive Engineers And Operators,0.0
Male,30.0,TRN-Locomotive Engineers And Operators,0.0
Female,18.0,TRN-Locomotive Engineers And Operators,0.0
Female,19.0,TRN-Locomotive Engineers And Operators,0.0
Female,20.0,TRN-Locomotive Engineers And Operators,0.0
Female,21.0,TRN-Locomotive Engineers And Operators,0.0
Female,22.0,TRN-Locomotive Engineers And Operators,0.0
Female,23.0,TRN-Locomotive Engineers And Operators,0.0
Female,24.0,TRN-Locomotive Engineers And Operators,0.0
Female,25.0,TRN-Locomotive Engineers And Operators,0.0
Female,26.0,TRN-Locomotive Engineers And Operators,0.0
Female,27.0,TRN-Locomotive Engineers And Operators,0.0
Female,28.0,TRN-Locomotive Engineers And Operators,0.0
Female,29.0,TRN-Locomotive Engineers And Operators,0.0
Female,30.0,TRN-Locomotive Engineers And Operators,0.0
Male,18.0,TRN-Railroad Conductors And Yardmasters,0.0
Male,19.0,TRN-Railroad Conductors And Yardmasters,0.0
Male,20.0,TRN-Railroad Conductors And Yardmasters,0.0
Male,21.0,TRN-Railroad Conductors And Yardmasters,0.0
Male,22.0,TRN-Railroad Conductors And Yardmasters,0.0
Male,23.0,TRN-Railroad Conductors And Yardmasters,0.0
Male,24.0,TRN-Railroad Conductors And Yardmasters,0.0
Male,25.0,TRN-Railroad Conductors And Yardmasters,0.0
Male,26.0,TRN-Railroad Conductors And Yardmasters,0.0
Male,27.0,TRN-Railroad Conductors And Yardmasters,0.0
Male,28.0,TRN-Railroad Conductors And Yardmasters,0.0
Male,29.0,TRN-Railroad Conductors And Yardmasters,0.0
Male,30.0,TRN-Railroad Conductors And Yardmasters,0.0
Female,18.0,TRN-Railroad Conductors And Yardmasters,0.0
Female,19.0,TRN-Railroad Conductors And Yardmasters,0.0
Female,20.0,TRN-Railroad Conductors And Yardmasters,0.0
Female,21.0,TRN-Railroad Conductors And Yardmasters,0.0
Female,22.0,TRN-Railroad Conductors And Yardmasters,0.0
Female,23.0,TRN-Railroad Conductors And Yardmasters,0.0
Female,24.0,TRN-Railroad Conductors And Yardmasters,0.0
Female,25.0,TRN-Railroad Conductors And Yardmasters,0.0
Female,26.0,TRN-Railroad Conductors And Yardmasters,0.0
Female,27.0,TRN-Railroad Conductors And Yardmasters,0.0
Female,28.0,TRN-Railroad Conductors And Yardmasters,0.0
Female,29.0,TRN-Railroad Conductors And Yardmasters,0.0
Female,30.0,TRN-Railroad Conductors And Yardmasters,0.0
Male,18.0,TRN-Other Rail Transportation Workers,0.0
Male,19.0,TRN-Other Rail Transportation Workers,0.0
Male,20.0,TRN-Other Rail Transportation Workers,0.0
Male,21.0,TRN-Other Rail Transportation Workers,0.0
Male,22.0,TRN-Other Rail Transportation Workers,0.0
Male,23.0,TRN-Other Rail Transportation Workers,0.0
Male,24.0,TRN-Other Rail Transportation Workers,0.0
Male,25.0,TRN-Other Rail Transportation Workers,0.0
Male,26.0,TRN-Other Rail Transportation Workers,0.0
Male,27.0,TRN-Other Rail Transportation Workers,0.0
Male,28.0,TRN-Other Rail Transportation Workers,0.0
Male,29.0,TRN-Other Rail Transportation Workers,0.0
Male,30.0,TRN-Other Rail Transportation Workers,0.0
Female,18.0,TRN-Other Rail Transportation Workers,0.0
Female,19.0,TRN-Other Rail Transportation Workers,0.0
Female,20.0,TRN-Other Rail Transportation Workers,0.0
Female,21.0,TRN-Other Rail Transportation Workers,0.0
Female,22.0,TRN-Other Rail Transportation Workers,0.0
Female,23.0,TRN-Other Rail Transportation Workers,0.0
Female,24.0,TRN-Other Rail Transportation Workers,0.0
Female,25.0,TRN-Other Rail Transportation Workers,0.0
Female,26.0,TRN-Other Rail Transportation Workers,0.0
Female,27.0,TRN-Other Rail Transportation Workers,0.0
Female,28.0,TRN-Other Rail Transportation Workers,0.0
Female,29.0,TRN-Other Rail Transportation Workers,0.0
Female,30.0,TRN-Other Rail Transportation Workers,0.0
Male,18.0,"TRN-Sailors And Marine Oilers, And Ship Engineers",0.0
Male,19.0,"TRN-Sailors And Marine Oilers, And Ship Engineers",0.0
Male,20.0,"TRN-Sailors And Marine Oilers, And Ship Engineers",0.0
Male,21.0,"TRN-Sailors And Marine Oilers, And Ship Engineers",0.0
Male,22.0,"TRN-Sailors And Marine Oilers, And Ship Engineers",0.0
Male,23.0,"TRN-Sailors And Marine Oilers, And Ship Engineers",0.0
Male,24.0,"TRN-Sailors And Marine Oilers, And Ship Engineers",0.0
Male,25.0,"TRN-Sailors And Marine Oilers, And Ship Engineers",60.0
Male,26.0,"TRN-Sailors And Marine Oilers, And Ship Engineers",0.0
Male,27.0,"TRN-Sailors And Marine Oilers, And Ship Engineers",33.0
Male,28.0,"TRN-Sailors And Marine Oilers, And Ship Engineers",44.0
Male,29.0,"TRN-Sailors And Marine Oilers, And Ship Engineers",0.0
Male,30.0,"TRN-Sailors And Marine Oilers, And Ship Engineers",0.0
Female,18.0,"TRN-Sailors And Marine Oilers, And Ship Engineers",0.0
Female,19.0,"TRN-Sailors And Marine Oilers, And Ship Engineers",0.0
Female,20.0,"TRN-Sailors And Marine Oilers, And Ship Engineers",0.0
Female,21.0,"TRN-Sailors And Marine Oilers, And Ship Engineers",0.0
Female,22.0,"TRN-Sailors And Marine Oilers, And Ship Engineers",0.0
Female,23.0,"TRN-Sailors And Marine Oilers, And Ship Engineers",0.0
Female,24.0,"TRN-Sailors And Marine Oilers, And Ship Engineers",0.0
Female,25.0,"TRN-Sailors And Marine Oilers, And Ship Engineers",0.0
Female,26.0,"TRN-Sailors And Marine Oilers, And Ship Engineers",0.0
Female,27.0,"TRN-Sailors And Marine Oilers, And Ship Engineers",0.0
Female,28.0,"TRN-Sailors And Marine Oilers, And Ship Engineers",0.0
Female,29.0,"TRN-Sailors And Marine Oilers, And Ship Engineers",0.0
Female,30.0,"TRN-Sailors And Marine Oilers, And Ship Engineers",0.0
Male,18.0,TRN-Ship And Boat Captains And Operators,0.0
Male,19.0,TRN-Ship And Boat Captains And Operators,0.0
Male,20.0,TRN-Ship And Boat Captains And Operators,0.0
Male,21.0,TRN-Ship And Boat Captains And Operators,0.0
Male,22.0,TRN-Ship And Boat Captains And Operators,0.0
Male,23.0,TRN-Ship And Boat Captains And Operators,0.0
Male,24.0,TRN-Ship And Boat Captains And Operators,0.0
Male,25.0,TRN-Ship And Boat Captains And Operators,0.0
Male,26.0,TRN-Ship And Boat Captains And Operators,0.0
Male,27.0,TRN-Ship And Boat Captains And Operators,0.0
Male,28.0,TRN-Ship And Boat Captains And Operators,0.0
Male,29.0,TRN-Ship And Boat Captains And Operators,0.0
Male,30.0,TRN-Ship And Boat Captains And Operators,0.0
Female,18.0,TRN-Ship And Boat Captains And Operators,0.0
Female,19.0,TRN-Ship And Boat Captains And Operators,0.0
Female,20.0,TRN-Ship And Boat Captains And Operators,0.0
Female,21.0,TRN-Ship And Boat Captains And Operators,0.0
Female,22.0,TRN-Ship And Boat Captains And Operators,0.0
Female,23.0,TRN-Ship And Boat Captains And Operators,0.0
Female,24.0,TRN-Ship And Boat Captains And Operators,0.0
Female,25.0,TRN-Ship And Boat Captains And Operators,0.0
Female,26.0,TRN-Ship And Boat Captains And Operators,0.0
Female,27.0,TRN-Ship And Boat Captains And Operators,0.0
Female,28.0,TRN-Ship And Boat Captains And Operators,0.0
Female,29.0,TRN-Ship And Boat Captains And Operators,0.0
Female,30.0,TRN-Ship And Boat Captains And Operators,0.0
Male,18.0,TRN-Parking Attendants,379.0
Male,19.0,TRN-Parking Attendants,0.0
Male,20.0,TRN-Parking Attendants,80.0
Male,21.0,TRN-Parking Attendants,0.0
Male,22.0,TRN-Parking Attendants,0.0
Male,23.0,TRN-Parking Attendants,118.0
Male,24.0,TRN-Parking Attendants,0.0
Male,25.0,TRN-Parking Attendants,0.0
Male,26.0,TRN-Parking Attendants,0.0
Male,27.0,TRN-Parking Attendants,0.0
Male,28.0,TRN-Parking Attendants,0.0
Male,29.0,TRN-Parking Attendants,0.0
Male,30.0,TRN-Parking Attendants,0.0
Female,18.0,TRN-Parking Attendants,0.0
Female,19.0,TRN-Parking Attendants,298.0
Female,20.0,TRN-Parking Attendants,0.0
Female,21.0,TRN-Parking Attendants,0.0
Female,22.0,TRN-Parking Attendants,0.0
Female,23.0,TRN-Parking Attendants,0.0
Female,24.0,TRN-Parking Attendants,0.0
Female,25.0,TRN-Parking Attendants,0.0
Female,26.0,TRN-Parking Attendants,0.0
Female,27.0,TRN-Parking Attendants,0.0
Female,28.0,TRN-Parking Attendants,0.0
Female,29.0,TRN-Parking Attendants,0.0
Female,30.0,TRN-Parking Attendants,0.0
Male,18.0,TRN-Transportation Service Attendants,0.0
Male,19.0,TRN-Transportation Service Attendants,93.0
Male,20.0,TRN-Transportation Service Attendants,0.0
Male,21.0,TRN-Transportation Service Attendants,0.0
Male,22.0,TRN-Transportation Service Attendants,0.0
Male,23.0,TRN-Transportation Service Attendants,0.0
Male,24.0,TRN-Transportation Service Attendants,0.0
Male,25.0,TRN-Transportation Service Attendants,0.0
Male,26.0,TRN-Transportation Service Attendants,0.0
Male,27.0,TRN-Transportation Service Attendants,0.0
Male,28.0,TRN-Transportation Service Attendants,0.0
Male,29.0,TRN-Transportation Service Attendants,0.0
Male,30.0,TRN-Transportation Service Attendants,0.0
Female,18.0,TRN-Transportation Service Attendants,0.0
Female,19.0,TRN-Transportation Service Attendants,0.0
Female,20.0,TRN-Transportation Service Attendants,0.0
Female,21.0,TRN-Transportation Service Attendants,0.0
Female,22.0,TRN-Transportation Service Attendants,0.0
Female,23.0,TRN-Transportation Service Attendants,0.0
Female,24.0,TRN-Transportation Service Attendants,0.0
Female,25.0,TRN-Transportation Service Attendants,0.0
Female,26.0,TRN-Transportation Service Attendants,0.0
Female,27.0,TRN-Transportation Service Attendants,0.0
Female,28.0,TRN-Transportation Service Attendants,0.0
Female,29.0,TRN-Transportation Service Attendants,0.0
Female,30.0,TRN-Transportation Service Attendants,0.0
Male,18.0,TRN-Transportation Inspectors,0.0
Male,19.0,TRN-Transportation Inspectors,0.0
Male,20.0,TRN-Transportation Inspectors,0.0
Male,21.0,TRN-Transportation Inspectors,0.0
Male,22.0,TRN-Transportation Inspectors,0.0
Male,23.0,TRN-Transportation Inspectors,0.0
Male,24.0,TRN-Transportation Inspectors,0.0
Male,25.0,TRN-Transportation Inspectors,0.0
Male,26.0,TRN-Transportation Inspectors,0.0
Male,27.0,TRN-Transportation Inspectors,0.0
Male,28.0,TRN-Transportation Inspectors,0.0
Male,29.0,TRN-Transportation Inspectors,0.0
Male,30.0,TRN-Transportation Inspectors,0.0
Female,18.0,TRN-Transportation Inspectors,0.0
Female,19.0,TRN-Transportation Inspectors,0.0
Female,20.0,TRN-Transportation Inspectors,0.0
Female,21.0,TRN-Transportation Inspectors,0.0
Female,22.0,TRN-Transportation Inspectors,0.0
Female,23.0,TRN-Transportation Inspectors,0.0
Female,24.0,TRN-Transportation Inspectors,0.0
Female,25.0,TRN-Transportation Inspectors,0.0
Female,26.0,TRN-Transportation Inspectors,0.0
Female,27.0,TRN-Transportation Inspectors,0.0
Female,28.0,TRN-Transportation Inspectors,0.0
Female,29.0,TRN-Transportation Inspectors,0.0
Female,30.0,TRN-Transportation Inspectors,0.0
Male,18.0,TRN-Passenger Attendants,0.0
Male,19.0,TRN-Passenger Attendants,0.0
Male,20.0,TRN-Passenger Attendants,0.0
Male,21.0,TRN-Passenger Attendants,0.0
Male,22.0,TRN-Passenger Attendants,0.0
Male,23.0,TRN-Passenger Attendants,0.0
Male,24.0,TRN-Passenger Attendants,0.0
Male,25.0,TRN-Passenger Attendants,0.0
Male,26.0,TRN-Passenger Attendants,0.0
Male,27.0,TRN-Passenger Attendants,0.0
Male,28.0,TRN-Passenger Attendants,0.0
Male,29.0,TRN-Passenger Attendants,0.0
Male,30.0,TRN-Passenger Attendants,0.0
Female,18.0,TRN-Passenger Attendants,0.0
Female,19.0,TRN-Passenger Attendants,0.0
Female,20.0,TRN-Passenger Attendants,0.0
Female,21.0,TRN-Passenger Attendants,0.0
Female,22.0,TRN-Passenger Attendants,0.0
Female,23.0,TRN-Passenger Attendants,0.0
Female,24.0,TRN-Passenger Attendants,0.0
Female,25.0,TRN-Passenger Attendants,0.0
Female,26.0,TRN-Passenger Attendants,0.0
Female,27.0,TRN-Passenger Attendants,0.0
Female,28.0,TRN-Passenger Attendants,0.0
Female,29.0,TRN-Passenger Attendants,0.0
Female,30.0,TRN-Passenger Attendants,0.0
Male,18.0,TRN-Other Transportation Workers,0.0
Male,19.0,TRN-Other Transportation Workers,0.0
Male,20.0,TRN-Other Transportation Workers,0.0
Male,21.0,TRN-Other Transportation Workers,0.0
Male,22.0,TRN-Other Transportation Workers,0.0
Male,23.0,TRN-Other Transportation Workers,0.0
Male,24.0,TRN-Other Transportation Workers,0.0
Male,25.0,TRN-Other Transportation Workers,0.0
Male,26.0,TRN-Other Transportation Workers,0.0
Male,27.0,TRN-Other Transportation Workers,0.0
Male,28.0,TRN-Other Transportation Workers,0.0
Male,29.0,TRN-Other Transportation Workers,0.0
Male,30.0,TRN-Other Transportation Workers,0.0
Female,18.0,TRN-Other Transportation Workers,0.0
Female,19.0,TRN-Other Transportation Workers,0.0
Female,20.0,TRN-Other Transportation Workers,0.0
Female,21.0,TRN-Other Transportation Workers,0.0
Female,22.0,TRN-Other Transportation Workers,0.0
Female,23.0,TRN-Other Transportation Workers,0.0
Female,24.0,TRN-Other Transportation Workers,0.0
Female,25.0,TRN-Other Transportation Workers,0.0
Female,26.0,TRN-Other Transportation Workers,0.0
Female,27.0,TRN-Other Transportation Workers,0.0
Female,28.0,TRN-Other Transportation Workers,0.0
Female,29.0,TRN-Other Transportation Workers,0.0
Female,30.0,TRN-Other Transportation Workers,0.0
Male,18.0,TRN-Crane And Tower Operators,0.0
Male,19.0,TRN-Crane And Tower Operators,0.0
Male,20.0,TRN-Crane And Tower Operators,0.0
Male,21.0,TRN-Crane And Tower Operators,0.0
Male,22.0,TRN-Crane And Tower Operators,0.0
Male,23.0,TRN-Crane And Tower Operators,0.0
Male,24.0,TRN-Crane And Tower Operators,0.0
Male,25.0,TRN-Crane And Tower Operators,0.0
Male,26.0,TRN-Crane And Tower Operators,0.0
Male,27.0,TRN-Crane And Tower Operators,0.0
Male,28.0,TRN-Crane And Tower Operators,0.0
Male,29.0,TRN-Crane And Tower Operators,0.0
Male,30.0,TRN-Crane And Tower Operators,0.0
Female,18.0,TRN-Crane And Tower Operators,0.0
Female,19.0,TRN-Crane And Tower Operators,0.0
Female,20.0,TRN-Crane And Tower Operators,0.0
Female,21.0,TRN-Crane And Tower Operators,0.0
Female,22.0,TRN-Crane And Tower Operators,0.0
Female,23.0,TRN-Crane And Tower Operators,0.0
Female,24.0,TRN-Crane And Tower Operators,0.0
Female,25.0,TRN-Crane And Tower Operators,0.0
Female,26.0,TRN-Crane And Tower Operators,0.0
Female,27.0,TRN-Crane And Tower Operators,0.0
Female,28.0,TRN-Crane And Tower Operators,0.0
Female,29.0,TRN-Crane And Tower Operators,0.0
Female,30.0,TRN-Crane And Tower Operators,0.0
Male,18.0,"TRN-Conveyor, Dredge, And Hoist and Winch Operators",0.0
Male,19.0,"TRN-Conveyor, Dredge, And Hoist and Winch Operators",0.0
Male,20.0,"TRN-Conveyor, Dredge, And Hoist and Winch Operators",0.0
Male,21.0,"TRN-Conveyor, Dredge, And Hoist and Winch Operators",0.0
Male,22.0,"TRN-Conveyor, Dredge, And Hoist and Winch Operators",0.0
Male,23.0,"TRN-Conveyor, Dredge, And Hoist and Winch Operators",0.0
Male,24.0,"TRN-Conveyor, Dredge, And Hoist and Winch Operators",0.0
Male,25.0,"TRN-Conveyor, Dredge, And Hoist and Winch Operators",0.0
Male,26.0,"TRN-Conveyor, Dredge, And Hoist and Winch Operators",0.0
Male,27.0,"TRN-Conveyor, Dredge, And Hoist and Winch Operators",0.0
Male,28.0,"TRN-Conveyor, Dredge, And Hoist and Winch Operators",0.0
Male,29.0,"TRN-Conveyor, Dredge, And Hoist and Winch Operators",0.0
Male,30.0,"TRN-Conveyor, Dredge, And Hoist and Winch Operators",0.0
Female,18.0,"TRN-Conveyor, Dredge, And Hoist and Winch Operators",0.0
Female,19.0,"TRN-Conveyor, Dredge, And Hoist and Winch Operators",0.0
Female,20.0,"TRN-Conveyor, Dredge, And Hoist and Winch Operators",0.0
Female,21.0,"TRN-Conveyor, Dredge, And Hoist and Winch Operators",0.0
Female,22.0,"TRN-Conveyor, Dredge, And Hoist and Winch Operators",0.0
Female,23.0,"TRN-Conveyor, Dredge, And Hoist and Winch Operators",0.0
Female,24.0,"TRN-Conveyor, Dredge, And Hoist and Winch Operators",0.0
Female,25.0,"TRN-Conveyor, Dredge, And Hoist and Winch Operators",0.0
Female,26.0,"TRN-Conveyor, Dredge, And Hoist and Winch Operators",0.0
Female,27.0,"TRN-Conveyor, Dredge, And Hoist and Winch Operators",0.0
Female,28.0,"TRN-Conveyor, Dredge, And Hoist and Winch Operators",0.0
Female,29.0,"TRN-Conveyor, Dredge, And Hoist and Winch Operators",0.0
Female,30.0,"TRN-Conveyor, Dredge, And Hoist and Winch Operators",0.0
Male,18.0,TRN-Industrial Truck And Tractor Operators,0.0
Male,19.0,TRN-Industrial Truck And Tractor Operators,0.0
Male,20.0,TRN-Industrial Truck And Tractor Operators,231.0
Male,21.0,TRN-Industrial Truck And Tractor Operators,0.0
Male,22.0,TRN-Industrial Truck And Tractor Operators,563.0
Male,23.0,TRN-Industrial Truck And Tractor Operators,0.0
Male,24.0,TRN-Industrial Truck And Tractor Operators,62.0
Male,25.0,TRN-Industrial Truck And Tractor Operators,0.0
Male,26.0,TRN-Industrial Truck And Tractor Operators,74.0
Male,27.0,TRN-Industrial Truck And Tractor Operators,0.0
Male,28.0,TRN-Industrial Truck And Tractor Operators,0.0
Male,29.0,TRN-Industrial Truck And Tractor Operators,0.0
Male,30.0,TRN-Industrial Truck And Tractor Operators,105.0
Female,18.0,TRN-Industrial Truck And Tractor Operators,0.0
Female,19.0,TRN-Industrial Truck And Tractor Operators,0.0
Female,20.0,TRN-Industrial Truck And Tractor Operators,0.0
Female,21.0,TRN-Industrial Truck And Tractor Operators,0.0
Female,22.0,TRN-Industrial Truck And Tractor Operators,0.0
Female,23.0,TRN-Industrial Truck And Tractor Operators,0.0
Female,24.0,TRN-Industrial Truck And Tractor Operators,0.0
Female,25.0,TRN-Industrial Truck And Tractor Operators,0.0
Female,26.0,TRN-Industrial Truck And Tractor Operators,0.0
Female,27.0,TRN-Industrial Truck And Tractor Operators,0.0
Female,28.0,TRN-Industrial Truck And Tractor Operators,0.0
Female,29.0,TRN-Industrial Truck And Tractor Operators,0.0
Female,30.0,TRN-Industrial Truck And Tractor Operators,0.0
Male,18.0,TRN-Cleaners Of Vehicles And Equipment,0.0
Male,19.0,TRN-Cleaners Of Vehicles And Equipment,78.0
Male,20.0,TRN-Cleaners Of Vehicles And Equipment,241.0
Male,21.0,TRN-Cleaners Of Vehicles And Equipment,0.0
Male,22.0,TRN-Cleaners Of Vehicles And Equipment,0.0
Male,23.0,TRN-Cleaners Of Vehicles And Equipment,270.0
Male,24.0,TRN-Cleaners Of Vehicles And Equipment,0.0
Male,25.0,TRN-Cleaners Of Vehicles And Equipment,0.0
Male,26.0,TRN-Cleaners Of Vehicles And Equipment,0.0
Male,27.0,TRN-Cleaners Of Vehicles And Equipment,89.0
Male,28.0,TRN-Cleaners Of Vehicles And Equipment,0.0
Male,29.0,TRN-Cleaners Of Vehicles And Equipment,0.0
Male,30.0,TRN-Cleaners Of Vehicles And Equipment,0.0
Female,18.0,TRN-Cleaners Of Vehicles And Equipment,0.0
Female,19.0,TRN-Cleaners Of Vehicles And Equipment,0.0
Female,20.0,TRN-Cleaners Of Vehicles And Equipment,81.0
Female,21.0,TRN-Cleaners Of Vehicles And Equipment,0.0
Female,22.0,TRN-Cleaners Of Vehicles And Equipment,0.0
Female,23.0,TRN-Cleaners Of Vehicles And Equipment,0.0
Female,24.0,TRN-Cleaners Of Vehicles And Equipment,0.0
Female,25.0,TRN-Cleaners Of Vehicles And Equipment,203.0
Female,26.0,TRN-Cleaners Of Vehicles And Equipment,0.0
Female,27.0,TRN-Cleaners Of Vehicles And Equipment,287.0
Female,28.0,TRN-Cleaners Of Vehicles And Equipment,110.0
Female,29.0,TRN-Cleaners Of Vehicles And Equipment,0.0
Female,30.0,TRN-Cleaners Of Vehicles And Equipment,0.0
Male,18.0,"TRN-Laborers And Freight, Stock, And Material Movers, Hand",1913.0
Male,19.0,"TRN-Laborers And Freight, Stock, And Material Movers, Hand",1885.0
Male,20.0,"TRN-Laborers And Freight, Stock, And Material Movers, Hand",1236.0
Male,21.0,"TRN-Laborers And Freight, Stock, And Material Movers, Hand",1844.0
Male,22.0,"TRN-Laborers And Freight, Stock, And Material Movers, Hand",712.0
Male,23.0,"TRN-Laborers And Freight, Stock, And Material Movers, Hand",974.0
Male,24.0,"TRN-Laborers And Freight, Stock, And Material Movers, Hand",1300.0
Male,25.0,"TRN-Laborers And Freight, Stock, And Material Movers, Hand",78.0
Male,26.0,"TRN-Laborers And Freight, Stock, And Material Movers, Hand",76.0
Male,27.0,"TRN-Laborers And Freight, Stock, And Material Movers, Hand",1175.0
Male,28.0,"TRN-Laborers And Freight, Stock, And Material Movers, Hand",696.0
Male,29.0,"TRN-Laborers And Freight, Stock, And Material Movers, Hand",779.0
Male,30.0,"TRN-Laborers And Freight, Stock, And Material Movers, Hand",565.0
Female,18.0,"TRN-Laborers And Freight, Stock, And Material Movers, Hand",0.0
Female,19.0,"TRN-Laborers And Freight, Stock, And Material Movers, Hand",3.0
Female,20.0,"TRN-Laborers And Freight, Stock, And Material Movers, Hand",539.0
Female,21.0,"TRN-Laborers And Freight, Stock, And Material Movers, Hand",0.0
Female,22.0,"TRN-Laborers And Freight, Stock, And Material Movers, Hand",114.0
Female,23.0,"TRN-Laborers And Freight, Stock, And Material Movers, Hand",507.0
Female,24.0,"TRN-Laborers And Freight, Stock, And Material Movers, Hand",176.0
Female,25.0,"TRN-Laborers And Freight, Stock, And Material Movers, Hand",223.0
Female,26.0,"TRN-Laborers And Freight, Stock, And Material Movers, Hand",82.0
Female,27.0,"TRN-Laborers And Freight, Stock, And Material Movers, Hand",271.0
Female,28.0,"TRN-Laborers And Freight, Stock, And Material Movers, Hand",0.0
Female,29.0,"TRN-Laborers And Freight, Stock, And Material Movers, Hand",469.0
Female,30.0,"TRN-Laborers And Freight, Stock, And Material Movers, Hand",0.0
Male,18.0,TRN-Machine Feeders And Offbearers,0.0
Male,19.0,TRN-Machine Feeders And Offbearers,0.0
Male,20.0,TRN-Machine Feeders And Offbearers,0.0
Male,21.0,TRN-Machine Feeders And Offbearers,0.0
Male,22.0,TRN-Machine Feeders And Offbearers,0.0
Male,23.0,TRN-Machine Feeders And Offbearers,0.0
Male,24.0,TRN-Machine Feeders And Offbearers,0.0
Male,25.0,TRN-Machine Feeders And Offbearers,0.0
Male,26.0,TRN-Machine Feeders And Offbearers,0.0
Male,27.0,TRN-Machine Feeders And Offbearers,0.0
Male,28.0,TRN-Machine Feeders And Offbearers,0.0
Male,29.0,TRN-Machine Feeders And Offbearers,0.0
Male,30.0,TRN-Machine Feeders And Offbearers,0.0
Female,18.0,TRN-Machine Feeders And Offbearers,0.0
Female,19.0,TRN-Machine Feeders And Offbearers,0.0
Female,20.0,TRN-Machine Feeders And Offbearers,0.0
Female,21.0,TRN-Machine Feeders And Offbearers,155.0
Female,22.0,TRN-Machine Feeders And Offbearers,101.0
Female,23.0,TRN-Machine Feeders And Offbearers,0.0
Female,24.0,TRN-Machine Feeders And Offbearers,0.0
Female,25.0,TRN-Machine Feeders And Offbearers,0.0
Female,26.0,TRN-Machine Feeders And Offbearers,0.0
Female,27.0,TRN-Machine Feeders And Offbearers,0.0
Female,28.0,TRN-Machine Feeders And Offbearers,0.0
Female,29.0,TRN-Machine Feeders And Offbearers,0.0
Female,30.0,TRN-Machine Feeders And Offbearers,0.0
Male,18.0,"TRN-Packers And Packagers, Hand",0.0
Male,19.0,"TRN-Packers And Packagers, Hand",0.0
Male,20.0,"TRN-Packers And Packagers, Hand",332.0
Male,21.0,"TRN-Packers And Packagers, Hand",278.0
Male,22.0,"TRN-Packers And Packagers, Hand",262.0
Male,23.0,"TRN-Packers And Packagers, Hand",0.0
Male,24.0,"TRN-Packers And Packagers, Hand",87.0
Male,25.0,"TRN-Packers And Packagers, Hand",139.0
Male,26.0,"TRN-Packers And Packagers, Hand",301.0
Male,27.0,"TRN-Packers And Packagers, Hand",209.0
Male,28.0,"TRN-Packers And Packagers, Hand",95.0
Male,29.0,"TRN-Packers And Packagers, Hand",131.0
Male,30.0,"TRN-Packers And Packagers, Hand",43.0
Female,18.0,"TRN-Packers And Packagers, Hand",0.0
Female,19.0,"TRN-Packers And Packagers, Hand",128.0
Female,20.0,"TRN-Packers And Packagers, Hand",614.0
Female,21.0,"TRN-Packers And Packagers, Hand",197.0
Female,22.0,"TRN-Packers And Packagers, Hand",268.0
Female,23.0,"TRN-Packers And Packagers, Hand",0.0
Female,24.0,"TRN-Packers And Packagers, Hand",434.0
Female,25.0,"TRN-Packers And Packagers, Hand",0.0
Female,26.0,"TRN-Packers And Packagers, Hand",0.0
Female,27.0,"TRN-Packers And Packagers, Hand",133.0
Female,28.0,"TRN-Packers And Packagers, Hand",0.0
Female,29.0,"TRN-Packers And Packagers, Hand",134.0
Female,30.0,"TRN-Packers And Packagers, Hand",0.0
Male,18.0,TRN-Stockers And Order Fillers,836.0
Male,19.0,TRN-Stockers And Order Fillers,725.0
Male,20.0,TRN-Stockers And Order Fillers,1230.0
Male,21.0,TRN-Stockers And Order Fillers,1191.0
Male,22.0,TRN-Stockers And Order Fillers,1014.0
Male,23.0,TRN-Stockers And Order Fillers,372.0
Male,24.0,TRN-Stockers And Order Fillers,434.0
Male,25.0,TRN-Stockers And Order Fillers,261.0
Male,26.0,TRN-Stockers And Order Fillers,52.0
Male,27.0,TRN-Stockers And Order Fillers,252.0
Male,28.0,TRN-Stockers And Order Fillers,183.0
Male,29.0,TRN-Stockers And Order Fillers,135.0
Male,30.0,TRN-Stockers And Order Fillers,78.0
Female,18.0,TRN-Stockers And Order Fillers,117.0
Female,19.0,TRN-Stockers And Order Fillers,178.0
Female,20.0,TRN-Stockers And Order Fillers,279.0
Female,21.0,TRN-Stockers And Order Fillers,333.0
Female,22.0,TRN-Stockers And Order Fillers,278.0
Female,23.0,TRN-Stockers And Order Fillers,286.0
Female,24.0,TRN-Stockers And Order Fillers,309.0
Female,25.0,TRN-Stockers And Order Fillers,226.0
Female,26.0,TRN-Stockers And Order Fillers,0.0
Female,27.0,TRN-Stockers And Order Fillers,460.0
Female,28.0,TRN-Stockers And Order Fillers,147.0
Female,29.0,TRN-Stockers And Order Fillers,249.0
Female,30.0,TRN-Stockers And Order Fillers,0.0
Male,18.0,TRN-Pumping Station Operators,0.0
Male,19.0,TRN-Pumping Station Operators,0.0
Male,20.0,TRN-Pumping Station Operators,0.0
Male,21.0,TRN-Pumping Station Operators,0.0
Male,22.0,TRN-Pumping Station Operators,0.0
Male,23.0,TRN-Pumping Station Operators,0.0
Male,24.0,TRN-Pumping Station Operators,0.0
Male,25.0,TRN-Pumping Station Operators,0.0
Male,26.0,TRN-Pumping Station Operators,0.0
Male,27.0,TRN-Pumping Station Operators,0.0
Male,28.0,TRN-Pumping Station Operators,0.0
Male,29.0,TRN-Pumping Station Operators,0.0
Male,30.0,TRN-Pumping Station Operators,0.0
Female,18.0,TRN-Pumping Station Operators,0.0
Female,19.0,TRN-Pumping Station Operators,0.0
Female,20.0,TRN-Pumping Station Operators,0.0
Female,21.0,TRN-Pumping Station Operators,0.0
Female,22.0,TRN-Pumping Station Operators,0.0
Female,23.0,TRN-Pumping Station Operators,0.0
Female,24.0,TRN-Pumping Station Operators,0.0
Female,25.0,TRN-Pumping Station Operators,0.0
Female,26.0,TRN-Pumping Station Operators,0.0
Female,27.0,TRN-Pumping Station Operators,0.0
Female,28.0,TRN-Pumping Station Operators,0.0
Female,29.0,TRN-Pumping Station Operators,0.0
Female,30.0,TRN-Pumping Station Operators,0.0
Male,18.0,TRN-Refuse And Recyclable Material Collectors,0.0
Male,19.0,TRN-Refuse And Recyclable Material Collectors,0.0
Male,20.0,TRN-Refuse And Recyclable Material Collectors,0.0
Male,21.0,TRN-Refuse And Recyclable Material Collectors,0.0
Male,22.0,TRN-Refuse And Recyclable Material Collectors,0.0
Male,23.0,TRN-Refuse And Recyclable Material Collectors,0.0
Male,24.0,TRN-Refuse And Recyclable Material Collectors,0.0
Male,25.0,TRN-Refuse And Recyclable Material Collectors,0.0
Male,26.0,TRN-Refuse And Recyclable Material Collectors,0.0
Male,27.0,TRN-Refuse And Recyclable Material Collectors,0.0
Male,28.0,TRN-Refuse And Recyclable Material Collectors,0.0
Male,29.0,TRN-Refuse And Recyclable Material Collectors,0.0
Male,30.0,TRN-Refuse And Recyclable Material Collectors,0.0
Female,18.0,TRN-Refuse And Recyclable Material Collectors,0.0
Female,19.0,TRN-Refuse And Recyclable Material Collectors,0.0
Female,20.0,TRN-Refuse And Recyclable Material Collectors,0.0
Female,21.0,TRN-Refuse And Recyclable Material Collectors,0.0
Female,22.0,TRN-Refuse And Recyclable Material Collectors,0.0
Female,23.0,TRN-Refuse And Recyclable Material Collectors,0.0
Female,24.0,TRN-Refuse And Recyclable Material Collectors,0.0
Female,25.0,TRN-Refuse And Recyclable Material Collectors,0.0
Female,26.0,TRN-Refuse And Recyclable Material Collectors,0.0
Female,27.0,TRN-Refuse And Recyclable Material Collectors,0.0
Female,28.0,TRN-Refuse And Recyclable Material Collectors,0.0
Female,29.0,TRN-Refuse And Recyclable Material Collectors,0.0
Female,30.0,TRN-Refuse And Recyclable Material Collectors,0.0
Male,18.0,TRN-Other Material Moving Workers,0.0
Male,19.0,TRN-Other Material Moving Workers,0.0
Male,20.0,TRN-Other Material Moving Workers,0.0
Male,21.0,TRN-Other Material Moving Workers,0.0
Male,22.0,TRN-Other Material Moving Workers,0.0
Male,23.0,TRN-Other Material Moving Workers,135.0
Male,24.0,TRN-Other Material Moving Workers,0.0
Male,25.0,TRN-Other Material Moving Workers,0.0
Male,26.0,TRN-Other Material Moving Workers,0.0
Male,27.0,TRN-Other Material Moving Workers,0.0
Male,28.0,TRN-Other Material Moving Workers,0.0
Male,29.0,TRN-Other Material Moving Workers,0.0
Male,30.0,TRN-Other Material Moving Workers,0.0
Female,18.0,TRN-Other Material Moving Workers,0.0
Female,19.0,TRN-Other Material Moving Workers,0.0
Female,20.0,TRN-Other Material Moving Workers,0.0
Female,21.0,TRN-Other Material Moving Workers,0.0
Female,22.0,TRN-Other Material Moving Workers,0.0
Female,23.0,TRN-Other Material Moving Workers,0.0
Female,24.0,TRN-Other Material Moving Workers,0.0
Female,25.0,TRN-Other Material Moving Workers,0.0
Female,26.0,TRN-Other Material Moving Workers,0.0
Female,27.0,TRN-Other Material Moving Workers,0.0
Female,28.0,TRN-Other Material Moving Workers,0.0
Female,29.0,TRN-Other Material Moving Workers,0.0
Female,30.0,TRN-Other Material Moving Workers,0.0
Male,18.0,MIL-Military Officer Special And Tactical Operations Leaders,0.0
Male,19.0,MIL-Military Officer Special And Tactical Operations Leaders,0.0
Male,20.0,MIL-Military Officer Special And Tactical Operations Leaders,0.0
Male,21.0,MIL-Military Officer Special And Tactical Operations Leaders,0.0
Male,22.0,MIL-Military Officer Special And Tactical Operations Leaders,0.0
Male,23.0,MIL-Military Officer Special And Tactical Operations Leaders,0.0
Male,24.0,MIL-Military Officer Special And Tactical Operations Leaders,0.0
Male,25.0,MIL-Military Officer Special And Tactical Operations Leaders,111.0
Male,26.0,MIL-Military Officer Special And Tactical Operations Leaders,0.0
Male,27.0,MIL-Military Officer Special And Tactical Operations Leaders,0.0
Male,28.0,MIL-Military Officer Special And Tactical Operations Leaders,63.0
Male,29.0,MIL-Military Officer Special And Tactical Operations Leaders,62.0
Male,30.0,MIL-Military Officer Special And Tactical Operations Leaders,0.0
Female,18.0,MIL-Military Officer Special And Tactical Operations Leaders,0.0
Female,19.0,MIL-Military Officer Special And Tactical Operations Leaders,0.0
Female,20.0,MIL-Military Officer Special And Tactical Operations Leaders,0.0
Female,21.0,MIL-Military Officer Special And Tactical Operations Leaders,0.0
Female,22.0,MIL-Military Officer Special And Tactical Operations Leaders,0.0
Female,23.0,MIL-Military Officer Special And Tactical Operations Leaders,0.0
Female,24.0,MIL-Military Officer Special And Tactical Operations Leaders,0.0
Female,25.0,MIL-Military Officer Special And Tactical Operations Leaders,0.0
Female,26.0,MIL-Military Officer Special And Tactical Operations Leaders,0.0
Female,27.0,MIL-Military Officer Special And Tactical Operations Leaders,0.0
Female,28.0,MIL-Military Officer Special And Tactical Operations Leaders,0.0
Female,29.0,MIL-Military Officer Special And Tactical Operations Leaders,0.0
Female,30.0,MIL-Military Officer Special And Tactical Operations Leaders,0.0
Male,18.0,MIL-First-Line Enlisted Military Supervisors,0.0
Male,19.0,MIL-First-Line Enlisted Military Supervisors,0.0
Male,20.0,MIL-First-Line Enlisted Military Supervisors,0.0
Male,21.0,MIL-First-Line Enlisted Military Supervisors,0.0
Male,22.0,MIL-First-Line Enlisted Military Supervisors,0.0
Male,23.0,MIL-First-Line Enlisted Military Supervisors,79.0
Male,24.0,MIL-First-Line Enlisted Military Supervisors,0.0
Male,25.0,MIL-First-Line Enlisted Military Supervisors,0.0
Male,26.0,MIL-First-Line Enlisted Military Supervisors,0.0
Male,27.0,MIL-First-Line Enlisted Military Supervisors,42.0
Male,28.0,MIL-First-Line Enlisted Military Supervisors,0.0
Male,29.0,MIL-First-Line Enlisted Military Supervisors,0.0
Male,30.0,MIL-First-Line Enlisted Military Supervisors,0.0
Female,18.0,MIL-First-Line Enlisted Military Supervisors,0.0
Female,19.0,MIL-First-Line Enlisted Military Supervisors,0.0
Female,20.0,MIL-First-Line Enlisted Military Supervisors,0.0
Female,21.0,MIL-First-Line Enlisted Military Supervisors,0.0
Female,22.0,MIL-First-Line Enlisted Military Supervisors,0.0
Female,23.0,MIL-First-Line Enlisted Military Supervisors,0.0
Female,24.0,MIL-First-Line Enlisted Military Supervisors,0.0
Female,25.0,MIL-First-Line Enlisted Military Supervisors,0.0
Female,26.0,MIL-First-Line Enlisted Military Supervisors,0.0
Female,27.0,MIL-First-Line Enlisted Military Supervisors,0.0
Female,28.0,MIL-First-Line Enlisted Military Supervisors,0.0
Female,29.0,MIL-First-Line Enlisted Military Supervisors,0.0
Female,30.0,MIL-First-Line Enlisted Military Supervisors,0.0
Male,18.0,MIL-Military Enlisted Tactical Operations And Air/Weapons Specialists And Crew Members,60.0
Male,19.0,MIL-Military Enlisted Tactical Operations And Air/Weapons Specialists And Crew Members,393.0
Male,20.0,MIL-Military Enlisted Tactical Operations And Air/Weapons Specialists And Crew Members,135.0
Male,21.0,MIL-Military Enlisted Tactical Operations And Air/Weapons Specialists And Crew Members,20.0
Male,22.0,MIL-Military Enlisted Tactical Operations And Air/Weapons Specialists And Crew Members,62.0
Male,23.0,MIL-Military Enlisted Tactical Operations And Air/Weapons Specialists And Crew Members,19.0
Male,24.0,MIL-Military Enlisted Tactical Operations And Air/Weapons Specialists And Crew Members,438.0
Male,25.0,MIL-Military Enlisted Tactical Operations And Air/Weapons Specialists And Crew Members,9.0
Male,26.0,MIL-Military Enlisted Tactical Operations And Air/Weapons Specialists And Crew Members,0.0
Male,27.0,MIL-Military Enlisted Tactical Operations And Air/Weapons Specialists And Crew Members,0.0
Male,28.0,MIL-Military Enlisted Tactical Operations And Air/Weapons Specialists And Crew Members,0.0
Male,29.0,MIL-Military Enlisted Tactical Operations And Air/Weapons Specialists And Crew Members,0.0
Male,30.0,MIL-Military Enlisted Tactical Operations And Air/Weapons Specialists And Crew Members,0.0
Female,18.0,MIL-Military Enlisted Tactical Operations And Air/Weapons Specialists And Crew Members,0.0
Female,19.0,MIL-Military Enlisted Tactical Operations And Air/Weapons Specialists And Crew Members,0.0
Female,20.0,MIL-Military Enlisted Tactical Operations And Air/Weapons Specialists And Crew Members,0.0
Female,21.0,MIL-Military Enlisted Tactical Operations And Air/Weapons Specialists And Crew Members,0.0
Female,22.0,MIL-Military Enlisted Tactical Operations And Air/Weapons Specialists And Crew Members,205.0
Female,23.0,MIL-Military Enlisted Tactical Operations And Air/Weapons Specialists And Crew Members,0.0
Female,24.0,MIL-Military Enlisted Tactical Operations And Air/Weapons Specialists And Crew Members,0.0
Female,25.0,MIL-Military Enlisted Tactical Operations And Air/Weapons Specialists And Crew Members,0.0
Female,26.0,MIL-Military Enlisted Tactical Operations And Air/Weapons Specialists And Crew Members,0.0
Female,27.0,MIL-Military Enlisted Tactical Operations And Air/Weapons Specialists And Crew Members,0.0
Female,28.0,MIL-Military Enlisted Tactical Operations And Air/Weapons Specialists And Crew Members,0.0
Female,29.0,MIL-Military Enlisted Tactical Operations And Air/Weapons Specialists And Crew Members,0.0
Female,30.0,MIL-Military Enlisted Tactical Operations And Air/Weapons Specialists And Crew Members,0.0
Male,18.0,"MIL-Military, Rank Not Specified",0.0
Male,19.0,"MIL-Military, Rank Not Specified",135.0
Male,20.0,"MIL-Military, Rank Not Specified",209.0
Male,21.0,"MIL-Military, Rank Not Specified",11.0
Male,22.0,"MIL-Military, Rank Not Specified",117.0
Male,23.0,"MIL-Military, Rank Not Specified",88.0
Male,24.0,"MIL-Military, Rank Not Specified",0.0
Male,25.0,"MIL-Military, Rank Not Specified",0.0
Male,26.0,"MIL-Military, Rank Not Specified",0.0
Male,27.0,"MIL-Military, Rank Not Specified",0.0
Male,28.0,"MIL-Military, Rank Not Specified",0.0
Male,29.0,"MIL-Military, Rank Not Specified",0.0
Male,30.0,"MIL-Military, Rank Not Specified",0.0
Female,18.0,"MIL-Military, Rank Not Specified",0.0
Female,19.0,"MIL-Military, Rank Not Specified",0.0
Female,20.0,"MIL-Military, Rank Not Specified",205.0
Female,21.0,"MIL-Military, Rank Not Specified",0.0
Female,22.0,"MIL-Military, Rank Not Specified",0.0
Female,23.0,"MIL-Military, Rank Not Specified",0.0
Female,24.0,"MIL-Military, Rank Not Specified",0.0
Female,25.0,"MIL-Military, Rank Not Specified",93.0
Female,26.0,"MIL-Military, Rank Not Specified",0.0
Female,27.0,"MIL-Military, Rank Not Specified",0.0
Female,28.0,"MIL-Military, Rank Not Specified",0.0
Female,29.0,"MIL-Military, Rank Not Specified",0.0
Female,30.0,"MIL-Military, Rank Not Specified",52.0
Male,18.0,"Unemployed, With No Work Experience In The Last 5 Years Or Earlier Or Never Worked",1425.0
Male,19.0,"Unemployed, With No Work Experience In The Last 5 Years Or Earlier Or Never Worked",336.0
Male,20.0,"Unemployed, With No Work Experience In The Last 5 Years Or Earlier Or Never Worked",500.0
Male,21.0,"Unemployed, With No Work Experience In The Last 5 Years Or Earlier Or Never Worked",291.0
Male,22.0,"Unemployed, With No Work Experience In The Last 5 Years Or Earlier Or Never Worked",682.0
Male,23.0,"Unemployed, With No Work Experience In The Last 5 Years Or Earlier Or Never Worked",55.0
Male,24.0,"Unemployed, With No Work Experience In The Last 5 Years Or Earlier Or Never Worked",132.0
Male,25.0,"Unemployed, With No Work Experience In The Last 5 Years Or Earlier Or Never Worked",232.0
Male,26.0,"Unemployed, With No Work Experience In The Last 5 Years Or Earlier Or Never Worked",93.0
Male,27.0,"Unemployed, With No Work Experience In The Last 5 Years Or Earlier Or Never Worked",89.0
Male,28.0,"Unemployed, With No Work Experience In The Last 5 Years Or Earlier Or Never Worked",98.0
Male,29.0,"Unemployed, With No Work Experience In The Last 5 Years Or Earlier Or Never Worked",569.0
Male,30.0,"Unemployed, With No Work Experience In The Last 5 Years Or Earlier Or Never Worked",175.0
Female,18.0,"Unemployed, With No Work Experience In The Last 5 Years Or Earlier Or Never Worked",143.0
Female,19.0,"Unemployed, With No Work Experience In The Last 5 Years Or Earlier Or Never Worked",573.0
Female,20.0,"Unemployed, With No Work Experience In The Last 5 Years Or Earlier Or Never Worked",0.0
Female,21.0,"Unemployed, With No Work Experience In The Last 5 Years Or Earlier Or Never Worked",0.0
Female,22.0,"Unemployed, With No Work Experience In The Last 5 Years Or Earlier Or Never Worked",0.0
Female,23.0,"Unemployed, With No Work Experience In The Last 5 Years Or Earlier Or Never Worked",0.0
Female,24.0,"Unemployed, With No Work Experience In The Last 5 Years Or Earlier Or Never Worked",381.0
Female,25.0,"Unemployed, With No Work Experience In The Last 5 Years Or Earlier Or Never Worked",0.0
Female,26.0,"Unemployed, With No Work Experience In The Last 5 Years Or Earlier Or Never Worked",0.0
Female,27.0,"Unemployed, With No Work Experience In The Last 5 Years Or Earlier Or Never Worked",304.0
Female,28.0,"Unemployed, With No Work Experience In The Last 5 Years Or Earlier Or Never Worked",116.0
Female,29.0,"Unemployed, With No Work Experience In The Last 5 Years Or Earlier Or Never Worked",0.0
Female,30.0,"Unemployed, With No Work Experience In The Last 5 Years Or Earlier Or Never Worked",0.0
Male,18.0,N/A (less than 16 years old/NILF who last worked more than 5 years ago or never worked),7752.0
Male,19.0,N/A (less than 16 years old/NILF who last worked more than 5 years ago or never worked),4366.0
Male,20.0,N/A (less than 16 years old/NILF who last worked more than 5 years ago or never worked),2972.0
Male,21.0,N/A (less than 16 years old/NILF who last worked more than 5 years ago or never worked),2367.0
Male,22.0,N/A (less than 16 years old/NILF who last worked more than 5 years ago or never worked),1284.0
Male,23.0,N/A (less than 16 years old/NILF who last worked more than 5 years ago or never worked),3215.0
Male,24.0,N/A (less than 16 years old/NILF who last worked more than 5 years ago or never worked),2093.0
Male,25.0,N/A (less than 16 years old/NILF who last worked more than 5 years ago or never worked),1313.0
Male,26.0,N/A (less than 16 years old/NILF who last worked more than 5 years ago or never worked),885.0
Male,27.0,N/A (less than 16 years old/NILF who last worked more than 5 years ago or never worked),1175.0
Male,28.0,N/A (less than 16 years old/NILF who last worked more than 5 years ago or never worked),1004.0
Male,29.0,N/A (less than 16 years old/NILF who last worked more than 5 years ago or never worked),1208.0
Male,30.0,N/A (less than 16 years old/NILF who last worked more than 5 years ago or never worked),1602.0
Female,18.0,N/A (less than 16 years old/NILF who last worked more than 5 years ago or never worked),5912.0
Female,19.0,N/A (less than 16 years old/NILF who last worked more than 5 years ago or never worked),3398.0
Female,20.0,N/A (less than 16 years old/NILF who last worked more than 5 years ago or never worked),4326.0
Female,21.0,N/A (less than 16 years old/NILF who last worked more than 5 years ago or never worked),4134.0
Female,22.0,N/A (less than 16 years old/NILF who last worked more than 5 years ago or never worked),2154.0
Female,23.0,N/A (less than 16 years old/NILF who last worked more than 5 years ago or never worked),2209.0
Female,24.0,N/A (less than 16 years old/NILF who last worked more than 5 years ago or never worked),2797.0
Female,25.0,N/A (less than 16 years old/NILF who last worked more than 5 years ago or never worked),2057.0
Female,26.0,N/A (less than 16 years old/NILF who last worked more than 5 years ago or never worked),892.0
Female,27.0,N/A (less than 16 years old/NILF who last worked more than 5 years ago or never worked),1357.0
Female,28.0,N/A (less than 16 years old/NILF who last worked more than 5 years ago or never worked),1362.0
Female,29.0,N/A (less than 16 years old/NILF who last worked more than 5 years ago or never worked),880.0
Female,30.0,N/A (less than 16 years old/NILF who last worked more than 5 years ago or never worked),1461.0
